15:53:17 [INFO    ] MAIN         - ======================================================================
15:53:17 [INFO    ] MAIN         -   PIPELINE v7: TARIFF x TRADE x GREEN -> GDP GROWTH
15:53:17 [INFO    ] MAIN         -   3 RESEARCH PILLARS: THEORY | EVIDENCE | POLICY
15:53:17 [INFO    ] MAIN         -   Models: OLS-HAC + GLSAR + Ridge Bootstrap
15:53:17 [INFO    ] MAIN         -   Tests: ADF/KPSS + Engle-Granger + Chow
15:53:17 [INFO    ] MAIN         -   Countries: ['VN', 'US', 'CN'] | 2018Q1-2025Q4 (n=32)
15:53:17 [INFO    ] MAIN         -   Validation: 2026Q1-Q2 | Final forecast: 2026Q3-Q4
15:53:17 [INFO    ] MAIN         -   Cache dir : C:\Users\DELL\Documents\Storage\Github\NCKH\cache_v7 (API responses)
15:53:17 [INFO    ] MAIN         -   Input dir : C:\Users\DELL\Documents\Storage\Github\NCKH\inputs_v7 (quarterly CSVs per country)
15:53:17 [INFO    ] MAIN         - ======================================================================
15:53:17 [INFO    ] MAIN         - 
[PHASE 1] API Data Collection
15:53:17 [INFO    ] MAIN         - [API] Starting multi-source data collection (cache-first, 5 retries per endpoint)
15:53:17 [INFO    ] MAIN         - [API] IMF DataMapper - GDP growth (NGDP_RPCH)
15:53:17 [DEBUG   ] urllib3.connectionpool - Starting new HTTPS connection (1): www.imf.org:443
15:53:17 [DEBUG   ] urllib3.connectionpool - https://www.imf.org:443 "GET /external/datamapper/api/v1/NGDP_RPCH/VNM/USA/CHN HTTP/1.1" 403 445
15:53:17 [DEBUG   ] MAIN         - [API] IMF/NGDP_RPCH HTTP 403 (attempt 1)
15:53:19 [DEBUG   ] urllib3.connectionpool - Starting new HTTPS connection (1): www.imf.org:443
15:53:19 [DEBUG   ] urllib3.connectionpool - https://www.imf.org:443 "GET /external/datamapper/api/v1/NGDP_RPCH/VNM/USA/CHN HTTP/1.1" 403 445
15:53:19 [DEBUG   ] MAIN         - [API] IMF/NGDP_RPCH HTTP 403 (attempt 2)
15:53:20 [DEBUG   ] urllib3.connectionpool - Starting new HTTPS connection (1): www.imf.org:443
15:53:21 [DEBUG   ] urllib3.connectionpool - https://www.imf.org:443 "GET /external/datamapper/api/v1/NGDP_RPCH/VNM/USA/CHN HTTP/1.1" 403 445
15:53:21 [DEBUG   ] MAIN         - [API] IMF/NGDP_RPCH HTTP 403 (attempt 3)
15:53:22 [DEBUG   ] urllib3.connectionpool - Starting new HTTPS connection (1): www.imf.org:443
15:53:23 [DEBUG   ] urllib3.connectionpool - https://www.imf.org:443 "GET /external/datamapper/api/v1/NGDP_RPCH/VNM/USA/CHN HTTP/1.1" 403 445
15:53:23 [DEBUG   ] MAIN         - [API] IMF/NGDP_RPCH HTTP 403 (attempt 4)
15:53:24 [DEBUG   ] urllib3.connectionpool - Starting new HTTPS connection (1): www.imf.org:443
15:53:24 [DEBUG   ] urllib3.connectionpool - https://www.imf.org:443 "GET /external/datamapper/api/v1/NGDP_RPCH/VNM/USA/CHN HTTP/1.1" 403 443
15:53:24 [DEBUG   ] MAIN         - [API] IMF/NGDP_RPCH HTTP 403 (attempt 5)
15:53:24 [INFO    ] MAIN         - [API] IMF DataMapper - CPI (PCPIEPCH)
15:53:24 [DEBUG   ] urllib3.connectionpool - Starting new HTTPS connection (1): www.imf.org:443
15:53:25 [DEBUG   ] urllib3.connectionpool - https://www.imf.org:443 "GET /external/datamapper/api/v1/PCPIEPCH/VNM/USA/CHN HTTP/1.1" 403 440
15:53:25 [DEBUG   ] MAIN         - [API] IMF/PCPIEPCH HTTP 403 (attempt 1)
15:53:26 [DEBUG   ] urllib3.connectionpool - Starting new HTTPS connection (1): www.imf.org:443
15:53:26 [DEBUG   ] urllib3.connectionpool - https://www.imf.org:443 "GET /external/datamapper/api/v1/PCPIEPCH/VNM/USA/CHN HTTP/1.1" 403 438
15:53:26 [DEBUG   ] MAIN         - [API] IMF/PCPIEPCH HTTP 403 (attempt 2)
15:53:28 [DEBUG   ] urllib3.connectionpool - Starting new HTTPS connection (1): www.imf.org:443
15:53:28 [DEBUG   ] urllib3.connectionpool - https://www.imf.org:443 "GET /external/datamapper/api/v1/PCPIEPCH/VNM/USA/CHN HTTP/1.1" 403 438
15:53:28 [DEBUG   ] MAIN         - [API] IMF/PCPIEPCH HTTP 403 (attempt 3)
15:53:30 [DEBUG   ] urllib3.connectionpool - Starting new HTTPS connection (1): www.imf.org:443
15:53:30 [DEBUG   ] urllib3.connectionpool - https://www.imf.org:443 "GET /external/datamapper/api/v1/PCPIEPCH/VNM/USA/CHN HTTP/1.1" 403 438
15:53:30 [DEBUG   ] MAIN         - [API] IMF/PCPIEPCH HTTP 403 (attempt 4)
15:53:31 [DEBUG   ] urllib3.connectionpool - Starting new HTTPS connection (1): www.imf.org:443
15:53:32 [DEBUG   ] urllib3.connectionpool - https://www.imf.org:443 "GET /external/datamapper/api/v1/PCPIEPCH/VNM/USA/CHN HTTP/1.1" 403 440
15:53:32 [DEBUG   ] MAIN         - [API] IMF/PCPIEPCH HTTP 403 (attempt 5)
15:53:32 [INFO    ] MAIN         - [API] World Bank - NY.GDP.MKTP.KD.ZG
15:53:32 [DEBUG   ] urllib3.connectionpool - Starting new HTTPS connection (1): api.worldbank.org:443
15:53:32 [DEBUG   ] urllib3.connectionpool - https://api.worldbank.org:443 "GET /v2/en/indicator/NY.GDP.MKTP.KD.ZG?locations=VNM&format=json&date=2018%3A2025&per_page=100 HTTP/1.1" 200 None
15:53:32 [DEBUG   ] urllib3.connectionpool - Starting new HTTPS connection (1): api.worldbank.org:443
15:53:32 [DEBUG   ] urllib3.connectionpool - https://api.worldbank.org:443 "GET /v2/en/indicator/NY.GDP.MKTP.KD.ZG?locations=USA&format=json&date=2018%3A2025&per_page=100 HTTP/1.1" 200 None
15:53:32 [DEBUG   ] urllib3.connectionpool - Starting new HTTPS connection (1): api.worldbank.org:443
15:53:33 [DEBUG   ] urllib3.connectionpool - https://api.worldbank.org:443 "GET /v2/en/indicator/NY.GDP.MKTP.KD.ZG?locations=CHN&format=json&date=2018%3A2025&per_page=100 HTTP/1.1" 200 None
15:53:33 [INFO    ] MAIN         - [API] World Bank - NE.TRD.GNFS.ZS
15:53:33 [DEBUG   ] urllib3.connectionpool - Starting new HTTPS connection (1): api.worldbank.org:443
15:53:33 [DEBUG   ] urllib3.connectionpool - https://api.worldbank.org:443 "GET /v2/en/indicator/NE.TRD.GNFS.ZS?locations=VNM&format=json&date=2018%3A2025&per_page=100 HTTP/1.1" 200 None
15:53:33 [DEBUG   ] urllib3.connectionpool - Starting new HTTPS connection (1): api.worldbank.org:443
15:53:34 [DEBUG   ] urllib3.connectionpool - https://api.worldbank.org:443 "GET /v2/en/indicator/NE.TRD.GNFS.ZS?locations=USA&format=json&date=2018%3A2025&per_page=100 HTTP/1.1" 200 None
15:53:34 [DEBUG   ] urllib3.connectionpool - Starting new HTTPS connection (1): api.worldbank.org:443
15:53:34 [DEBUG   ] urllib3.connectionpool - https://api.worldbank.org:443 "GET /v2/en/indicator/NE.TRD.GNFS.ZS?locations=CHN&format=json&date=2018%3A2025&per_page=100 HTTP/1.1" 200 None
15:53:34 [INFO    ] MAIN         - [API] World Bank - EG.FEC.RNEW.ZS
15:53:34 [DEBUG   ] urllib3.connectionpool - Starting new HTTPS connection (1): api.worldbank.org:443
15:53:35 [DEBUG   ] urllib3.connectionpool - https://api.worldbank.org:443 "GET /v2/en/indicator/EG.FEC.RNEW.ZS?locations=VNM&format=json&date=2018%3A2025&per_page=100 HTTP/1.1" 200 None
15:53:35 [DEBUG   ] urllib3.connectionpool - Starting new HTTPS connection (1): api.worldbank.org:443
15:53:35 [DEBUG   ] urllib3.connectionpool - https://api.worldbank.org:443 "GET /v2/en/indicator/EG.FEC.RNEW.ZS?locations=USA&format=json&date=2018%3A2025&per_page=100 HTTP/1.1" 200 None
15:53:35 [DEBUG   ] urllib3.connectionpool - Starting new HTTPS connection (1): api.worldbank.org:443
15:53:36 [DEBUG   ] urllib3.connectionpool - https://api.worldbank.org:443 "GET /v2/en/indicator/EG.FEC.RNEW.ZS?locations=CHN&format=json&date=2018%3A2025&per_page=100 HTTP/1.1" 200 None
15:53:36 [INFO    ] MAIN         - [API] World Bank - FP.CPI.TOTL.ZG
15:53:36 [DEBUG   ] urllib3.connectionpool - Starting new HTTPS connection (1): api.worldbank.org:443
15:53:36 [DEBUG   ] urllib3.connectionpool - https://api.worldbank.org:443 "GET /v2/en/indicator/FP.CPI.TOTL.ZG?locations=VNM&format=json&date=2018%3A2025&per_page=100 HTTP/1.1" 200 None
15:53:36 [DEBUG   ] urllib3.connectionpool - Starting new HTTPS connection (1): api.worldbank.org:443
15:53:37 [DEBUG   ] urllib3.connectionpool - https://api.worldbank.org:443 "GET /v2/en/indicator/FP.CPI.TOTL.ZG?locations=USA&format=json&date=2018%3A2025&per_page=100 HTTP/1.1" 200 None
15:53:37 [DEBUG   ] urllib3.connectionpool - Starting new HTTPS connection (1): api.worldbank.org:443
15:53:37 [DEBUG   ] urllib3.connectionpool - https://api.worldbank.org:443 "GET /v2/en/indicator/FP.CPI.TOTL.ZG?locations=CHN&format=json&date=2018%3A2025&per_page=100 HTTP/1.1" 200 None
15:53:37 [INFO    ] MAIN         - [API] Alpha Vantage - US Real GDP quarterly
15:53:37 [DEBUG   ] urllib3.connectionpool - Starting new HTTPS connection (1): www.alphavantage.co:443
15:53:38 [DEBUG   ] urllib3.connectionpool - https://www.alphavantage.co:443 "GET /query?function=REAL_GDP&interval=quarterly&apikey=J05UAUG2CLN6BPP4 HTTP/1.1" 200 None
15:53:38 [INFO    ] MAIN         - [AV] REAL_GDP: 93 quarters OK
15:53:38 [DEBUG   ] MAIN         - [CACHE] Saved av_gdp -> av_gdp.json
15:53:38 [INFO    ] MAIN         - [API] FRED - Federal Funds Rate
15:53:38 [DEBUG   ] urllib3.connectionpool - Starting new HTTPS connection (1): fred.stlouisfed.org:443
15:53:38 [DEBUG   ] urllib3.connectionpool - https://fred.stlouisfed.org:443 "GET /graph/fredgraph.csv?id=FEDFUNDS HTTP/1.1" 200 13895
15:53:38 [DEBUG   ] charset_normalizer - Encoding detection: ascii is most likely the one.
15:53:38 [INFO    ] MAIN         - [API] FRED - US Real GDP growth QoQ annualized
15:53:38 [DEBUG   ] urllib3.connectionpool - Starting new HTTPS connection (1): fred.stlouisfed.org:443
15:53:39 [DEBUG   ] urllib3.connectionpool - https://fred.stlouisfed.org:443 "GET /graph/fredgraph.csv?id=A191RL1Q225SBEA HTTP/1.1" 200 4831
15:53:39 [DEBUG   ] charset_normalizer - Encoding detection: ascii is most likely the one.
15:53:39 [INFO    ] MAIN         - [API] Loaded 1 source(s): ['av_gdp']
15:53:39 [INFO    ] MAIN         - 
[PHASE 2] Per-country Statistical Pipeline
15:53:39 [INFO    ] MAIN         - 
--- [VN] Starting pipeline ---
15:53:39 [INFO    ] PIPELINE     - [VN] Building quarterly dataset...
15:53:39 [INFO    ] DATA         - [VN] Dataset: 32 obs | GDP [-3.78, 8.57] | MFN [8.08, 9.48] | Ren [36.1, 52.6] | Trade [122.0, 223.1]
15:53:39 [INFO    ] DATA         - [INPUT] Saved VN quarterly data -> VN_quarterly.csv
15:53:39 [INFO    ] PIPELINE     - [VN] ADF + KPSS stationarity tests...
15:53:39 [INFO    ] STATTEST     - [VN] Stationarity: 9 vars | I(0)=5 | I(1)=3
15:53:39 [INFO    ] PIPELINE     - [VN] Engle-Granger cointegration tests...
15:53:39 [INFO    ] PIPELINE     - [VN] Building ARDL(1) design matrix...
15:53:39 [INFO    ] VIF          - [VIF] Drop 'prate' (VIF=5.85)
15:53:39 [INFO    ] DESIGN       - [VN] VIF/corr pruned: ['prate']
15:53:39 [WARNING ] DESIGN       - [VN] EPV=4.4 < 10 (n=31, k=7) - interpret conservatively
15:53:39 [INFO    ] DESIGN       - [VN] Final VIF max=2.39 (below threshold 5.0)
15:53:39 [INFO    ] PIPELINE     - [VN] Final VIF max=2.39
15:53:39 [INFO    ] PIPELINE     - [VN] Estimating OLS-HAC (n=31, k=7)...
15:53:39 [INFO    ] PIPELINE     - [VN] OLS R2=0.8529, adj-R2=0.8161, DW=1.8163
15:53:39 [INFO    ] PIPELINE     - [VN] Estimating GLSAR AR(1)...
15:53:39 [INFO    ] PIPELINE     - [VN] GLSAR rho=0.0884, R2=0.8522
15:53:39 [INFO    ] PIPELINE     - [VN] Ridge Bootstrap (500 iterations)...
15:53:39 [INFO    ] RIDGE        - [VN] Ridge lambda*=7.3182, R2(std)=0.8057
15:55:46 [INFO    ] PIPELINE     - [VN] H4 marginal effect + Johnson-Neyman...
15:55:46 [INFO    ] H4           - [VN] H4 ME: low=+4.5447, mean=+5.8838, high=+7.2228
15:55:46 [INFO    ] H4           - [VN] J-N threshold: 26.4% | When renewable > 26.4%: tariff effect turns POSITIVE -> green transiti
15:55:46 [INFO    ] PIPELINE     - [VN] Hold-out backtest (2025Q1-Q4)...
15:55:46 [INFO    ] BACKTEST     - [BACKTEST] RMSE=9.5982 | MAE=8.3025 | MAPE=275.9% | in-RMSE=1.0048 | ratio=9.552 -> Heavy overfit
15:55:46 [INFO    ] PIPELINE     - [VN] Out-of-sample forecast 2026Q1-Q2...
15:55:46 [INFO    ] PIPELINE     - [VN] 2026Q1: fc=-7.72%, act=6.93, err=-14.6475, in_95CI=False
15:55:46 [INFO    ] PIPELINE     - [VN] 2026Q2: fc=-12.08%, act=7.1, err=-19.1823, in_95CI=False
15:55:46 [INFO    ] PIPELINE     - [VN] Final forecast 2026Q3-Q4 (horizon=1Q)...
15:55:46 [INFO    ] PIPELINE     - [VN] FC 2026Q3: 4.30% [1.84, 6.77]
15:55:46 [DEBUG   ] matplotlib.pyplot - Loaded backend Agg version v2.2.
15:55:46 [DEBUG   ] matplotlib.font_manager - findfont: Matching sans\-serif:style=normal:variant=normal:weight=normal:stretch=normal:size=9.5.
15:55:46 [DEBUG   ] matplotlib.font_manager - findfont: score(FontEntry(fname='C:\\Users\\DELL\\AppData\\Local\\Programs\\Python\\Python314\\Lib\\site-packages\\matplotlib\\mpl-data\\fonts\\ttf\\DejaVuSerif-Bold.ttf', name='DejaVu Serif', style='normal', variant='normal', weight=700, stretch='normal', size='scalable')) = 10.335
15:55:46 [DEBUG   ] matplotlib.font_manager - findfont: score(FontEntry(fname='C:\\Users\\DELL\\AppData\\Local\\Programs\\Python\\Python314\\Lib\\site-packages\\matplotlib\\mpl-data\\fonts\\ttf\\STIXSizFourSymBol.ttf', name='STIXSizeFourSym', style='normal', variant='normal', weight=700, stretch='normal', size='scalable')) = 10.335
15:55:46 [DEBUG   ] matplotlib.font_manager - findfont: score(FontEntry(fname='C:\\Users\\DELL\\AppData\\Local\\Programs\\Python\\Python314\\Lib\\site-packages\\matplotlib\\mpl-data\\fonts\\ttf\\STIXSizThreeSymReg.ttf', name='STIXSizeThreeSym', style='normal', variant='normal', weight=400, stretch='normal', size='scalable')) = 10.05
15:55:46 [DEBUG   ] matplotlib.font_manager - findfont: score(FontEntry(fname='C:\\Users\\DELL\\AppData\\Local\\Programs\\Python\\Python314\\Lib\\site-packages\\matplotlib\\mpl-data\\fonts\\ttf\\DejaVuSansMono.ttf', name='DejaVu Sans Mono', style='normal', variant='normal', weight=400, stretch='normal', size='scalable')) = 10.05
15:55:46 [DEBUG   ] matplotlib.font_manager - findfont: score(FontEntry(fname='C:\\Users\\DELL\\AppData\\Local\\Programs\\Python\\Python314\\Lib\\site-packages\\matplotlib\\mpl-data\\fonts\\ttf\\cmmi10.ttf', name='cmmi10', style='normal', variant='normal', weight=400, stretch='normal', size='scalable')) = 10.05
15:55:46 [DEBUG   ] matplotlib.font_manager - findfont: score(FontEntry(fname='C:\\Users\\DELL\\AppData\\Local\\Programs\\Python\\Python314\\Lib\\site-packages\\matplotlib\\mpl-data\\fonts\\ttf\\STIXNonUniIta.ttf', name='STIXNonUnicode', style='italic', variant='normal', weight=400, stretch='normal', size='scalable')) = 11.05
15:55:46 [DEBUG   ] matplotlib.font_manager - findfont: score(FontEntry(fname='C:\\Users\\DELL\\AppData\\Local\\Programs\\Python\\Python314\\Lib\\site-packages\\matplotlib\\mpl-data\\fonts\\ttf\\STIXSizTwoSymReg.ttf', name='STIXSizeTwoSym', style='normal', variant='normal', weight=400, stretch='normal', size='scalable')) = 10.05
15:55:46 [DEBUG   ] matplotlib.font_manager - findfont: score(FontEntry(fname='C:\\Users\\DELL\\AppData\\Local\\Programs\\Python\\Python314\\Lib\\site-packages\\matplotlib\\mpl-data\\fonts\\ttf\\DejaVuSans.ttf', name='DejaVu Sans', style='normal', variant='normal', weight=400, stretch='normal', size='scalable')) = 0.05
15:55:46 [DEBUG   ] matplotlib.font_manager - findfont: score(FontEntry(fname='C:\\Users\\DELL\\AppData\\Local\\Programs\\Python\\Python314\\Lib\\site-packages\\matplotlib\\mpl-data\\fonts\\ttf\\DejaVuSansMono-BoldOblique.ttf', name='DejaVu Sans Mono', style='oblique', variant='normal', weight=700, stretch='normal', size='scalable')) = 11.335
15:55:46 [DEBUG   ] matplotlib.font_manager - findfont: score(FontEntry(fname='C:\\Users\\DELL\\AppData\\Local\\Programs\\Python\\Python314\\Lib\\site-packages\\matplotlib\\mpl-data\\fonts\\ttf\\STIXGeneralBol.ttf', name='STIXGeneral', style='normal', variant='normal', weight=700, stretch='normal', size='scalable')) = 10.335
15:55:46 [DEBUG   ] matplotlib.font_manager - findfont: score(FontEntry(fname='C:\\Users\\DELL\\AppData\\Local\\Programs\\Python\\Python314\\Lib\\site-packages\\matplotlib\\mpl-data\\fonts\\ttf\\cmb10.ttf', name='cmb10', style='normal', variant='normal', weight=400, stretch='normal', size='scalable')) = 10.05
15:55:46 [DEBUG   ] matplotlib.font_manager - findfont: score(FontEntry(fname='C:\\Users\\DELL\\AppData\\Local\\Programs\\Python\\Python314\\Lib\\site-packages\\matplotlib\\mpl-data\\fonts\\ttf\\STIXGeneralBolIta.ttf', name='STIXGeneral', style='italic', variant='normal', weight=700, stretch='normal', size='scalable')) = 11.335
15:55:46 [DEBUG   ] matplotlib.font_manager - findfont: score(FontEntry(fname='C:\\Users\\DELL\\AppData\\Local\\Programs\\Python\\Python314\\Lib\\site-packages\\matplotlib\\mpl-data\\fonts\\ttf\\DejaVuSansMono-Oblique.ttf', name='DejaVu Sans Mono', style='oblique', variant='normal', weight=400, stretch='normal', size='scalable')) = 11.05
15:55:46 [DEBUG   ] matplotlib.font_manager - findfont: score(FontEntry(fname='C:\\Users\\DELL\\AppData\\Local\\Programs\\Python\\Python314\\Lib\\site-packages\\matplotlib\\mpl-data\\fonts\\ttf\\STIXSizFourSymReg.ttf', name='STIXSizeFourSym', style='normal', variant='normal', weight=400, stretch='normal', size='scalable')) = 10.05
15:55:46 [DEBUG   ] matplotlib.font_manager - findfont: score(FontEntry(fname='C:\\Users\\DELL\\AppData\\Local\\Programs\\Python\\Python314\\Lib\\site-packages\\matplotlib\\mpl-data\\fonts\\ttf\\STIXSizThreeSymBol.ttf', name='STIXSizeThreeSym', style='normal', variant='normal', weight=700, stretch='normal', size='scalable')) = 10.335
15:55:46 [DEBUG   ] matplotlib.font_manager - findfont: score(FontEntry(fname='C:\\Users\\DELL\\AppData\\Local\\Programs\\Python\\Python314\\Lib\\site-packages\\matplotlib\\mpl-data\\fonts\\ttf\\cmtt10.ttf', name='cmtt10', style='normal', variant='normal', weight=400, stretch='normal', size='scalable')) = 10.05
15:55:46 [DEBUG   ] matplotlib.font_manager - findfont: score(FontEntry(fname='C:\\Users\\DELL\\AppData\\Local\\Programs\\Python\\Python314\\Lib\\site-packages\\matplotlib\\mpl-data\\fonts\\ttf\\cmr10.ttf', name='cmr10', style='normal', variant='normal', weight=400, stretch='normal', size='scalable')) = 10.05
15:55:46 [DEBUG   ] matplotlib.font_manager - findfont: score(FontEntry(fname='C:\\Users\\DELL\\AppData\\Local\\Programs\\Python\\Python314\\Lib\\site-packages\\matplotlib\\mpl-data\\fonts\\ttf\\STIXSizFiveSymReg.ttf', name='STIXSizeFiveSym', style='normal', variant='normal', weight=400, stretch='normal', size='scalable')) = 10.05
15:55:46 [DEBUG   ] matplotlib.font_manager - findfont: score(FontEntry(fname='C:\\Users\\DELL\\AppData\\Local\\Programs\\Python\\Python314\\Lib\\site-packages\\matplotlib\\mpl-data\\fonts\\ttf\\cmsy10.ttf', name='cmsy10', style='normal', variant='normal', weight=400, stretch='normal', size='scalable')) = 10.05
15:55:46 [DEBUG   ] matplotlib.font_manager - findfont: score(FontEntry(fname='C:\\Users\\DELL\\AppData\\Local\\Programs\\Python\\Python314\\Lib\\site-packages\\matplotlib\\mpl-data\\fonts\\ttf\\DejaVuSansDisplay.ttf', name='DejaVu Sans Display', style='normal', variant='normal', weight=400, stretch='normal', size='scalable')) = 10.05
15:55:46 [DEBUG   ] matplotlib.font_manager - findfont: score(FontEntry(fname='C:\\Users\\DELL\\AppData\\Local\\Programs\\Python\\Python314\\Lib\\site-packages\\matplotlib\\mpl-data\\fonts\\ttf\\DejaVuSansMono-Bold.ttf', name='DejaVu Sans Mono', style='normal', variant='normal', weight=700, stretch='normal', size='scalable')) = 10.335
15:55:46 [DEBUG   ] matplotlib.font_manager - findfont: score(FontEntry(fname='C:\\Users\\DELL\\AppData\\Local\\Programs\\Python\\Python314\\Lib\\site-packages\\matplotlib\\mpl-data\\fonts\\ttf\\DejaVuSerifDisplay.ttf', name='DejaVu Serif Display', style='normal', variant='normal', weight=400, stretch='normal', size='scalable')) = 10.05
15:55:46 [DEBUG   ] matplotlib.font_manager - findfont: score(FontEntry(fname='C:\\Users\\DELL\\AppData\\Local\\Programs\\Python\\Python314\\Lib\\site-packages\\matplotlib\\mpl-data\\fonts\\ttf\\STIXSizOneSymBol.ttf', name='STIXSizeOneSym', style='normal', variant='normal', weight=700, stretch='normal', size='scalable')) = 10.335
15:55:46 [DEBUG   ] matplotlib.font_manager - findfont: score(FontEntry(fname='C:\\Users\\DELL\\AppData\\Local\\Programs\\Python\\Python314\\Lib\\site-packages\\matplotlib\\mpl-data\\fonts\\ttf\\STIXNonUniBol.ttf', name='STIXNonUnicode', style='normal', variant='normal', weight=700, stretch='normal', size='scalable')) = 10.335
15:55:46 [DEBUG   ] matplotlib.font_manager - findfont: score(FontEntry(fname='C:\\Users\\DELL\\AppData\\Local\\Programs\\Python\\Python314\\Lib\\site-packages\\matplotlib\\mpl-data\\fonts\\ttf\\DejaVuSans-BoldOblique.ttf', name='DejaVu Sans', style='oblique', variant='normal', weight=700, stretch='normal', size='scalable')) = 1.335
15:55:46 [DEBUG   ] matplotlib.font_manager - findfont: score(FontEntry(fname='C:\\Users\\DELL\\AppData\\Local\\Programs\\Python\\Python314\\Lib\\site-packages\\matplotlib\\mpl-data\\fonts\\ttf\\STIXNonUniBolIta.ttf', name='STIXNonUnicode', style='italic', variant='normal', weight=700, stretch='normal', size='scalable')) = 11.335
15:55:46 [DEBUG   ] matplotlib.font_manager - findfont: score(FontEntry(fname='C:\\Users\\DELL\\AppData\\Local\\Programs\\Python\\Python314\\Lib\\site-packages\\matplotlib\\mpl-data\\fonts\\ttf\\DejaVuSerif-Italic.ttf', name='DejaVu Serif', style='italic', variant='normal', weight=400, stretch='normal', size='scalable')) = 11.05
15:55:46 [DEBUG   ] matplotlib.font_manager - findfont: score(FontEntry(fname='C:\\Users\\DELL\\AppData\\Local\\Programs\\Python\\Python314\\Lib\\site-packages\\matplotlib\\mpl-data\\fonts\\ttf\\cmex10.ttf', name='cmex10', style='normal', variant='normal', weight=400, stretch='normal', size='scalable')) = 10.05
15:55:46 [DEBUG   ] matplotlib.font_manager - findfont: score(FontEntry(fname='C:\\Users\\DELL\\AppData\\Local\\Programs\\Python\\Python314\\Lib\\site-packages\\matplotlib\\mpl-data\\fonts\\ttf\\cmss10.ttf', name='cmss10', style='normal', variant='normal', weight=400, stretch='normal', size='scalable')) = 10.05
15:55:46 [DEBUG   ] matplotlib.font_manager - findfont: score(FontEntry(fname='C:\\Users\\DELL\\AppData\\Local\\Programs\\Python\\Python314\\Lib\\site-packages\\matplotlib\\mpl-data\\fonts\\ttf\\DejaVuSans-Bold.ttf', name='DejaVu Sans', style='normal', variant='normal', weight=700, stretch='normal', size='scalable')) = 0.33499999999999996
15:55:46 [DEBUG   ] matplotlib.font_manager - findfont: score(FontEntry(fname='C:\\Users\\DELL\\AppData\\Local\\Programs\\Python\\Python314\\Lib\\site-packages\\matplotlib\\mpl-data\\fonts\\ttf\\DejaVuSans-Oblique.ttf', name='DejaVu Sans', style='oblique', variant='normal', weight=400, stretch='normal', size='scalable')) = 1.05
15:55:46 [DEBUG   ] matplotlib.font_manager - findfont: score(FontEntry(fname='C:\\Users\\DELL\\AppData\\Local\\Programs\\Python\\Python314\\Lib\\site-packages\\matplotlib\\mpl-data\\fonts\\ttf\\STIXSizOneSymReg.ttf', name='STIXSizeOneSym', style='normal', variant='normal', weight=400, stretch='normal', size='scalable')) = 10.05
15:55:46 [DEBUG   ] matplotlib.font_manager - findfont: score(FontEntry(fname='C:\\Users\\DELL\\AppData\\Local\\Programs\\Python\\Python314\\Lib\\site-packages\\matplotlib\\mpl-data\\fonts\\ttf\\DejaVuSerif-BoldItalic.ttf', name='DejaVu Serif', style='italic', variant='normal', weight=700, stretch='normal', size='scalable')) = 11.335
15:55:46 [DEBUG   ] matplotlib.font_manager - findfont: score(FontEntry(fname='C:\\Users\\DELL\\AppData\\Local\\Programs\\Python\\Python314\\Lib\\site-packages\\matplotlib\\mpl-data\\fonts\\ttf\\STIXNonUni.ttf', name='STIXNonUnicode', style='normal', variant='normal', weight=400, stretch='normal', size='scalable')) = 10.05
15:55:46 [DEBUG   ] matplotlib.font_manager - findfont: score(FontEntry(fname='C:\\Users\\DELL\\AppData\\Local\\Programs\\Python\\Python314\\Lib\\site-packages\\matplotlib\\mpl-data\\fonts\\ttf\\DejaVuSerif.ttf', name='DejaVu Serif', style='normal', variant='normal', weight=400, stretch='normal', size='scalable')) = 10.05
15:55:46 [DEBUG   ] matplotlib.font_manager - findfont: score(FontEntry(fname='C:\\Users\\DELL\\AppData\\Local\\Programs\\Python\\Python314\\Lib\\site-packages\\matplotlib\\mpl-data\\fonts\\ttf\\STIXGeneral.ttf', name='STIXGeneral', style='normal', variant='normal', weight=400, stretch='normal', size='scalable')) = 10.05
15:55:46 [DEBUG   ] matplotlib.font_manager - findfont: score(FontEntry(fname='C:\\Users\\DELL\\AppData\\Local\\Programs\\Python\\Python314\\Lib\\site-packages\\matplotlib\\mpl-data\\fonts\\ttf\\STIXGeneralItalic.ttf', name='STIXGeneral', style='italic', variant='normal', weight=400, stretch='normal', size='scalable')) = 11.05
15:55:46 [DEBUG   ] matplotlib.font_manager - findfont: score(FontEntry(fname='C:\\Users\\DELL\\AppData\\Local\\Programs\\Python\\Python314\\Lib\\site-packages\\matplotlib\\mpl-data\\fonts\\ttf\\STIXSizTwoSymBol.ttf', name='STIXSizeTwoSym', style='normal', variant='normal', weight=700, stretch='normal', size='scalable')) = 10.335
15:55:46 [DEBUG   ] matplotlib.font_manager - findfont: score(FontEntry(fname='C:\\Windows\\Fonts\\GOUDOSB.TTF', name='Goudy Old Style', style='normal', variant='normal', weight=700, stretch='normal', size='scalable')) = 10.335
15:55:46 [DEBUG   ] matplotlib.font_manager - findfont: score(FontEntry(fname='C:\\Windows\\Fonts\\GLECB.TTF', name='Gloucester MT Extra Condensed', style='normal', variant='normal', weight=400, stretch='condensed', size='scalable')) = 10.25
15:55:46 [DEBUG   ] matplotlib.font_manager - findfont: score(FontEntry(fname='C:\\Windows\\Fonts\\COLONNA.TTF', name='Colonna MT', style='normal', variant='normal', weight=400, stretch='normal', size='scalable')) = 10.05
15:55:46 [DEBUG   ] matplotlib.font_manager - findfont: score(FontEntry(fname='C:\\Windows\\Fonts\\CENTURY.TTF', name='Century', style='normal', variant='normal', weight=400, stretch='normal', size='scalable')) = 10.05
15:55:46 [DEBUG   ] matplotlib.font_manager - findfont: score(FontEntry(fname='C:\\Windows\\Fonts\\constani.ttf', name='Constantia', style='italic', variant='normal', weight=400, stretch='normal', size='scalable')) = 11.05
15:55:46 [DEBUG   ] matplotlib.font_manager - findfont: score(FontEntry(fname='C:\\Windows\\Fonts\\gadugi.ttf', name='Gadugi', style='normal', variant='normal', weight=400, stretch='normal', size='scalable')) = 10.05
15:55:46 [DEBUG   ] matplotlib.font_manager - findfont: score(FontEntry(fname='C:\\Windows\\Fonts\\segoepr.ttf', name='Segoe Print', style='normal', variant='normal', weight=400, stretch='normal', size='scalable')) = 10.05
15:55:46 [DEBUG   ] matplotlib.font_manager - findfont: score(FontEntry(fname='C:\\Windows\\Fonts\\tahoma.ttf', name='Tahoma', style='normal', variant='normal', weight=400, stretch='normal', size='scalable')) = 10.05
15:55:46 [DEBUG   ] matplotlib.font_manager - findfont: score(FontEntry(fname='C:\\Windows\\Fonts\\CALIFR.TTF', name='Californian FB', style='normal', variant='normal', weight=400, stretch='normal', size='scalable')) = 10.05
15:55:46 [DEBUG   ] matplotlib.font_manager - findfont: score(FontEntry(fname='C:\\Windows\\Fonts\\PRISTINA.TTF', name='Pristina', style='normal', variant='normal', weight=400, stretch='normal', size='scalable')) = 10.05
15:55:46 [DEBUG   ] matplotlib.font_manager - findfont: score(FontEntry(fname='C:\\Windows\\Fonts\\ANTQUAI.TTF', name='Book Antiqua', style='italic', variant='normal', weight=400, stretch='normal', size='scalable')) = 11.05
15:55:46 [DEBUG   ] matplotlib.font_manager - findfont: score(FontEntry(fname='C:\\Windows\\Fonts\\simsun.ttc', name='SimSun', style='normal', variant='normal', weight=400, stretch='normal', size='scalable')) = 10.05
15:55:46 [DEBUG   ] matplotlib.font_manager - findfont: score(FontEntry(fname='C:\\Windows\\Fonts\\GOUDOS.TTF', name='Goudy Old Style', style='normal', variant='normal', weight=400, stretch='normal', size='scalable')) = 10.05
15:55:46 [DEBUG   ] matplotlib.font_manager - findfont: score(FontEntry(fname='C:\\Windows\\Fonts\\msyhl.ttc', name='Microsoft YaHei', style='normal', variant='normal', weight=290, stretch='normal', size='scalable')) = 10.1545
15:55:46 [DEBUG   ] matplotlib.font_manager - findfont: score(FontEntry(fname='C:\\Windows\\Fonts\\timesbi.ttf', name='Times New Roman', style='italic', variant='normal', weight=700, stretch='normal', size='scalable')) = 11.335
15:55:46 [DEBUG   ] matplotlib.font_manager - findfont: score(FontEntry(fname='C:\\Windows\\Fonts\\CENTAUR.TTF', name='Centaur', style='normal', variant='normal', weight=400, stretch='normal', size='scalable')) = 10.05
15:55:46 [DEBUG   ] matplotlib.font_manager - findfont: score(FontEntry(fname='C:\\Windows\\Fonts\\comicz.ttf', name='Comic Sans MS', style='italic', variant='normal', weight=700, stretch='normal', size='scalable')) = 11.335
15:55:46 [DEBUG   ] matplotlib.font_manager - findfont: score(FontEntry(fname='C:\\Windows\\Fonts\\Gabriola.ttf', name='Gabriola', style='normal', variant='normal', weight=400, stretch='normal', size='scalable')) = 10.05
15:55:46 [DEBUG   ] matplotlib.font_manager - findfont: score(FontEntry(fname='C:\\Windows\\Fonts\\consolaz.ttf', name='Consolas', style='italic', variant='normal', weight=700, stretch='normal', size='scalable')) = 11.335
15:55:46 [DEBUG   ] matplotlib.font_manager - findfont: score(FontEntry(fname='C:\\Windows\\Fonts\\PARCHM.TTF', name='Parchment', style='normal', variant='normal', weight=400, stretch='normal', size='scalable')) = 10.05
15:55:46 [DEBUG   ] matplotlib.font_manager - findfont: score(FontEntry(fname='C:\\Windows\\Fonts\\BASKVILL.TTF', name='Baskerville Old Face', style='normal', variant='normal', weight=400, stretch='normal', size='scalable')) = 10.05
15:55:46 [DEBUG   ] matplotlib.font_manager - findfont: score(FontEntry(fname='C:\\Windows\\Fonts\\LeelUIsl.ttf', name='Leelawadee UI', style='normal', variant='normal', weight=350, stretch='normal', size='scalable')) = 10.0975
15:55:46 [DEBUG   ] matplotlib.font_manager - findfont: score(FontEntry(fname='C:\\Windows\\Fonts\\MTEXTRA.TTF', name='MT Extra', style='normal', variant='normal', weight=400, stretch='normal', size='scalable')) = 10.05
15:55:46 [DEBUG   ] matplotlib.font_manager - findfont: score(FontEntry(fname='C:\\Windows\\Fonts\\COOPBL.TTF', name='Cooper Black', style='normal', variant='normal', weight=400, stretch='normal', size='scalable')) = 10.05
15:55:46 [DEBUG   ] matplotlib.font_manager - findfont: score(FontEntry(fname='C:\\Windows\\Fonts\\verdanab.ttf', name='Verdana', style='normal', variant='normal', weight=700, stretch='normal', size='scalable')) = 3.9713636363636367
15:55:46 [DEBUG   ] matplotlib.font_manager - findfont: score(FontEntry(fname='C:\\Windows\\Fonts\\seguisb.ttf', name='Segoe UI', style='normal', variant='normal', weight=600, stretch='normal', size='scalable')) = 10.24
15:55:46 [DEBUG   ] matplotlib.font_manager - findfont: score(FontEntry(fname='C:\\Windows\\Fonts\\consolai.ttf', name='Consolas', style='italic', variant='normal', weight=400, stretch='normal', size='scalable')) = 11.05
15:55:46 [DEBUG   ] matplotlib.font_manager - findfont: score(FontEntry(fname='C:\\Program Files (x86)\\IBM\\SPSS\\Amos\\24\\JRE\\lib\\fonts\\LucidaSansRegular.ttf', name='Lucida Sans', style='normal', variant='normal', weight=400, stretch='normal', size='scalable')) = 10.05
15:55:46 [DEBUG   ] matplotlib.font_manager - findfont: score(FontEntry(fname='C:\\Windows\\Fonts\\GOTHICBI.TTF', name='Century Gothic', style='italic', variant='normal', weight=700, stretch='normal', size='scalable')) = 11.335
15:55:46 [DEBUG   ] matplotlib.font_manager - findfont: score(FontEntry(fname='C:\\Windows\\Fonts\\courbi.ttf', name='Courier New', style='italic', variant='normal', weight=700, stretch='normal', size='scalable')) = 11.335
15:55:46 [DEBUG   ] matplotlib.font_manager - findfont: score(FontEntry(fname='C:\\Windows\\Fonts\\corbel.ttf', name='Corbel', style='normal', variant='normal', weight=400, stretch='normal', size='scalable')) = 10.05
15:55:46 [DEBUG   ] matplotlib.font_manager - findfont: score(FontEntry(fname='C:\\Windows\\Fonts\\BKANT.TTF', name='Book Antiqua', style='normal', variant='normal', weight=400, stretch='normal', size='scalable')) = 10.05
15:55:46 [DEBUG   ] matplotlib.font_manager - findfont: score(FontEntry(fname='C:\\Windows\\Fonts\\LSANSD.TTF', name='Lucida Sans', style='normal', variant='normal', weight=600, stretch='normal', size='scalable')) = 10.24
15:55:46 [DEBUG   ] matplotlib.font_manager - findfont: score(FontEntry(fname='C:\\Windows\\Fonts\\BOD_BLAR.TTF', name='Bodoni MT', style='normal', variant='normal', weight=900, stretch='normal', size='scalable')) = 10.525
15:55:46 [DEBUG   ] matplotlib.font_manager - findfont: score(FontEntry(fname='C:\\Windows\\Fonts\\GOTHIC.TTF', name='Century Gothic', style='normal', variant='normal', weight=400, stretch='normal', size='scalable')) = 10.05
15:55:46 [DEBUG   ] matplotlib.font_manager - findfont: score(FontEntry(fname='C:\\Windows\\Fonts\\verdanai.ttf', name='Verdana', style='italic', variant='normal', weight=400, stretch='normal', size='scalable')) = 4.6863636363636365
15:55:46 [DEBUG   ] matplotlib.font_manager - findfont: score(FontEntry(fname='C:\\Windows\\Fonts\\YuGothB.ttc', name='Yu Gothic', style='normal', variant='normal', weight=700, stretch='normal', size='scalable')) = 10.335
15:55:46 [DEBUG   ] matplotlib.font_manager - findfont: score(FontEntry(fname='C:\\Windows\\Fonts\\SansSerifCollection.ttf', name='Sans Serif Collection', style='normal', variant='normal', weight=400, stretch='normal', size='scalable')) = 10.05
15:55:46 [DEBUG   ] matplotlib.font_manager - findfont: score(FontEntry(fname='C:\\Windows\\Fonts\\TCCB____.TTF', name='Tw Cen MT Condensed', style='normal', variant='normal', weight=700, stretch='condensed', size='scalable')) = 10.535
15:55:46 [DEBUG   ] matplotlib.font_manager - findfont: score(FontEntry(fname='C:\\Windows\\Fonts\\LSANSI.TTF', name='Lucida Sans', style='italic', variant='normal', weight=400, stretch='normal', size='scalable')) = 11.05
15:55:46 [DEBUG   ] matplotlib.font_manager - findfont: score(FontEntry(fname='C:\\Windows\\Fonts\\RAGE.TTF', name='Rage Italic', style='italic', variant='normal', weight=400, stretch='normal', size='scalable')) = 11.05
15:55:46 [DEBUG   ] matplotlib.font_manager - findfont: score(FontEntry(fname='C:\\Program Files (x86)\\IBM\\SPSS\\Amos\\24\\JRE\\lib\\fonts\\LucidaBrightDemiItalic.ttf', name='Lucida Bright', style='italic', variant='normal', weight=700, stretch='normal', size='scalable')) = 11.335
15:55:46 [DEBUG   ] matplotlib.font_manager - findfont: score(FontEntry(fname='C:\\Windows\\Fonts\\timesbd.ttf', name='Times New Roman', style='normal', variant='normal', weight=700, stretch='normal', size='scalable')) = 10.335
15:55:46 [DEBUG   ] matplotlib.font_manager - findfont: score(FontEntry(fname='C:\\Windows\\Fonts\\webdings.ttf', name='Webdings', style='normal', variant='normal', weight=400, stretch='normal', size='scalable')) = 10.05
15:55:46 [DEBUG   ] matplotlib.font_manager - findfont: score(FontEntry(fname='C:\\Windows\\Fonts\\ERASLGHT.TTF', name='Eras Light ITC', style='normal', variant='normal', weight=400, stretch='normal', size='scalable')) = 10.05
15:55:46 [DEBUG   ] matplotlib.font_manager - findfont: score(FontEntry(fname='C:\\Windows\\Fonts\\segoesc.ttf', name='Segoe Script', style='normal', variant='normal', weight=400, stretch='normal', size='scalable')) = 10.05
15:55:46 [DEBUG   ] matplotlib.font_manager - findfont: score(FontEntry(fname='C:\\Windows\\Fonts\\BRADHITC.TTF', name='Bradley Hand ITC', style='normal', variant='normal', weight=400, stretch='normal', size='scalable')) = 10.05
15:55:46 [DEBUG   ] matplotlib.font_manager - findfont: score(FontEntry(fname='C:\\Windows\\Fonts\\timesi.ttf', name='Times New Roman', style='italic', variant='normal', weight=400, stretch='normal', size='scalable')) = 11.05
15:55:46 [DEBUG   ] matplotlib.font_manager - findfont: score(FontEntry(fname='C:\\Windows\\Fonts\\ROCKB.TTF', name='Rockwell', style='normal', variant='normal', weight=700, stretch='normal', size='scalable')) = 10.335
15:55:46 [DEBUG   ] matplotlib.font_manager - findfont: score(FontEntry(fname='C:\\Windows\\Fonts\\SHOWG.TTF', name='Showcard Gothic', style='normal', variant='normal', weight=400, stretch='normal', size='scalable')) = 10.05
15:55:46 [DEBUG   ] matplotlib.font_manager - findfont: score(FontEntry(fname='C:\\Windows\\Fonts\\trebucbd.ttf', name='Trebuchet MS', style='normal', variant='normal', weight=700, stretch='normal', size='scalable')) = 10.335
15:55:46 [DEBUG   ] matplotlib.font_manager - findfont: score(FontEntry(fname='C:\\Windows\\Fonts\\BOOKOSBI.TTF', name='Bookman Old Style', style='italic', variant='normal', weight=600, stretch='normal', size='scalable')) = 11.24
15:55:46 [DEBUG   ] matplotlib.font_manager - findfont: score(FontEntry(fname='C:\\Windows\\Fonts\\TCCEB.TTF', name='Tw Cen MT Condensed Extra Bold', style='normal', variant='normal', weight=400, stretch='condensed', size='scalable')) = 10.25
15:55:46 [DEBUG   ] matplotlib.font_manager - findfont: score(FontEntry(fname='C:\\Windows\\Fonts\\constan.ttf', name='Constantia', style='normal', variant='normal', weight=400, stretch='normal', size='scalable')) = 10.05
15:55:46 [DEBUG   ] matplotlib.font_manager - findfont: score(FontEntry(fname='C:\\Windows\\Fonts\\CALISTBI.TTF', name='Calisto MT', style='italic', variant='normal', weight=700, stretch='normal', size='scalable')) = 11.335
15:55:46 [DEBUG   ] matplotlib.font_manager - findfont: score(FontEntry(fname='C:\\Windows\\Fonts\\FRABK.TTF', name='Franklin Gothic Book', style='normal', variant='normal', weight=400, stretch='normal', size='scalable')) = 10.05
15:55:46 [DEBUG   ] matplotlib.font_manager - findfont: score(FontEntry(fname='C:\\Windows\\Fonts\\HATTEN.TTF', name='Haettenschweiler', style='normal', variant='normal', weight=400, stretch='normal', size='scalable')) = 10.05
15:55:46 [DEBUG   ] matplotlib.font_manager - findfont: score(FontEntry(fname='C:\\Windows\\Fonts\\ARIALNB.TTF', name='Arial', style='normal', variant='normal', weight=700, stretch='condensed', size='scalable')) = 6.8986363636363635
15:55:46 [DEBUG   ] matplotlib.font_manager - findfont: score(FontEntry(fname='C:\\Windows\\Fonts\\malgunbd.ttf', name='Malgun Gothic', style='normal', variant='normal', weight=700, stretch='normal', size='scalable')) = 10.335
15:55:46 [DEBUG   ] matplotlib.font_manager - findfont: score(FontEntry(fname='C:\\Windows\\Fonts\\calibri.ttf', name='Calibri', style='normal', variant='normal', weight=400, stretch='normal', size='scalable')) = 10.05
15:55:46 [DEBUG   ] matplotlib.font_manager - findfont: score(FontEntry(fname='C:\\Windows\\Fonts\\TCBI____.TTF', name='Tw Cen MT', style='italic', variant='normal', weight=700, stretch='normal', size='scalable')) = 11.335
15:55:46 [DEBUG   ] matplotlib.font_manager - findfont: score(FontEntry(fname='C:\\Windows\\Fonts\\LEELAWDB.TTF', name='Leelawadee', style='normal', variant='normal', weight=700, stretch='normal', size='scalable')) = 10.335
15:55:46 [DEBUG   ] matplotlib.font_manager - findfont: score(FontEntry(fname='C:\\Windows\\Fonts\\verdanaz.ttf', name='Verdana', style='italic', variant='normal', weight=700, stretch='normal', size='scalable')) = 4.971363636363637
15:55:46 [DEBUG   ] matplotlib.font_manager - findfont: score(FontEntry(fname='C:\\Windows\\Fonts\\SimsunExtG.ttf', name='SimSun-ExtG', style='normal', variant='normal', weight=400, stretch='normal', size='scalable')) = 10.05
15:55:46 [DEBUG   ] matplotlib.font_manager - findfont: score(FontEntry(fname='C:\\Windows\\Fonts\\DUBAI-MEDIUM.TTF', name='Dubai', style='normal', variant='normal', weight=500, stretch='normal', size='scalable')) = 10.145
15:55:46 [DEBUG   ] matplotlib.font_manager - findfont: score(FontEntry(fname='C:\\Windows\\Fonts\\seguisym.ttf', name='Segoe UI Symbol', style='normal', variant='normal', weight=400, stretch='normal', size='scalable')) = 10.05
15:55:46 [DEBUG   ] matplotlib.font_manager - findfont: score(FontEntry(fname='C:\\Windows\\Fonts\\cambriai.ttf', name='Cambria', style='italic', variant='normal', weight=400, stretch='normal', size='scalable')) = 11.05
15:55:46 [DEBUG   ] matplotlib.font_manager - findfont: score(FontEntry(fname='C:\\Windows\\Fonts\\PAPYRUS.TTF', name='Papyrus', style='normal', variant='normal', weight=400, stretch='normal', size='scalable')) = 10.05
15:55:46 [DEBUG   ] matplotlib.font_manager - findfont: score(FontEntry(fname='C:\\Windows\\Fonts\\MSUIGHUB.TTF', name='Microsoft Uighur', style='normal', variant='normal', weight=700, stretch='normal', size='scalable')) = 10.335
15:55:46 [DEBUG   ] matplotlib.font_manager - findfont: score(FontEntry(fname='C:\\Windows\\Fonts\\MOD20.TTF', name='Modern No. 20', style='normal', variant='normal', weight=400, stretch='normal', size='scalable')) = 10.05
15:55:46 [DEBUG   ] matplotlib.font_manager - findfont: score(FontEntry(fname='C:\\Program Files (x86)\\IBM\\SPSS\\Amos\\24\\JRE\\lib\\fonts\\LucidaSansDemiBold.ttf', name='Lucida Sans', style='normal', variant='normal', weight=700, stretch='normal', size='scalable')) = 10.335
15:55:46 [DEBUG   ] matplotlib.font_manager - findfont: score(FontEntry(fname='C:\\Windows\\Fonts\\RAVIE.TTF', name='Ravie', style='normal', variant='normal', weight=400, stretch='normal', size='scalable')) = 10.05
15:55:46 [DEBUG   ] matplotlib.font_manager - findfont: score(FontEntry(fname='C:\\Windows\\Fonts\\PERTIBD.TTF', name='Perpetua Titling MT', style='normal', variant='normal', weight=700, stretch='normal', size='scalable')) = 10.335
15:55:46 [DEBUG   ] matplotlib.font_manager - findfont: score(FontEntry(fname='C:\\Windows\\Fonts\\LHANDW.TTF', name='Lucida Handwriting', style='italic', variant='normal', weight=400, stretch='normal', size='scalable')) = 11.05
15:55:46 [DEBUG   ] matplotlib.font_manager - findfont: score(FontEntry(fname='C:\\Windows\\Fonts\\FRABKIT.TTF', name='Franklin Gothic Book', style='italic', variant='normal', weight=400, stretch='normal', size='scalable')) = 11.05
15:55:46 [DEBUG   ] matplotlib.font_manager - findfont: score(FontEntry(fname='C:\\Program Files (x86)\\Adobe\\Acrobat DC\\Resource\\Font\\AdobeDevanagari-Italic.otf', name='Adobe Devanagari', style='italic', variant='normal', weight=400, stretch='normal', size='scalable')) = 11.05
15:55:46 [DEBUG   ] matplotlib.font_manager - findfont: score(FontEntry(fname='C:\\Windows\\Fonts\\taile.ttf', name='Microsoft Tai Le', style='normal', variant='normal', weight=400, stretch='normal', size='scalable')) = 10.05
15:55:46 [DEBUG   ] matplotlib.font_manager - findfont: score(FontEntry(fname='C:\\Windows\\Fonts\\segoeuisl.ttf', name='Segoe UI', style='normal', variant='normal', weight=350, stretch='normal', size='scalable')) = 10.0975
15:55:46 [DEBUG   ] matplotlib.font_manager - findfont: score(FontEntry(fname='C:\\Windows\\Fonts\\MSUIGHUR.TTF', name='Microsoft Uighur', style='normal', variant='normal', weight=400, stretch='normal', size='scalable')) = 10.05
15:55:46 [DEBUG   ] matplotlib.font_manager - findfont: score(FontEntry(fname='C:\\Windows\\Fonts\\NIAGENG.TTF', name='Niagara Engraved', style='normal', variant='normal', weight=400, stretch='normal', size='scalable')) = 10.05
15:55:46 [DEBUG   ] matplotlib.font_manager - findfont: score(FontEntry(fname='C:\\Windows\\Fonts\\KUNSTLER.TTF', name='Kunstler Script', style='normal', variant='normal', weight=400, stretch='normal', size='scalable')) = 10.05
15:55:46 [DEBUG   ] matplotlib.font_manager - findfont: score(FontEntry(fname='C:\\Windows\\Fonts\\PERBI___.TTF', name='Perpetua', style='italic', variant='normal', weight=700, stretch='normal', size='scalable')) = 11.335
15:55:46 [DEBUG   ] matplotlib.font_manager - findfont: score(FontEntry(fname='C:\\Windows\\Fonts\\ELEPHNT.TTF', name='Elephant', style='normal', variant='normal', weight=400, stretch='normal', size='scalable')) = 10.05
15:55:46 [DEBUG   ] matplotlib.font_manager - findfont: score(FontEntry(fname='C:\\Windows\\Fonts\\GARA.TTF', name='Garamond', style='normal', variant='normal', weight=400, stretch='normal', size='scalable')) = 10.05
15:55:46 [DEBUG   ] matplotlib.font_manager - findfont: score(FontEntry(fname='C:\\Windows\\Fonts\\msyh.ttc', name='Microsoft YaHei', style='normal', variant='normal', weight=400, stretch='normal', size='scalable')) = 10.05
15:55:46 [DEBUG   ] matplotlib.font_manager - findfont: score(FontEntry(fname='C:\\Windows\\Fonts\\LEELAWAD.TTF', name='Leelawadee', style='normal', variant='normal', weight=400, stretch='normal', size='scalable')) = 10.05
15:55:46 [DEBUG   ] matplotlib.font_manager - findfont: score(FontEntry(fname='C:\\Windows\\Fonts\\constanb.ttf', name='Constantia', style='normal', variant='normal', weight=700, stretch='normal', size='scalable')) = 10.335
15:55:46 [DEBUG   ] matplotlib.font_manager - findfont: score(FontEntry(fname='C:\\Windows\\Fonts\\BOD_CR.TTF', name='Bodoni MT', style='normal', variant='normal', weight=400, stretch='condensed', size='scalable')) = 10.25
15:55:46 [DEBUG   ] matplotlib.font_manager - findfont: score(FontEntry(fname='C:\\Windows\\Fonts\\TCCM____.TTF', name='Tw Cen MT Condensed', style='normal', variant='normal', weight=400, stretch='condensed', size='scalable')) = 10.25
15:55:46 [DEBUG   ] matplotlib.font_manager - findfont: score(FontEntry(fname='C:\\Windows\\Fonts\\OCRAEXT.TTF', name='OCR A Extended', style='normal', variant='normal', weight=400, stretch='expanded', size='scalable')) = 10.25
15:55:46 [DEBUG   ] matplotlib.font_manager - findfont: score(FontEntry(fname='C:\\Windows\\Fonts\\IMPRISHA.TTF', name='Imprint MT Shadow', style='normal', variant='normal', weight=400, stretch='normal', size='scalable')) = 10.05
15:55:46 [DEBUG   ] matplotlib.font_manager - findfont: score(FontEntry(fname='C:\\Windows\\Fonts\\symbol.ttf', name='Symbol', style='normal', variant='normal', weight=400, stretch='normal', size='scalable')) = 10.05
15:55:46 [DEBUG   ] matplotlib.font_manager - findfont: score(FontEntry(fname='C:\\Windows\\Fonts\\constanz.ttf', name='Constantia', style='italic', variant='normal', weight=700, stretch='normal', size='scalable')) = 11.335
15:55:46 [DEBUG   ] matplotlib.font_manager - findfont: score(FontEntry(fname='C:\\Windows\\Fonts\\Inkfree.ttf', name='Ink Free', style='normal', variant='normal', weight=400, stretch='normal', size='scalable')) = 10.05
15:55:46 [DEBUG   ] matplotlib.font_manager - findfont: score(FontEntry(fname='C:\\Windows\\Fonts\\GILLUBCD.TTF', name='Gill Sans Ultra Bold Condensed', style='normal', variant='normal', weight=400, stretch='condensed', size='scalable')) = 10.25
15:55:46 [DEBUG   ] matplotlib.font_manager - findfont: score(FontEntry(fname='C:\\Windows\\Fonts\\HARLOWSI.TTF', name='Harlow Solid Italic', style='italic', variant='normal', weight=400, stretch='normal', size='scalable')) = 11.05
15:55:46 [DEBUG   ] matplotlib.font_manager - findfont: score(FontEntry(fname='C:\\Windows\\Fonts\\taileb.ttf', name='Microsoft Tai Le', style='normal', variant='normal', weight=700, stretch='normal', size='scalable')) = 10.335
15:55:46 [DEBUG   ] matplotlib.font_manager - findfont: score(FontEntry(fname='C:\\Program Files (x86)\\IBM\\SPSS\\Amos\\24\\JRE\\lib\\fonts\\LucidaBrightDemiBold.ttf', name='Lucida Bright', style='normal', variant='normal', weight=700, stretch='normal', size='scalable')) = 10.335
15:55:46 [DEBUG   ] matplotlib.font_manager - findfont: score(FontEntry(fname='C:\\Windows\\Fonts\\STENCIL.TTF', name='Stencil', style='normal', variant='normal', weight=400, stretch='normal', size='scalable')) = 10.05
15:55:46 [DEBUG   ] matplotlib.font_manager - findfont: score(FontEntry(fname='C:\\Windows\\Fonts\\BRITANIC.TTF', name='Britannic Bold', style='normal', variant='normal', weight=400, stretch='normal', size='scalable')) = 10.05
15:55:46 [DEBUG   ] matplotlib.font_manager - findfont: score(FontEntry(fname='C:\\Windows\\Fonts\\malgun.ttf', name='Malgun Gothic', style='normal', variant='normal', weight=400, stretch='normal', size='scalable')) = 10.05
15:55:46 [DEBUG   ] matplotlib.font_manager - findfont: score(FontEntry(fname='C:\\Windows\\Fonts\\ntailu.ttf', name='Microsoft New Tai Lue', style='normal', variant='normal', weight=400, stretch='normal', size='scalable')) = 10.05
15:55:46 [DEBUG   ] matplotlib.font_manager - findfont: score(FontEntry(fname='C:\\Windows\\Fonts\\BRLNSR.TTF', name='Berlin Sans FB', style='normal', variant='normal', weight=400, stretch='normal', size='scalable')) = 10.05
15:55:46 [DEBUG   ] matplotlib.font_manager - findfont: score(FontEntry(fname='C:\\Windows\\Fonts\\mingliub.ttc', name='MingLiU-ExtB', style='normal', variant='normal', weight=400, stretch='normal', size='scalable')) = 10.05
15:55:46 [DEBUG   ] matplotlib.font_manager - findfont: score(FontEntry(fname='C:\\Windows\\Fonts\\BOOKOS.TTF', name='Bookman Old Style', style='normal', variant='normal', weight=300, stretch='normal', size='scalable')) = 10.145
15:55:46 [DEBUG   ] matplotlib.font_manager - findfont: score(FontEntry(fname='C:\\Windows\\Fonts\\GILSANUB.TTF', name='Gill Sans Ultra Bold', style='normal', variant='normal', weight=400, stretch='normal', size='scalable')) = 10.05
15:55:46 [DEBUG   ] matplotlib.font_manager - findfont: score(FontEntry(fname='C:\\Windows\\Fonts\\calibril.ttf', name='Calibri', style='normal', variant='normal', weight=300, stretch='normal', size='scalable')) = 10.145
15:55:46 [DEBUG   ] matplotlib.font_manager - findfont: score(FontEntry(fname='C:\\Windows\\Fonts\\WINGDNG2.TTF', name='Wingdings 2', style='normal', variant='normal', weight=400, stretch='normal', size='scalable')) = 10.05
15:55:46 [DEBUG   ] matplotlib.font_manager - findfont: score(FontEntry(fname='C:\\Windows\\Fonts\\FRAMDCN.TTF', name='Franklin Gothic Medium Cond', style='normal', variant='normal', weight=400, stretch='condensed', size='scalable')) = 10.25
15:55:46 [DEBUG   ] matplotlib.font_manager - findfont: score(FontEntry(fname='C:\\Windows\\Fonts\\BAUHS93.TTF', name='Bauhaus 93', style='normal', variant='normal', weight=400, stretch='normal', size='scalable')) = 10.05
15:55:46 [DEBUG   ] matplotlib.font_manager - findfont: score(FontEntry(fname='C:\\Windows\\Fonts\\ebrimabd.ttf', name='Ebrima', style='normal', variant='normal', weight=700, stretch='normal', size='scalable')) = 10.335
15:55:46 [DEBUG   ] matplotlib.font_manager - findfont: score(FontEntry(fname='C:\\Windows\\Fonts\\LFAXD.TTF', name='Lucida Fax', style='normal', variant='normal', weight=600, stretch='normal', size='scalable')) = 10.24
15:55:46 [DEBUG   ] matplotlib.font_manager - findfont: score(FontEntry(fname='C:\\Windows\\Fonts\\framd.ttf', name='Franklin Gothic Medium', style='normal', variant='normal', weight=400, stretch='normal', size='scalable')) = 10.05
15:55:46 [DEBUG   ] matplotlib.font_manager - findfont: score(FontEntry(fname='C:\\Windows\\Fonts\\ANTQUABI.TTF', name='Book Antiqua', style='italic', variant='normal', weight=700, stretch='normal', size='scalable')) = 11.335
15:55:46 [DEBUG   ] matplotlib.font_manager - findfont: score(FontEntry(fname='C:\\Windows\\Fonts\\mmrtext.ttf', name='Myanmar Text', style='normal', variant='normal', weight=400, stretch='normal', size='scalable')) = 10.05
15:55:46 [DEBUG   ] matplotlib.font_manager - findfont: score(FontEntry(fname='C:\\Windows\\Fonts\\GOTHICI.TTF', name='Century Gothic', style='italic', variant='normal', weight=400, stretch='normal', size='scalable')) = 11.05
15:55:46 [DEBUG   ] matplotlib.font_manager - findfont: score(FontEntry(fname='C:\\Windows\\Fonts\\ANTQUAB.TTF', name='Book Antiqua', style='normal', variant='normal', weight=700, stretch='normal', size='scalable')) = 10.335
15:55:46 [DEBUG   ] matplotlib.font_manager - findfont: score(FontEntry(fname='C:\\Windows\\Fonts\\GOTHICB.TTF', name='Century Gothic', style='normal', variant='normal', weight=700, stretch='normal', size='scalable')) = 10.335
15:55:46 [DEBUG   ] matplotlib.font_manager - findfont: score(FontEntry(fname='C:\\Windows\\Fonts\\arialbi.ttf', name='Arial', style='italic', variant='normal', weight=700, stretch='normal', size='scalable')) = 7.698636363636363
15:55:46 [DEBUG   ] matplotlib.font_manager - findfont: score(FontEntry(fname='C:\\Windows\\Fonts\\WINGDNG3.TTF', name='Wingdings 3', style='normal', variant='normal', weight=400, stretch='normal', size='scalable')) = 10.05
15:55:46 [DEBUG   ] matplotlib.font_manager - findfont: score(FontEntry(fname='C:\\Windows\\Fonts\\cour.ttf', name='Courier New', style='normal', variant='normal', weight=400, stretch='normal', size='scalable')) = 10.05
15:55:46 [DEBUG   ] matplotlib.font_manager - findfont: score(FontEntry(fname='C:\\Windows\\Fonts\\verdana.ttf', name='Verdana', style='normal', variant='normal', weight=400, stretch='normal', size='scalable')) = 3.6863636363636365
15:55:46 [DEBUG   ] matplotlib.font_manager - findfont: score(FontEntry(fname='C:\\Windows\\Fonts\\SegoeIcons.ttf', name='Segoe Fluent Icons', style='normal', variant='normal', weight=400, stretch='normal', size='scalable')) = 10.05
15:55:46 [DEBUG   ] matplotlib.font_manager - findfont: score(FontEntry(fname='C:\\Windows\\Fonts\\VINERITC.TTF', name='Viner Hand ITC', style='normal', variant='normal', weight=400, stretch='normal', size='scalable')) = 10.05
15:55:46 [DEBUG   ] matplotlib.font_manager - findfont: score(FontEntry(fname='C:\\Windows\\Fonts\\msjhl.ttc', name='Microsoft JhengHei', style='normal', variant='normal', weight=290, stretch='normal', size='scalable')) = 10.1545
15:55:46 [DEBUG   ] matplotlib.font_manager - findfont: score(FontEntry(fname='C:\\Windows\\Fonts\\segoeuiz.ttf', name='Segoe UI', style='italic', variant='normal', weight=700, stretch='normal', size='scalable')) = 11.335
15:55:46 [DEBUG   ] matplotlib.font_manager - findfont: score(FontEntry(fname='C:\\Windows\\Fonts\\simsunb.ttf', name='SimSun-ExtB', style='normal', variant='normal', weight=400, stretch='normal', size='scalable')) = 10.05
15:55:46 [DEBUG   ] matplotlib.font_manager - findfont: score(FontEntry(fname='C:\\Program Files (x86)\\Adobe\\Acrobat DC\\Resource\\Font\\AdobeDevanagari-BoldItalic.otf', name='Adobe Devanagari', style='italic', variant='normal', weight=700, stretch='normal', size='scalable')) = 11.335
15:55:46 [DEBUG   ] matplotlib.font_manager - findfont: score(FontEntry(fname='C:\\Windows\\Fonts\\ebrima.ttf', name='Ebrima', style='normal', variant='normal', weight=400, stretch='normal', size='scalable')) = 10.05
15:55:46 [DEBUG   ] matplotlib.font_manager - findfont: score(FontEntry(fname='C:\\Windows\\Fonts\\seguibl.ttf', name='Segoe UI', style='normal', variant='normal', weight=900, stretch='normal', size='scalable')) = 10.525
15:55:46 [DEBUG   ] matplotlib.font_manager - findfont: score(FontEntry(fname='C:\\Windows\\Fonts\\OLDENGL.TTF', name='Old English Text MT', style='normal', variant='normal', weight=400, stretch='normal', size='scalable')) = 10.05
15:55:46 [DEBUG   ] matplotlib.font_manager - findfont: score(FontEntry(fname='C:\\Windows\\Fonts\\MISTRAL.TTF', name='Mistral', style='normal', variant='normal', weight=400, stretch='normal', size='scalable')) = 10.05
15:55:46 [DEBUG   ] matplotlib.font_manager - findfont: score(FontEntry(fname='C:\\Windows\\Fonts\\LATINWD.TTF', name='Wide Latin', style='normal', variant='normal', weight=400, stretch='expanded', size='scalable')) = 10.25
15:55:46 [DEBUG   ] matplotlib.font_manager - findfont: score(FontEntry(fname='C:\\Windows\\Fonts\\ariali.ttf', name='Arial', style='italic', variant='normal', weight=400, stretch='normal', size='scalable')) = 7.413636363636363
15:55:46 [DEBUG   ] matplotlib.font_manager - findfont: score(FontEntry(fname='C:\\Windows\\Fonts\\bahnschrift.ttf', name='Bahnschrift', style='normal', variant='normal', weight=400, stretch='normal', size='scalable')) = 10.05
15:55:46 [DEBUG   ] matplotlib.font_manager - findfont: score(FontEntry(fname='C:\\Windows\\Fonts\\gadugib.ttf', name='Gadugi', style='normal', variant='normal', weight=700, stretch='normal', size='scalable')) = 10.335
15:55:46 [DEBUG   ] matplotlib.font_manager - findfont: score(FontEntry(fname='C:\\Windows\\Fonts\\BELL.TTF', name='Bell MT', style='normal', variant='normal', weight=400, stretch='normal', size='scalable')) = 10.05
15:55:46 [DEBUG   ] matplotlib.font_manager - findfont: score(FontEntry(fname='C:\\Windows\\Fonts\\FREESCPT.TTF', name='Freestyle Script', style='normal', variant='normal', weight=400, stretch='normal', size='scalable')) = 10.05
15:55:46 [DEBUG   ] matplotlib.font_manager - findfont: score(FontEntry(fname='C:\\Windows\\Fonts\\ROCKBI.TTF', name='Rockwell', style='italic', variant='normal', weight=700, stretch='normal', size='scalable')) = 11.335
15:55:46 [DEBUG   ] matplotlib.font_manager - findfont: score(FontEntry(fname='C:\\Windows\\Fonts\\MAGNETOB.TTF', name='Magneto', style='normal', variant='normal', weight=700, stretch='normal', size='scalable')) = 10.335
15:55:46 [DEBUG   ] matplotlib.font_manager - findfont: score(FontEntry(fname='C:\\Windows\\Fonts\\msjhbd.ttc', name='Microsoft JhengHei', style='normal', variant='normal', weight=700, stretch='normal', size='scalable')) = 10.335
15:55:46 [DEBUG   ] matplotlib.font_manager - findfont: score(FontEntry(fname='C:\\Windows\\Fonts\\palab.ttf', name='Palatino Linotype', style='normal', variant='normal', weight=700, stretch='normal', size='scalable')) = 10.335
15:55:46 [DEBUG   ] matplotlib.font_manager - findfont: score(FontEntry(fname='C:\\Windows\\Fonts\\DUBAI-REGULAR.TTF', name='Dubai', style='normal', variant='normal', weight=400, stretch='normal', size='scalable')) = 10.05
15:55:46 [DEBUG   ] matplotlib.font_manager - findfont: score(FontEntry(fname='C:\\Windows\\Fonts\\msjh.ttc', name='Microsoft JhengHei', style='normal', variant='normal', weight=400, stretch='normal', size='scalable')) = 10.05
15:55:46 [DEBUG   ] matplotlib.font_manager - findfont: score(FontEntry(fname='C:\\Windows\\Fonts\\MAIAN.TTF', name='Maiandra GD', style='normal', variant='normal', weight=400, stretch='normal', size='scalable')) = 10.05
15:55:46 [DEBUG   ] matplotlib.font_manager - findfont: score(FontEntry(fname='C:\\Windows\\Fonts\\FRSCRIPT.TTF', name='French Script MT', style='normal', variant='normal', weight=400, stretch='normal', size='scalable')) = 10.05
15:55:46 [DEBUG   ] matplotlib.font_manager - findfont: score(FontEntry(fname='C:\\Program Files (x86)\\IBM\\SPSS\\Amos\\24\\JRE\\lib\\fonts\\LucidaTypewriterRegular.ttf', name='Lucida Sans Typewriter', style='normal', variant='normal', weight=400, stretch='normal', size='scalable')) = 10.05
15:55:46 [DEBUG   ] matplotlib.font_manager - findfont: score(FontEntry(fname='C:\\Windows\\Fonts\\cambria.ttc', name='Cambria', style='normal', variant='normal', weight=400, stretch='normal', size='scalable')) = 10.05
15:55:46 [DEBUG   ] matplotlib.font_manager - findfont: score(FontEntry(fname='C:\\Windows\\Fonts\\msyhbd.ttc', name='Microsoft YaHei', style='normal', variant='normal', weight=700, stretch='normal', size='scalable')) = 10.335
15:55:46 [DEBUG   ] matplotlib.font_manager - findfont: score(FontEntry(fname='C:\\Windows\\Fonts\\FRADMIT.TTF', name='Franklin Gothic Demi', style='italic', variant='normal', weight=400, stretch='normal', size='scalable')) = 11.05
15:55:46 [DEBUG   ] matplotlib.font_manager - findfont: score(FontEntry(fname='C:\\Windows\\Fonts\\phagspab.ttf', name='Microsoft PhagsPa', style='normal', variant='normal', weight=700, stretch='normal', size='scalable')) = 10.335
15:55:46 [DEBUG   ] matplotlib.font_manager - findfont: score(FontEntry(fname='C:\\Windows\\Fonts\\TCMI____.TTF', name='Tw Cen MT', style='italic', variant='normal', weight=400, stretch='normal', size='scalable')) = 11.05
15:55:46 [DEBUG   ] matplotlib.font_manager - findfont: score(FontEntry(fname='C:\\Windows\\Fonts\\BOD_CBI.TTF', name='Bodoni MT', style='italic', variant='normal', weight=700, stretch='condensed', size='scalable')) = 11.535
15:55:46 [DEBUG   ] matplotlib.font_manager - findfont: score(FontEntry(fname='C:\\Windows\\Fonts\\calibriz.ttf', name='Calibri', style='italic', variant='normal', weight=700, stretch='normal', size='scalable')) = 11.335
15:55:46 [DEBUG   ] matplotlib.font_manager - findfont: score(FontEntry(fname='C:\\Windows\\Fonts\\seguibli.ttf', name='Segoe UI', style='italic', variant='normal', weight=900, stretch='normal', size='scalable')) = 11.525
15:55:46 [DEBUG   ] matplotlib.font_manager - findfont: score(FontEntry(fname='C:\\Windows\\Fonts\\courbd.ttf', name='Courier New', style='normal', variant='normal', weight=700, stretch='normal', size='scalable')) = 10.335
15:55:46 [DEBUG   ] matplotlib.font_manager - findfont: score(FontEntry(fname='C:\\Windows\\Fonts\\BOD_PSTC.TTF', name='Bodoni MT', style='normal', variant='normal', weight=300, stretch='normal', size='scalable')) = 10.145
15:55:46 [DEBUG   ] matplotlib.font_manager - findfont: score(FontEntry(fname='C:\\Windows\\Fonts\\cambriab.ttf', name='Cambria', style='normal', variant='normal', weight=700, stretch='normal', size='scalable')) = 10.335
15:55:46 [DEBUG   ] matplotlib.font_manager - findfont: score(FontEntry(fname='C:\\Windows\\Fonts\\georgiai.ttf', name='Georgia', style='italic', variant='normal', weight=400, stretch='normal', size='scalable')) = 11.05
15:55:46 [DEBUG   ] matplotlib.font_manager - findfont: score(FontEntry(fname='C:\\Windows\\Fonts\\CALIFI.TTF', name='Californian FB', style='italic', variant='normal', weight=400, stretch='normal', size='scalable')) = 11.05
15:55:46 [DEBUG   ] matplotlib.font_manager - findfont: score(FontEntry(fname='C:\\Windows\\Fonts\\mmrtextb.ttf', name='Myanmar Text', style='normal', variant='normal', weight=700, stretch='normal', size='scalable')) = 10.335
15:55:46 [DEBUG   ] matplotlib.font_manager - findfont: score(FontEntry(fname='C:\\Windows\\Fonts\\SCHLBKB.TTF', name='Century Schoolbook', style='normal', variant='normal', weight=700, stretch='normal', size='scalable')) = 10.335
15:55:46 [DEBUG   ] matplotlib.font_manager - findfont: score(FontEntry(fname='C:\\Windows\\Fonts\\OUTLOOK.TTF', name='MS Outlook', style='normal', variant='normal', weight=400, stretch='normal', size='scalable')) = 10.05
15:55:46 [DEBUG   ] matplotlib.font_manager - findfont: score(FontEntry(fname='C:\\Windows\\Fonts\\georgia.ttf', name='Georgia', style='normal', variant='normal', weight=400, stretch='normal', size='scalable')) = 10.05
15:55:46 [DEBUG   ] matplotlib.font_manager - findfont: score(FontEntry(fname='C:\\Windows\\Fonts\\BELLB.TTF', name='Bell MT', style='normal', variant='normal', weight=700, stretch='normal', size='scalable')) = 10.335
15:55:46 [DEBUG   ] matplotlib.font_manager - findfont: score(FontEntry(fname='C:\\Windows\\Fonts\\ERASDEMI.TTF', name='Eras Demi ITC', style='normal', variant='normal', weight=400, stretch='normal', size='scalable')) = 10.05
15:55:46 [DEBUG   ] matplotlib.font_manager - findfont: score(FontEntry(fname='C:\\Windows\\Fonts\\framdit.ttf', name='Franklin Gothic Medium', style='italic', variant='normal', weight=400, stretch='normal', size='scalable')) = 11.05
15:55:46 [DEBUG   ] matplotlib.font_manager - findfont: score(FontEntry(fname='C:\\Windows\\Fonts\\GOUDYSTO.TTF', name='Goudy Stout', style='normal', variant='normal', weight=400, stretch='normal', size='scalable')) = 10.05
15:55:46 [DEBUG   ] matplotlib.font_manager - findfont: score(FontEntry(fname='C:\\Windows\\Fonts\\CALIST.TTF', name='Calisto MT', style='normal', variant='normal', weight=400, stretch='normal', size='scalable')) = 10.05
15:55:46 [DEBUG   ] matplotlib.font_manager - findfont: score(FontEntry(fname='C:\\Program Files (x86)\\IBM\\SPSS\\Amos\\24\\JRE\\lib\\fonts\\LucidaBrightItalic.ttf', name='Lucida Bright', style='italic', variant='normal', weight=400, stretch='normal', size='scalable')) = 11.05
15:55:46 [DEBUG   ] matplotlib.font_manager - findfont: score(FontEntry(fname='C:\\Windows\\Fonts\\CHILLER.TTF', name='Chiller', style='normal', variant='normal', weight=400, stretch='normal', size='scalable')) = 10.05
15:55:46 [DEBUG   ] matplotlib.font_manager - findfont: score(FontEntry(fname='C:\\Windows\\Fonts\\ZWAdobeF.TTF', name='ZWAdobeF', style='normal', variant='normal', weight=400, stretch='normal', size='scalable')) = 10.05
15:55:46 [DEBUG   ] matplotlib.font_manager - findfont: score(FontEntry(fname='C:\\Windows\\Fonts\\monbaiti.ttf', name='Mongolian Baiti', style='normal', variant='normal', weight=400, stretch='normal', size='scalable')) = 10.05
15:55:46 [DEBUG   ] matplotlib.font_manager - findfont: score(FontEntry(fname='C:\\Windows\\Fonts\\GILI____.TTF', name='Gill Sans MT', style='italic', variant='normal', weight=400, stretch='normal', size='scalable')) = 11.05
15:55:46 [DEBUG   ] matplotlib.font_manager - findfont: score(FontEntry(fname='C:\\Windows\\Fonts\\SCHLBKI.TTF', name='Century Schoolbook', style='italic', variant='normal', weight=400, stretch='normal', size='scalable')) = 11.05
15:55:46 [DEBUG   ] matplotlib.font_manager - findfont: score(FontEntry(fname='C:\\Windows\\Fonts\\BRUSHSCI.TTF', name='Brush Script MT', style='italic', variant='normal', weight=400, stretch='normal', size='scalable')) = 11.05
15:55:46 [DEBUG   ] matplotlib.font_manager - findfont: score(FontEntry(fname='C:\\Windows\\Fonts\\georgiaz.ttf', name='Georgia', style='italic', variant='normal', weight=700, stretch='normal', size='scalable')) = 11.335
15:55:46 [DEBUG   ] matplotlib.font_manager - findfont: score(FontEntry(fname='C:\\Windows\\Fonts\\corbelz.ttf', name='Corbel', style='italic', variant='normal', weight=700, stretch='normal', size='scalable')) = 11.335
15:55:46 [DEBUG   ] matplotlib.font_manager - findfont: score(FontEntry(fname='C:\\Windows\\Fonts\\INFROMAN.TTF', name='Informal Roman', style='normal', variant='normal', weight=400, stretch='normal', size='scalable')) = 10.05
15:55:46 [DEBUG   ] matplotlib.font_manager - findfont: score(FontEntry(fname='C:\\Windows\\Fonts\\Candarab.ttf', name='Candara', style='normal', variant='normal', weight=700, stretch='normal', size='scalable')) = 10.335
15:55:46 [DEBUG   ] matplotlib.font_manager - findfont: score(FontEntry(fname='C:\\Windows\\Fonts\\FRAHVIT.TTF', name='Franklin Gothic Heavy', style='italic', variant='normal', weight=400, stretch='normal', size='scalable')) = 11.05
15:55:46 [DEBUG   ] matplotlib.font_manager - findfont: score(FontEntry(fname='C:\\Windows\\Fonts\\Candaral.ttf', name='Candara', style='normal', variant='normal', weight=400, stretch='normal', size='scalable')) = 10.05
15:55:46 [DEBUG   ] matplotlib.font_manager - findfont: score(FontEntry(fname='C:\\Windows\\Fonts\\ITCKRIST.TTF', name='Kristen ITC', style='normal', variant='normal', weight=400, stretch='normal', size='scalable')) = 10.05
15:55:46 [DEBUG   ] matplotlib.font_manager - findfont: score(FontEntry(fname='C:\\Windows\\Fonts\\ENGR.TTF', name='Engravers MT', style='normal', variant='normal', weight=500, stretch='normal', size='scalable')) = 10.145
15:55:46 [DEBUG   ] matplotlib.font_manager - findfont: score(FontEntry(fname='C:\\Windows\\Fonts\\ITCBLKAD.TTF', name='Blackadder ITC', style='normal', variant='normal', weight=400, stretch='normal', size='scalable')) = 10.05
15:55:46 [DEBUG   ] matplotlib.font_manager - findfont: score(FontEntry(fname='C:\\Windows\\Fonts\\seguisbi.ttf', name='Segoe UI', style='italic', variant='normal', weight=600, stretch='normal', size='scalable')) = 11.24
15:55:46 [DEBUG   ] matplotlib.font_manager - findfont: score(FontEntry(fname='C:\\Windows\\Fonts\\GLSNECB.TTF', name='Gill Sans MT Ext Condensed Bold', style='normal', variant='normal', weight=400, stretch='condensed', size='scalable')) = 10.25
15:55:46 [DEBUG   ] matplotlib.font_manager - findfont: score(FontEntry(fname='C:\\Windows\\Fonts\\VIVALDII.TTF', name='Vivaldi', style='italic', variant='normal', weight=400, stretch='normal', size='scalable')) = 11.05
15:55:46 [DEBUG   ] matplotlib.font_manager - findfont: score(FontEntry(fname='C:\\Windows\\Fonts\\SegUIVar.ttf', name='Segoe UI Variable', style='normal', variant='normal', weight=400, stretch='normal', size='scalable')) = 10.05
15:55:46 [DEBUG   ] matplotlib.font_manager - findfont: score(FontEntry(fname='C:\\Windows\\Fonts\\LFAXDI.TTF', name='Lucida Fax', style='italic', variant='normal', weight=600, stretch='normal', size='scalable')) = 11.24
15:55:46 [DEBUG   ] matplotlib.font_manager - findfont: score(FontEntry(fname='C:\\Windows\\Fonts\\CALIFB.TTF', name='Californian FB', style='normal', variant='normal', weight=700, stretch='normal', size='scalable')) = 10.335
15:55:46 [DEBUG   ] matplotlib.font_manager - findfont: score(FontEntry(fname='C:\\Windows\\Fonts\\segmdl2.ttf', name='Segoe MDL2 Assets', style='normal', variant='normal', weight=400, stretch='normal', size='scalable')) = 10.05
15:55:46 [DEBUG   ] matplotlib.font_manager - findfont: score(FontEntry(fname='C:\\Windows\\Fonts\\LBRITE.TTF', name='Lucida Bright', style='normal', variant='normal', weight=400, stretch='normal', size='scalable')) = 10.05
15:55:46 [DEBUG   ] matplotlib.font_manager - findfont: score(FontEntry(fname='C:\\Windows\\Fonts\\AGENCYR.TTF', name='Agency FB', style='normal', variant='normal', weight=400, stretch='normal', size='scalable')) = 10.05
15:55:46 [DEBUG   ] matplotlib.font_manager - findfont: score(FontEntry(fname='C:\\Windows\\Fonts\\CURLZ___.TTF', name='Curlz MT', style='normal', variant='normal', weight=400, stretch='normal', size='scalable')) = 10.05
15:55:46 [DEBUG   ] matplotlib.font_manager - findfont: score(FontEntry(fname='C:\\Windows\\Fonts\\trebucit.ttf', name='Trebuchet MS', style='italic', variant='normal', weight=400, stretch='normal', size='scalable')) = 11.05
15:55:46 [DEBUG   ] matplotlib.font_manager - findfont: score(FontEntry(fname='C:\\Windows\\Fonts\\seguili.ttf', name='Segoe UI', style='italic', variant='normal', weight=300, stretch='normal', size='scalable')) = 11.145
15:55:46 [DEBUG   ] matplotlib.font_manager - findfont: score(FontEntry(fname='C:\\Windows\\Fonts\\GIGI.TTF', name='Gigi', style='normal', variant='normal', weight=400, stretch='normal', size='scalable')) = 10.05
15:55:46 [DEBUG   ] matplotlib.font_manager - findfont: score(FontEntry(fname='C:\\Windows\\Fonts\\cambriaz.ttf', name='Cambria', style='italic', variant='normal', weight=700, stretch='normal', size='scalable')) = 11.335
15:55:46 [DEBUG   ] matplotlib.font_manager - findfont: score(FontEntry(fname='C:\\Windows\\Fonts\\corbelli.ttf', name='Corbel', style='italic', variant='normal', weight=300, stretch='normal', size='scalable')) = 11.145
15:55:46 [DEBUG   ] matplotlib.font_manager - findfont: score(FontEntry(fname='C:\\Windows\\Fonts\\calibrili.ttf', name='Calibri', style='italic', variant='normal', weight=300, stretch='normal', size='scalable')) = 11.145
15:55:46 [DEBUG   ] matplotlib.font_manager - findfont: score(FontEntry(fname='C:\\Windows\\Fonts\\CENSCBK.TTF', name='Century Schoolbook', style='normal', variant='normal', weight=400, stretch='normal', size='scalable')) = 10.05
15:55:46 [DEBUG   ] matplotlib.font_manager - findfont: score(FontEntry(fname='C:\\Windows\\Fonts\\ariblk.ttf', name='Arial', style='normal', variant='normal', weight=900, stretch='normal', size='scalable')) = 6.888636363636364
15:55:46 [DEBUG   ] matplotlib.font_manager - findfont: score(FontEntry(fname='C:\\Windows\\Fonts\\SCRIPTBL.TTF', name='Script MT Bold', style='normal', variant='normal', weight=700, stretch='normal', size='scalable')) = 10.335
15:55:46 [DEBUG   ] matplotlib.font_manager - findfont: score(FontEntry(fname='C:\\Windows\\Fonts\\Candaraz.ttf', name='Candara', style='italic', variant='normal', weight=700, stretch='normal', size='scalable')) = 11.335
15:55:46 [DEBUG   ] matplotlib.font_manager - findfont: score(FontEntry(fname='C:\\Windows\\Fonts\\SitkaVF-Italic.ttf', name='Sitka', style='italic', variant='normal', weight=400, stretch='normal', size='scalable')) = 11.05
15:55:46 [DEBUG   ] matplotlib.font_manager - findfont: score(FontEntry(fname='C:\\Windows\\Fonts\\BRLNSDB.TTF', name='Berlin Sans FB Demi', style='normal', variant='normal', weight=700, stretch='normal', size='scalable')) = 10.335
15:55:46 [DEBUG   ] matplotlib.font_manager - findfont: score(FontEntry(fname='C:\\Program Files (x86)\\Adobe\\Acrobat DC\\Resource\\Font\\AdobeDevanagari-Regular.otf', name='Adobe Devanagari', style='normal', variant='normal', weight=400, stretch='normal', size='scalable')) = 10.05
15:55:46 [DEBUG   ] matplotlib.font_manager - findfont: score(FontEntry(fname='C:\\Windows\\Fonts\\trebuc.ttf', name='Trebuchet MS', style='normal', variant='normal', weight=400, stretch='normal', size='scalable')) = 10.05
15:55:46 [DEBUG   ] matplotlib.font_manager - findfont: score(FontEntry(fname='C:\\Windows\\Fonts\\arial.ttf', name='Arial', style='normal', variant='normal', weight=400, stretch='normal', size='scalable')) = 6.413636363636363
15:55:46 [DEBUG   ] matplotlib.font_manager - findfont: score(FontEntry(fname='C:\\Windows\\Fonts\\impact.ttf', name='Impact', style='normal', variant='normal', weight=400, stretch='normal', size='scalable')) = 10.05
15:55:46 [DEBUG   ] matplotlib.font_manager - findfont: score(FontEntry(fname='C:\\Windows\\Fonts\\comicbd.ttf', name='Comic Sans MS', style='normal', variant='normal', weight=700, stretch='normal', size='scalable')) = 10.335
15:55:46 [DEBUG   ] matplotlib.font_manager - findfont: score(FontEntry(fname='C:\\Windows\\Fonts\\FRADM.TTF', name='Franklin Gothic Demi', style='normal', variant='normal', weight=400, stretch='normal', size='scalable')) = 10.05
15:55:46 [DEBUG   ] matplotlib.font_manager - findfont: score(FontEntry(fname='C:\\Windows\\Fonts\\l_10646.ttf', name='Lucida Sans Unicode', style='normal', variant='normal', weight=400, stretch='normal', size='scalable')) = 10.05
15:55:46 [DEBUG   ] matplotlib.font_manager - findfont: score(FontEntry(fname='C:\\Windows\\Fonts\\BOOKOSI.TTF', name='Bookman Old Style', style='italic', variant='normal', weight=300, stretch='normal', size='scalable')) = 11.145
15:55:46 [DEBUG   ] matplotlib.font_manager - findfont: score(FontEntry(fname='C:\\Windows\\Fonts\\LFAX.TTF', name='Lucida Fax', style='normal', variant='normal', weight=400, stretch='normal', size='scalable')) = 10.05
15:55:46 [DEBUG   ] matplotlib.font_manager - findfont: score(FontEntry(fname='C:\\Windows\\Fonts\\SCHLBKBI.TTF', name='Century Schoolbook', style='italic', variant='normal', weight=700, stretch='normal', size='scalable')) = 11.335
15:55:46 [DEBUG   ] matplotlib.font_manager - findfont: score(FontEntry(fname='C:\\Windows\\Fonts\\segoeuii.ttf', name='Segoe UI', style='italic', variant='normal', weight=400, stretch='normal', size='scalable')) = 11.05
15:55:46 [DEBUG   ] matplotlib.font_manager - findfont: score(FontEntry(fname='C:\\Windows\\Fonts\\BOD_B.TTF', name='Bodoni MT', style='normal', variant='normal', weight=700, stretch='normal', size='scalable')) = 10.335
15:55:46 [DEBUG   ] matplotlib.font_manager - findfont: score(FontEntry(fname='C:\\Windows\\Fonts\\BOD_CI.TTF', name='Bodoni MT', style='italic', variant='normal', weight=400, stretch='condensed', size='scalable')) = 11.25
15:55:46 [DEBUG   ] matplotlib.font_manager - findfont: score(FontEntry(fname='C:\\Windows\\Fonts\\FRADMCN.TTF', name='Franklin Gothic Demi Cond', style='normal', variant='normal', weight=400, stretch='condensed', size='scalable')) = 10.25
15:55:46 [DEBUG   ] matplotlib.font_manager - findfont: score(FontEntry(fname='C:\\Windows\\Fonts\\corbell.ttf', name='Corbel', style='normal', variant='normal', weight=300, stretch='normal', size='scalable')) = 10.145
15:55:46 [DEBUG   ] matplotlib.font_manager - findfont: score(FontEntry(fname='C:\\Windows\\Fonts\\segoeuil.ttf', name='Segoe UI', style='normal', variant='normal', weight=300, stretch='normal', size='scalable')) = 10.145
15:55:46 [DEBUG   ] matplotlib.font_manager - findfont: score(FontEntry(fname='C:\\Windows\\Fonts\\consolab.ttf', name='Consolas', style='normal', variant='normal', weight=700, stretch='normal', size='scalable')) = 10.335
15:55:46 [DEBUG   ] matplotlib.font_manager - findfont: score(FontEntry(fname='C:\\Windows\\Fonts\\CALISTI.TTF', name='Calisto MT', style='italic', variant='normal', weight=400, stretch='normal', size='scalable')) = 11.05
15:55:46 [DEBUG   ] matplotlib.font_manager - findfont: score(FontEntry(fname='C:\\Windows\\Fonts\\malgunsl.ttf', name='Malgun Gothic', style='normal', variant='normal', weight=300, stretch='normal', size='scalable')) = 10.145
15:55:46 [DEBUG   ] matplotlib.font_manager - findfont: score(FontEntry(fname='C:\\Windows\\Fonts\\seguihis.ttf', name='Segoe UI Historic', style='normal', variant='normal', weight=400, stretch='normal', size='scalable')) = 10.05
15:55:46 [DEBUG   ] matplotlib.font_manager - findfont: score(FontEntry(fname='C:\\Windows\\Fonts\\ntailub.ttf', name='Microsoft New Tai Lue', style='normal', variant='normal', weight=700, stretch='normal', size='scalable')) = 10.335
15:55:46 [DEBUG   ] matplotlib.font_manager - findfont: score(FontEntry(fname='C:\\Windows\\Fonts\\GILBI___.TTF', name='Gill Sans MT', style='italic', variant='normal', weight=700, stretch='normal', size='scalable')) = 11.335
15:55:46 [DEBUG   ] matplotlib.font_manager - findfont: score(FontEntry(fname='C:\\Windows\\Fonts\\mvboli.ttf', name='MV Boli', style='normal', variant='normal', weight=400, stretch='normal', size='scalable')) = 10.05
15:55:46 [DEBUG   ] matplotlib.font_manager - findfont: score(FontEntry(fname='C:\\Windows\\Fonts\\trebucbi.ttf', name='Trebuchet MS', style='italic', variant='normal', weight=700, stretch='normal', size='scalable')) = 11.335
15:55:46 [DEBUG   ] matplotlib.font_manager - findfont: score(FontEntry(fname='C:\\Windows\\Fonts\\COPRGTB.TTF', name='Copperplate Gothic Bold', style='normal', variant='normal', weight=400, stretch='normal', size='scalable')) = 10.05
15:55:46 [DEBUG   ] matplotlib.font_manager - findfont: score(FontEntry(fname='C:\\Windows\\Fonts\\REFSPCL.TTF', name='MS Reference Specialty', style='normal', variant='normal', weight=400, stretch='normal', size='scalable')) = 10.05
15:55:46 [DEBUG   ] matplotlib.font_manager - findfont: score(FontEntry(fname='C:\\Windows\\Fonts\\LCALLIG.TTF', name='Lucida Calligraphy', style='italic', variant='normal', weight=400, stretch='normal', size='scalable')) = 11.05
15:55:46 [DEBUG   ] matplotlib.font_manager - findfont: score(FontEntry(fname='C:\\Windows\\Fonts\\PLAYBILL.TTF', name='Playbill', style='normal', variant='normal', weight=400, stretch='normal', size='scalable')) = 10.05
15:55:46 [DEBUG   ] matplotlib.font_manager - findfont: score(FontEntry(fname='C:\\Windows\\Fonts\\segoescb.ttf', name='Segoe Script', style='normal', variant='normal', weight=700, stretch='normal', size='scalable')) = 10.335
15:55:46 [DEBUG   ] matplotlib.font_manager - findfont: score(FontEntry(fname='C:\\Windows\\Fonts\\corbelb.ttf', name='Corbel', style='normal', variant='normal', weight=700, stretch='normal', size='scalable')) = 10.335
15:55:46 [DEBUG   ] matplotlib.font_manager - findfont: score(FontEntry(fname='C:\\Windows\\Fonts\\palai.ttf', name='Palatino Linotype', style='italic', variant='normal', weight=400, stretch='normal', size='scalable')) = 11.05
15:55:46 [DEBUG   ] matplotlib.font_manager - findfont: score(FontEntry(fname='C:\\Windows\\Fonts\\phagspa.ttf', name='Microsoft PhagsPa', style='normal', variant='normal', weight=400, stretch='normal', size='scalable')) = 10.05
15:55:46 [DEBUG   ] matplotlib.font_manager - findfont: score(FontEntry(fname='C:\\Windows\\Fonts\\himalaya.ttf', name='Microsoft Himalaya', style='normal', variant='normal', weight=400, stretch='normal', size='scalable')) = 10.05
15:55:46 [DEBUG   ] matplotlib.font_manager - findfont: score(FontEntry(fname='C:\\Windows\\Fonts\\HARNGTON.TTF', name='Harrington', style='normal', variant='normal', weight=400, stretch='normal', size='scalable')) = 10.05
15:55:46 [DEBUG   ] matplotlib.font_manager - findfont: score(FontEntry(fname='C:\\Windows\\Fonts\\ONYX.TTF', name='Onyx', style='normal', variant='normal', weight=400, stretch='normal', size='scalable')) = 10.05
15:55:46 [DEBUG   ] matplotlib.font_manager - findfont: score(FontEntry(fname='C:\\Windows\\Fonts\\CASTELAR.TTF', name='Castellar', style='normal', variant='normal', weight=400, stretch='normal', size='scalable')) = 10.05
15:55:46 [DEBUG   ] matplotlib.font_manager - findfont: score(FontEntry(fname='C:\\Windows\\Fonts\\GOUDOSI.TTF', name='Goudy Old Style', style='italic', variant='normal', weight=400, stretch='normal', size='scalable')) = 11.05
15:55:46 [DEBUG   ] matplotlib.font_manager - findfont: score(FontEntry(fname='C:\\Windows\\Fonts\\ALGER.TTF', name='Algerian', style='normal', variant='normal', weight=400, stretch='normal', size='scalable')) = 10.05
15:55:46 [DEBUG   ] matplotlib.font_manager - findfont: score(FontEntry(fname='C:\\Windows\\Fonts\\segoeui.ttf', name='Segoe UI', style='normal', variant='normal', weight=400, stretch='normal', size='scalable')) = 10.05
15:55:46 [DEBUG   ] matplotlib.font_manager - findfont: score(FontEntry(fname='C:\\Windows\\Fonts\\BRLNSB.TTF', name='Berlin Sans FB', style='normal', variant='normal', weight=700, stretch='normal', size='scalable')) = 10.335
15:55:46 [DEBUG   ] matplotlib.font_manager - findfont: score(FontEntry(fname='C:\\Windows\\Fonts\\javatext.ttf', name='Javanese Text', style='normal', variant='normal', weight=400, stretch='normal', size='scalable')) = 10.05
15:55:46 [DEBUG   ] matplotlib.font_manager - findfont: score(FontEntry(fname='C:\\Windows\\Fonts\\BROADW.TTF', name='Broadway', style='normal', variant='normal', weight=400, stretch='normal', size='scalable')) = 10.05
15:55:46 [DEBUG   ] matplotlib.font_manager - findfont: score(FontEntry(fname='C:\\Windows\\Fonts\\LTYPEO.TTF', name='Lucida Sans Typewriter', style='oblique', variant='normal', weight=400, stretch='normal', size='scalable')) = 11.05
15:55:46 [DEBUG   ] matplotlib.font_manager - findfont: score(FontEntry(fname='C:\\Windows\\Fonts\\ARIALN.TTF', name='Arial', style='normal', variant='normal', weight=400, stretch='condensed', size='scalable')) = 6.613636363636363
15:55:46 [DEBUG   ] matplotlib.font_manager - findfont: score(FontEntry(fname='C:\\Windows\\Fonts\\comic.ttf', name='Comic Sans MS', style='normal', variant='normal', weight=400, stretch='normal', size='scalable')) = 10.05
15:55:46 [DEBUG   ] matplotlib.font_manager - findfont: score(FontEntry(fname='C:\\Windows\\Fonts\\GARABD.TTF', name='Garamond', style='normal', variant='normal', weight=700, stretch='normal', size='scalable')) = 10.335
15:55:46 [DEBUG   ] matplotlib.font_manager - findfont: score(FontEntry(fname='C:\\Windows\\Fonts\\JOKERMAN.TTF', name='Jokerman', style='normal', variant='normal', weight=400, stretch='normal', size='scalable')) = 10.05
15:55:46 [DEBUG   ] matplotlib.font_manager - findfont: score(FontEntry(fname='C:\\Windows\\Fonts\\CascadiaCode.ttf', name='Cascadia Code', style='normal', variant='normal', weight=400, stretch='normal', size='scalable')) = 10.05
15:55:46 [DEBUG   ] matplotlib.font_manager - findfont: score(FontEntry(fname='C:\\Windows\\Fonts\\VLADIMIR.TTF', name='Vladimir Script', style='normal', variant='normal', weight=400, stretch='normal', size='scalable')) = 10.05
15:55:46 [DEBUG   ] matplotlib.font_manager - findfont: score(FontEntry(fname='C:\\Windows\\Fonts\\GILB____.TTF', name='Gill Sans MT', style='normal', variant='normal', weight=700, stretch='normal', size='scalable')) = 10.335
15:55:46 [DEBUG   ] matplotlib.font_manager - findfont: score(FontEntry(fname='C:\\Windows\\Fonts\\palabi.ttf', name='Palatino Linotype', style='italic', variant='normal', weight=700, stretch='normal', size='scalable')) = 11.335
15:55:46 [DEBUG   ] matplotlib.font_manager - findfont: score(FontEntry(fname='C:\\Windows\\Fonts\\BOD_CB.TTF', name='Bodoni MT', style='normal', variant='normal', weight=700, stretch='condensed', size='scalable')) = 10.535
15:55:46 [DEBUG   ] matplotlib.font_manager - findfont: score(FontEntry(fname='C:\\Windows\\Fonts\\GARAIT.TTF', name='Garamond', style='italic', variant='normal', weight=400, stretch='normal', size='scalable')) = 11.05
15:55:46 [DEBUG   ] matplotlib.font_manager - findfont: score(FontEntry(fname='C:\\Windows\\Fonts\\FRAHV.TTF', name='Franklin Gothic Heavy', style='normal', variant='normal', weight=400, stretch='normal', size='scalable')) = 10.05
15:55:46 [DEBUG   ] matplotlib.font_manager - findfont: score(FontEntry(fname='C:\\Windows\\Fonts\\BOD_BI.TTF', name='Bodoni MT', style='italic', variant='normal', weight=700, stretch='normal', size='scalable')) = 11.335
15:55:46 [DEBUG   ] matplotlib.font_manager - findfont: score(FontEntry(fname='C:\\Windows\\Fonts\\Candara.ttf', name='Candara', style='normal', variant='normal', weight=400, stretch='normal', size='scalable')) = 10.05
15:55:46 [DEBUG   ] matplotlib.font_manager - findfont: score(FontEntry(fname='C:\\Windows\\Fonts\\BERNHC.TTF', name='Bernard MT Condensed', style='normal', variant='normal', weight=400, stretch='condensed', size='scalable')) = 10.25
15:55:46 [DEBUG   ] matplotlib.font_manager - findfont: score(FontEntry(fname='C:\\Windows\\Fonts\\ERASBD.TTF', name='Eras Bold ITC', style='normal', variant='normal', weight=400, stretch='normal', size='scalable')) = 10.05
15:55:46 [DEBUG   ] matplotlib.font_manager - findfont: score(FontEntry(fname='C:\\Windows\\Fonts\\YuGothL.ttc', name='Yu Gothic', style='normal', variant='normal', weight=300, stretch='normal', size='scalable')) = 10.145
15:55:46 [DEBUG   ] matplotlib.font_manager - findfont: score(FontEntry(fname='C:\\Windows\\Fonts\\MATURASC.TTF', name='Matura MT Script Capitals', style='normal', variant='normal', weight=400, stretch='normal', size='scalable')) = 10.05
15:55:46 [DEBUG   ] matplotlib.font_manager - findfont: score(FontEntry(fname='C:\\Windows\\Fonts\\PALSCRI.TTF', name='Palace Script MT', style='normal', variant='normal', weight=400, stretch='normal', size='scalable')) = 10.05
15:55:46 [DEBUG   ] matplotlib.font_manager - findfont: score(FontEntry(fname='C:\\Windows\\Fonts\\GIL_____.TTF', name='Gill Sans MT', style='normal', variant='normal', weight=400, stretch='normal', size='scalable')) = 10.05
15:55:46 [DEBUG   ] matplotlib.font_manager - findfont: score(FontEntry(fname='C:\\Program Files (x86)\\IBM\\SPSS\\Amos\\24\\JRE\\lib\\fonts\\LucidaBrightRegular.ttf', name='Lucida Bright', style='normal', variant='normal', weight=400, stretch='normal', size='scalable')) = 10.05
15:55:46 [DEBUG   ] matplotlib.font_manager - findfont: score(FontEntry(fname='C:\\Windows\\Fonts\\LeelaUIb.ttf', name='Leelawadee UI', style='normal', variant='normal', weight=700, stretch='normal', size='scalable')) = 10.335
15:55:46 [DEBUG   ] matplotlib.font_manager - findfont: score(FontEntry(fname='C:\\Windows\\Fonts\\HTOWERT.TTF', name='High Tower Text', style='normal', variant='normal', weight=400, stretch='normal', size='scalable')) = 10.05
15:55:46 [DEBUG   ] matplotlib.font_manager - findfont: score(FontEntry(fname='C:\\Windows\\Fonts\\LTYPEBO.TTF', name='Lucida Sans Typewriter', style='oblique', variant='normal', weight=600, stretch='normal', size='scalable')) = 11.24
15:55:46 [DEBUG   ] matplotlib.font_manager - findfont: score(FontEntry(fname='C:\\Windows\\Fonts\\micross.ttf', name='Microsoft Sans Serif', style='normal', variant='normal', weight=400, stretch='normal', size='scalable')) = 10.05
15:55:46 [DEBUG   ] matplotlib.font_manager - findfont: score(FontEntry(fname='C:\\Windows\\Fonts\\TCM_____.TTF', name='Tw Cen MT', style='normal', variant='normal', weight=400, stretch='normal', size='scalable')) = 10.05
15:55:46 [DEBUG   ] matplotlib.font_manager - findfont: score(FontEntry(fname='C:\\Windows\\Fonts\\BOOKOSB.TTF', name='Bookman Old Style', style='normal', variant='normal', weight=600, stretch='normal', size='scalable')) = 10.24
15:55:46 [DEBUG   ] matplotlib.font_manager - findfont: score(FontEntry(fname='C:\\Windows\\Fonts\\consola.ttf', name='Consolas', style='normal', variant='normal', weight=400, stretch='normal', size='scalable')) = 10.05
15:55:46 [DEBUG   ] matplotlib.font_manager - findfont: score(FontEntry(fname='C:\\Windows\\Fonts\\ERASMD.TTF', name='Eras Medium ITC', style='normal', variant='normal', weight=400, stretch='normal', size='scalable')) = 10.05
15:55:46 [DEBUG   ] matplotlib.font_manager - findfont: score(FontEntry(fname='C:\\Windows\\Fonts\\BOD_BLAI.TTF', name='Bodoni MT', style='italic', variant='normal', weight=900, stretch='normal', size='scalable')) = 11.525
15:55:46 [DEBUG   ] matplotlib.font_manager - findfont: score(FontEntry(fname='C:\\Windows\\Fonts\\couri.ttf', name='Courier New', style='italic', variant='normal', weight=400, stretch='normal', size='scalable')) = 11.05
15:55:46 [DEBUG   ] matplotlib.font_manager - findfont: score(FontEntry(fname='C:\\Windows\\Fonts\\calibrib.ttf', name='Calibri', style='normal', variant='normal', weight=700, stretch='normal', size='scalable')) = 10.335
15:55:46 [DEBUG   ] matplotlib.font_manager - findfont: score(FontEntry(fname='C:\\Windows\\Fonts\\segoeuib.ttf', name='Segoe UI', style='normal', variant='normal', weight=700, stretch='normal', size='scalable')) = 10.335
15:55:46 [DEBUG   ] matplotlib.font_manager - findfont: score(FontEntry(fname='C:\\Windows\\Fonts\\HTOWERTI.TTF', name='High Tower Text', style='italic', variant='normal', weight=400, stretch='normal', size='scalable')) = 11.05
15:55:46 [DEBUG   ] matplotlib.font_manager - findfont: score(FontEntry(fname='C:\\Windows\\Fonts\\seguiemj.ttf', name='Segoe UI Emoji', style='normal', variant='normal', weight=400, stretch='normal', size='scalable')) = 10.05
15:55:46 [DEBUG   ] matplotlib.font_manager - findfont: score(FontEntry(fname='C:\\Windows\\Fonts\\ROCC____.TTF', name='Rockwell Condensed', style='normal', variant='normal', weight=400, stretch='condensed', size='scalable')) = 10.25
15:55:46 [DEBUG   ] matplotlib.font_manager - findfont: score(FontEntry(fname='C:\\Windows\\Fonts\\LeelawUI.ttf', name='Leelawadee UI', style='normal', variant='normal', weight=400, stretch='normal', size='scalable')) = 10.05
15:55:46 [DEBUG   ] matplotlib.font_manager - findfont: score(FontEntry(fname='C:\\Windows\\Fonts\\TEMPSITC.TTF', name='Tempus Sans ITC', style='normal', variant='normal', weight=400, stretch='normal', size='scalable')) = 10.05
15:55:46 [DEBUG   ] matplotlib.font_manager - findfont: score(FontEntry(fname='C:\\Windows\\Fonts\\tahomabd.ttf', name='Tahoma', style='normal', variant='normal', weight=700, stretch='normal', size='scalable')) = 10.335
15:55:46 [DEBUG   ] matplotlib.font_manager - findfont: score(FontEntry(fname='C:\\Windows\\Fonts\\comici.ttf', name='Comic Sans MS', style='italic', variant='normal', weight=400, stretch='normal', size='scalable')) = 11.05
15:55:46 [DEBUG   ] matplotlib.font_manager - findfont: score(FontEntry(fname='C:\\Windows\\Fonts\\YuGothR.ttc', name='Yu Gothic', style='normal', variant='normal', weight=400, stretch='normal', size='scalable')) = 10.05
15:55:46 [DEBUG   ] matplotlib.font_manager - findfont: score(FontEntry(fname='C:\\Windows\\Fonts\\PERB____.TTF', name='Perpetua', style='normal', variant='normal', weight=700, stretch='normal', size='scalable')) = 10.335
15:55:46 [DEBUG   ] matplotlib.font_manager - findfont: score(FontEntry(fname='C:\\Windows\\Fonts\\BSSYM7.TTF', name='Bookshelf Symbol 7', style='normal', variant='normal', weight=400, stretch='normal', size='scalable')) = 10.05
15:55:46 [DEBUG   ] matplotlib.font_manager - findfont: score(FontEntry(fname='C:\\Windows\\Fonts\\PERI____.TTF', name='Perpetua', style='italic', variant='normal', weight=400, stretch='normal', size='scalable')) = 11.05
15:55:46 [DEBUG   ] matplotlib.font_manager - findfont: score(FontEntry(fname='C:\\Windows\\Fonts\\segoeprb.ttf', name='Segoe Print', style='normal', variant='normal', weight=700, stretch='normal', size='scalable')) = 10.335
15:55:46 [DEBUG   ] matplotlib.font_manager - findfont: score(FontEntry(fname='C:\\Windows\\Fonts\\DUBAI-LIGHT.TTF', name='Dubai', style='normal', variant='normal', weight=300, stretch='normal', size='scalable')) = 10.145
15:55:46 [DEBUG   ] matplotlib.font_manager - findfont: score(FontEntry(fname='C:\\Windows\\Fonts\\LFAXI.TTF', name='Lucida Fax', style='italic', variant='normal', weight=400, stretch='normal', size='scalable')) = 11.05
15:55:46 [DEBUG   ] matplotlib.font_manager - findfont: score(FontEntry(fname='C:\\Windows\\Fonts\\Candarai.ttf', name='Candara', style='italic', variant='normal', weight=400, stretch='normal', size='scalable')) = 11.05
15:55:46 [DEBUG   ] matplotlib.font_manager - findfont: score(FontEntry(fname='C:\\Windows\\Fonts\\CALISTB.TTF', name='Calisto MT', style='normal', variant='normal', weight=700, stretch='normal', size='scalable')) = 10.335
15:55:46 [DEBUG   ] matplotlib.font_manager - findfont: score(FontEntry(fname='C:\\Windows\\Fonts\\Nirmala.ttc', name='Nirmala UI', style='normal', variant='normal', weight=400, stretch='normal', size='scalable')) = 10.05
15:55:46 [DEBUG   ] matplotlib.font_manager - findfont: score(FontEntry(fname='C:\\Windows\\Fonts\\FTLTLT.TTF', name='Footlight MT Light', style='normal', variant='normal', weight=300, stretch='normal', size='scalable')) = 10.145
15:55:46 [DEBUG   ] matplotlib.font_manager - findfont: score(FontEntry(fname='C:\\Windows\\Fonts\\Candarali.ttf', name='Candara', style='italic', variant='normal', weight=400, stretch='normal', size='scalable')) = 11.05
15:55:46 [DEBUG   ] matplotlib.font_manager - findfont: score(FontEntry(fname='C:\\Windows\\Fonts\\lucon.ttf', name='Lucida Console', style='normal', variant='normal', weight=400, stretch='normal', size='scalable')) = 10.05
15:55:46 [DEBUG   ] matplotlib.font_manager - findfont: score(FontEntry(fname='C:\\Windows\\Fonts\\FORTE.TTF', name='Forte', style='normal', variant='normal', weight=400, stretch='normal', size='scalable')) = 10.05
15:55:46 [DEBUG   ] matplotlib.font_manager - findfont: score(FontEntry(fname='C:\\Windows\\Fonts\\BELLI.TTF', name='Bell MT', style='italic', variant='normal', weight=400, stretch='normal', size='scalable')) = 11.05
15:55:46 [DEBUG   ] matplotlib.font_manager - findfont: score(FontEntry(fname='C:\\Windows\\Fonts\\ARIALNI.TTF', name='Arial', style='italic', variant='normal', weight=400, stretch='condensed', size='scalable')) = 7.613636363636363
15:55:46 [DEBUG   ] matplotlib.font_manager - findfont: score(FontEntry(fname='C:\\Program Files (x86)\\IBM\\SPSS\\Amos\\24\\JRE\\lib\\fonts\\LucidaTypewriterBold.ttf', name='Lucida Sans Typewriter', style='normal', variant='normal', weight=700, stretch='normal', size='scalable')) = 10.335
15:55:46 [DEBUG   ] matplotlib.font_manager - findfont: score(FontEntry(fname='C:\\Windows\\Fonts\\ROCCB___.TTF', name='Rockwell Condensed', style='normal', variant='normal', weight=700, stretch='condensed', size='scalable')) = 10.535
15:55:46 [DEBUG   ] matplotlib.font_manager - findfont: score(FontEntry(fname='C:\\Windows\\Fonts\\ROCKI.TTF', name='Rockwell', style='italic', variant='normal', weight=400, stretch='normal', size='scalable')) = 11.05
15:55:46 [DEBUG   ] matplotlib.font_manager - findfont: score(FontEntry(fname='C:\\Windows\\Fonts\\ROCKEB.TTF', name='Rockwell Extra Bold', style='normal', variant='normal', weight=800, stretch='normal', size='scalable')) = 10.43
15:55:46 [DEBUG   ] matplotlib.font_manager - findfont: score(FontEntry(fname='C:\\Windows\\Fonts\\FELIXTI.TTF', name='Felix Titling', style='normal', variant='normal', weight=400, stretch='normal', size='scalable')) = 10.05
15:55:46 [DEBUG   ] matplotlib.font_manager - findfont: score(FontEntry(fname='C:\\Windows\\Fonts\\msgothic.ttc', name='MS Gothic', style='normal', variant='normal', weight=400, stretch='normal', size='scalable')) = 10.05
15:55:46 [DEBUG   ] matplotlib.font_manager - findfont: score(FontEntry(fname='C:\\Windows\\Fonts\\BOD_I.TTF', name='Bodoni MT', style='italic', variant='normal', weight=400, stretch='normal', size='scalable')) = 11.05
15:55:46 [DEBUG   ] matplotlib.font_manager - findfont: score(FontEntry(fname='C:\\Windows\\Fonts\\ROCK.TTF', name='Rockwell', style='normal', variant='normal', weight=400, stretch='normal', size='scalable')) = 10.05
15:55:46 [DEBUG   ] matplotlib.font_manager - findfont: score(FontEntry(fname='C:\\Program Files (x86)\\Adobe\\Acrobat DC\\Resource\\Font\\AdobeDevanagari-Bold.otf', name='Adobe Devanagari', style='normal', variant='normal', weight=700, stretch='normal', size='scalable')) = 10.335
15:55:46 [DEBUG   ] matplotlib.font_manager - findfont: score(FontEntry(fname='C:\\Windows\\Fonts\\PER_____.TTF', name='Perpetua', style='normal', variant='normal', weight=400, stretch='normal', size='scalable')) = 10.05
15:55:46 [DEBUG   ] matplotlib.font_manager - findfont: score(FontEntry(fname='C:\\Windows\\Fonts\\wingding.ttf', name='Wingdings', style='normal', variant='normal', weight=400, stretch='normal', size='scalable')) = 10.05
15:55:46 [DEBUG   ] matplotlib.font_manager - findfont: score(FontEntry(fname='C:\\Windows\\Fonts\\ITCEDSCR.TTF', name='Edwardian Script ITC', style='normal', variant='normal', weight=400, stretch='normal', size='scalable')) = 10.05
15:55:46 [DEBUG   ] matplotlib.font_manager - findfont: score(FontEntry(fname='C:\\Windows\\Fonts\\YuGothM.ttc', name='Yu Gothic', style='normal', variant='normal', weight=500, stretch='normal', size='scalable')) = 10.145
15:55:46 [DEBUG   ] matplotlib.font_manager - findfont: score(FontEntry(fname='C:\\Windows\\Fonts\\SNAP____.TTF', name='Snap ITC', style='normal', variant='normal', weight=400, stretch='normal', size='scalable')) = 10.05
15:55:46 [DEBUG   ] matplotlib.font_manager - findfont: score(FontEntry(fname='C:\\Windows\\Fonts\\ELEPHNTI.TTF', name='Elephant', style='italic', variant='normal', weight=400, stretch='normal', size='scalable')) = 11.05
15:55:46 [DEBUG   ] matplotlib.font_manager - findfont: score(FontEntry(fname='C:\\Windows\\Fonts\\GILC____.TTF', name='Gill Sans MT Condensed', style='normal', variant='normal', weight=400, stretch='condensed', size='scalable')) = 10.25
15:55:46 [DEBUG   ] matplotlib.font_manager - findfont: score(FontEntry(fname='C:\\Windows\\Fonts\\BOD_R.TTF', name='Bodoni MT', style='normal', variant='normal', weight=400, stretch='normal', size='scalable')) = 10.05
15:55:46 [DEBUG   ] matplotlib.font_manager - findfont: score(FontEntry(fname='C:\\Windows\\Fonts\\NIAGSOL.TTF', name='Niagara Solid', style='normal', variant='normal', weight=400, stretch='normal', size='scalable')) = 10.05
15:55:46 [DEBUG   ] matplotlib.font_manager - findfont: score(FontEntry(fname='C:\\Windows\\Fonts\\DUBAI-BOLD.TTF', name='Dubai', style='normal', variant='normal', weight=700, stretch='normal', size='scalable')) = 10.335
15:55:46 [DEBUG   ] matplotlib.font_manager - findfont: score(FontEntry(fname='C:\\Windows\\Fonts\\corbeli.ttf', name='Corbel', style='italic', variant='normal', weight=400, stretch='normal', size='scalable')) = 11.05
15:55:46 [DEBUG   ] matplotlib.font_manager - findfont: score(FontEntry(fname='C:\\Windows\\Fonts\\sylfaen.ttf', name='Sylfaen', style='normal', variant='normal', weight=400, stretch='normal', size='scalable')) = 10.05
15:55:46 [DEBUG   ] matplotlib.font_manager - findfont: score(FontEntry(fname='C:\\Windows\\Fonts\\georgiab.ttf', name='Georgia', style='normal', variant='normal', weight=700, stretch='normal', size='scalable')) = 10.335
15:55:46 [DEBUG   ] matplotlib.font_manager - findfont: score(FontEntry(fname='C:\\Windows\\Fonts\\COPRGTL.TTF', name='Copperplate Gothic Light', style='normal', variant='normal', weight=400, stretch='normal', size='scalable')) = 10.05
15:55:46 [DEBUG   ] matplotlib.font_manager - findfont: score(FontEntry(fname='C:\\Windows\\Fonts\\pala.ttf', name='Palatino Linotype', style='normal', variant='normal', weight=400, stretch='normal', size='scalable')) = 10.05
15:55:46 [DEBUG   ] matplotlib.font_manager - findfont: score(FontEntry(fname='C:\\Windows\\Fonts\\MTCORSVA.TTF', name='Monotype Corsiva', style='normal', variant='normal', weight=400, stretch='normal', size='scalable')) = 10.05
15:55:46 [DEBUG   ] matplotlib.font_manager - findfont: score(FontEntry(fname='C:\\Windows\\Fonts\\msyi.ttf', name='Microsoft Yi Baiti', style='normal', variant='normal', weight=400, stretch='normal', size='scalable')) = 10.05
15:55:46 [DEBUG   ] matplotlib.font_manager - findfont: score(FontEntry(fname='C:\\Windows\\Fonts\\arialbd.ttf', name='Arial', style='normal', variant='normal', weight=700, stretch='normal', size='scalable')) = 6.698636363636363
15:55:46 [DEBUG   ] matplotlib.font_manager - findfont: score(FontEntry(fname='C:\\Windows\\Fonts\\LSANSDI.TTF', name='Lucida Sans', style='italic', variant='normal', weight=600, stretch='normal', size='scalable')) = 11.24
15:55:46 [DEBUG   ] matplotlib.font_manager - findfont: score(FontEntry(fname='C:\\Windows\\Fonts\\SitkaVF.ttf', name='Sitka', style='normal', variant='normal', weight=400, stretch='normal', size='scalable')) = 10.05
15:55:46 [DEBUG   ] matplotlib.font_manager - findfont: score(FontEntry(fname='C:\\Windows\\Fonts\\PERTILI.TTF', name='Perpetua Titling MT', style='normal', variant='normal', weight=300, stretch='normal', size='scalable')) = 10.145
15:55:46 [DEBUG   ] matplotlib.font_manager - findfont: score(FontEntry(fname='C:\\Windows\\Fonts\\times.ttf', name='Times New Roman', style='normal', variant='normal', weight=400, stretch='normal', size='scalable')) = 10.05
15:55:46 [DEBUG   ] matplotlib.font_manager - findfont: score(FontEntry(fname='C:\\Windows\\Fonts\\ARIALNBI.TTF', name='Arial', style='italic', variant='normal', weight=700, stretch='condensed', size='scalable')) = 7.8986363636363635
15:55:46 [DEBUG   ] matplotlib.font_manager - findfont: score(FontEntry(fname='C:\\Windows\\Fonts\\POORICH.TTF', name='Poor Richard', style='normal', variant='normal', weight=400, stretch='normal', size='scalable')) = 10.05
15:55:46 [DEBUG   ] matplotlib.font_manager - findfont: score(FontEntry(fname='C:\\Windows\\Fonts\\calibrii.ttf', name='Calibri', style='italic', variant='normal', weight=400, stretch='normal', size='scalable')) = 11.05
15:55:46 [DEBUG   ] matplotlib.font_manager - findfont: score(FontEntry(fname='C:\\Windows\\Fonts\\ARLRDBD.TTF', name='Arial Rounded MT Bold', style='normal', variant='normal', weight=400, stretch='normal', size='scalable')) = 10.05
15:55:46 [DEBUG   ] matplotlib.font_manager - findfont: score(FontEntry(fname='C:\\Windows\\Fonts\\AGENCYB.TTF', name='Agency FB', style='normal', variant='normal', weight=700, stretch='normal', size='scalable')) = 10.335
15:55:46 [DEBUG   ] matplotlib.font_manager - findfont: score(FontEntry(fname='C:\\Windows\\Fonts\\seguisli.ttf', name='Segoe UI', style='italic', variant='normal', weight=350, stretch='normal', size='scalable')) = 11.0975
15:55:46 [DEBUG   ] matplotlib.font_manager - findfont: score(FontEntry(fname='C:\\Windows\\Fonts\\TCB_____.TTF', name='Tw Cen MT', style='normal', variant='normal', weight=700, stretch='normal', size='scalable')) = 10.335
15:55:46 [DEBUG   ] matplotlib.font_manager - findfont: score(FontEntry(fname='C:\\Windows\\Fonts\\CascadiaMono.ttf', name='Cascadia Mono', style='normal', variant='normal', weight=400, stretch='normal', size='scalable')) = 10.05
15:55:46 [DEBUG   ] matplotlib.font_manager - findfont: score(FontEntry(fname='C:\\Windows\\Fonts\\JUICE___.TTF', name='Juice ITC', style='normal', variant='normal', weight=400, stretch='normal', size='scalable')) = 10.05
15:55:46 [DEBUG   ] matplotlib.font_manager - findfont: score(FontEntry(fname='C:\\Windows\\Fonts\\REFSAN.TTF', name='MS Reference Sans Serif', style='normal', variant='normal', weight=400, stretch='normal', size='scalable')) = 10.05
15:55:46 [DEBUG   ] matplotlib.font_manager - findfont: Matching sans\-serif:style=normal:variant=normal:weight=normal:stretch=normal:size=9.5 to DejaVu Sans ('C:\\Users\\DELL\\AppData\\Local\\Programs\\Python\\Python314\\Lib\\site-packages\\matplotlib\\mpl-data\\fonts\\ttf\\DejaVuSans.ttf') with score of 0.050000.
15:55:46 [DEBUG   ] matplotlib.colorbar - locator: <matplotlib.ticker.AutoLocator object at 0x00000155542A96E0>
15:55:46 [DEBUG   ] matplotlib.font_manager - findfont: Matching sans\-serif:style=normal:variant=normal:weight=bold:stretch=normal:size=11.4.
15:55:46 [DEBUG   ] matplotlib.font_manager - findfont: score(FontEntry(fname='C:\\Users\\DELL\\AppData\\Local\\Programs\\Python\\Python314\\Lib\\site-packages\\matplotlib\\mpl-data\\fonts\\ttf\\DejaVuSerif-Bold.ttf', name='DejaVu Serif', style='normal', variant='normal', weight=700, stretch='normal', size='scalable')) = 10.05
15:55:46 [DEBUG   ] matplotlib.font_manager - findfont: score(FontEntry(fname='C:\\Users\\DELL\\AppData\\Local\\Programs\\Python\\Python314\\Lib\\site-packages\\matplotlib\\mpl-data\\fonts\\ttf\\STIXSizFourSymBol.ttf', name='STIXSizeFourSym', style='normal', variant='normal', weight=700, stretch='normal', size='scalable')) = 10.05
15:55:46 [DEBUG   ] matplotlib.font_manager - findfont: score(FontEntry(fname='C:\\Users\\DELL\\AppData\\Local\\Programs\\Python\\Python314\\Lib\\site-packages\\matplotlib\\mpl-data\\fonts\\ttf\\STIXSizThreeSymReg.ttf', name='STIXSizeThreeSym', style='normal', variant='normal', weight=400, stretch='normal', size='scalable')) = 10.335
15:55:46 [DEBUG   ] matplotlib.font_manager - findfont: score(FontEntry(fname='C:\\Users\\DELL\\AppData\\Local\\Programs\\Python\\Python314\\Lib\\site-packages\\matplotlib\\mpl-data\\fonts\\ttf\\DejaVuSansMono.ttf', name='DejaVu Sans Mono', style='normal', variant='normal', weight=400, stretch='normal', size='scalable')) = 10.335
15:55:46 [DEBUG   ] matplotlib.font_manager - findfont: score(FontEntry(fname='C:\\Users\\DELL\\AppData\\Local\\Programs\\Python\\Python314\\Lib\\site-packages\\matplotlib\\mpl-data\\fonts\\ttf\\cmmi10.ttf', name='cmmi10', style='normal', variant='normal', weight=400, stretch='normal', size='scalable')) = 10.335
15:55:46 [DEBUG   ] matplotlib.font_manager - findfont: score(FontEntry(fname='C:\\Users\\DELL\\AppData\\Local\\Programs\\Python\\Python314\\Lib\\site-packages\\matplotlib\\mpl-data\\fonts\\ttf\\STIXNonUniIta.ttf', name='STIXNonUnicode', style='italic', variant='normal', weight=400, stretch='normal', size='scalable')) = 11.335
15:55:46 [DEBUG   ] matplotlib.font_manager - findfont: score(FontEntry(fname='C:\\Users\\DELL\\AppData\\Local\\Programs\\Python\\Python314\\Lib\\site-packages\\matplotlib\\mpl-data\\fonts\\ttf\\STIXSizTwoSymReg.ttf', name='STIXSizeTwoSym', style='normal', variant='normal', weight=400, stretch='normal', size='scalable')) = 10.335
15:55:46 [DEBUG   ] matplotlib.font_manager - findfont: score(FontEntry(fname='C:\\Users\\DELL\\AppData\\Local\\Programs\\Python\\Python314\\Lib\\site-packages\\matplotlib\\mpl-data\\fonts\\ttf\\DejaVuSans.ttf', name='DejaVu Sans', style='normal', variant='normal', weight=400, stretch='normal', size='scalable')) = 0.33499999999999996
15:55:46 [DEBUG   ] matplotlib.font_manager - findfont: score(FontEntry(fname='C:\\Users\\DELL\\AppData\\Local\\Programs\\Python\\Python314\\Lib\\site-packages\\matplotlib\\mpl-data\\fonts\\ttf\\DejaVuSansMono-BoldOblique.ttf', name='DejaVu Sans Mono', style='oblique', variant='normal', weight=700, stretch='normal', size='scalable')) = 11.05
15:55:46 [DEBUG   ] matplotlib.font_manager - findfont: score(FontEntry(fname='C:\\Users\\DELL\\AppData\\Local\\Programs\\Python\\Python314\\Lib\\site-packages\\matplotlib\\mpl-data\\fonts\\ttf\\STIXGeneralBol.ttf', name='STIXGeneral', style='normal', variant='normal', weight=700, stretch='normal', size='scalable')) = 10.05
15:55:46 [DEBUG   ] matplotlib.font_manager - findfont: score(FontEntry(fname='C:\\Users\\DELL\\AppData\\Local\\Programs\\Python\\Python314\\Lib\\site-packages\\matplotlib\\mpl-data\\fonts\\ttf\\cmb10.ttf', name='cmb10', style='normal', variant='normal', weight=400, stretch='normal', size='scalable')) = 10.335
15:55:46 [DEBUG   ] matplotlib.font_manager - findfont: score(FontEntry(fname='C:\\Users\\DELL\\AppData\\Local\\Programs\\Python\\Python314\\Lib\\site-packages\\matplotlib\\mpl-data\\fonts\\ttf\\STIXGeneralBolIta.ttf', name='STIXGeneral', style='italic', variant='normal', weight=700, stretch='normal', size='scalable')) = 11.05
15:55:46 [DEBUG   ] matplotlib.font_manager - findfont: score(FontEntry(fname='C:\\Users\\DELL\\AppData\\Local\\Programs\\Python\\Python314\\Lib\\site-packages\\matplotlib\\mpl-data\\fonts\\ttf\\DejaVuSansMono-Oblique.ttf', name='DejaVu Sans Mono', style='oblique', variant='normal', weight=400, stretch='normal', size='scalable')) = 11.335
15:55:46 [DEBUG   ] matplotlib.font_manager - findfont: score(FontEntry(fname='C:\\Users\\DELL\\AppData\\Local\\Programs\\Python\\Python314\\Lib\\site-packages\\matplotlib\\mpl-data\\fonts\\ttf\\STIXSizFourSymReg.ttf', name='STIXSizeFourSym', style='normal', variant='normal', weight=400, stretch='normal', size='scalable')) = 10.335
15:55:46 [DEBUG   ] matplotlib.font_manager - findfont: score(FontEntry(fname='C:\\Users\\DELL\\AppData\\Local\\Programs\\Python\\Python314\\Lib\\site-packages\\matplotlib\\mpl-data\\fonts\\ttf\\STIXSizThreeSymBol.ttf', name='STIXSizeThreeSym', style='normal', variant='normal', weight=700, stretch='normal', size='scalable')) = 10.05
15:55:46 [DEBUG   ] matplotlib.font_manager - findfont: score(FontEntry(fname='C:\\Users\\DELL\\AppData\\Local\\Programs\\Python\\Python314\\Lib\\site-packages\\matplotlib\\mpl-data\\fonts\\ttf\\cmtt10.ttf', name='cmtt10', style='normal', variant='normal', weight=400, stretch='normal', size='scalable')) = 10.335
15:55:46 [DEBUG   ] matplotlib.font_manager - findfont: score(FontEntry(fname='C:\\Users\\DELL\\AppData\\Local\\Programs\\Python\\Python314\\Lib\\site-packages\\matplotlib\\mpl-data\\fonts\\ttf\\cmr10.ttf', name='cmr10', style='normal', variant='normal', weight=400, stretch='normal', size='scalable')) = 10.335
15:55:46 [DEBUG   ] matplotlib.font_manager - findfont: score(FontEntry(fname='C:\\Users\\DELL\\AppData\\Local\\Programs\\Python\\Python314\\Lib\\site-packages\\matplotlib\\mpl-data\\fonts\\ttf\\STIXSizFiveSymReg.ttf', name='STIXSizeFiveSym', style='normal', variant='normal', weight=400, stretch='normal', size='scalable')) = 10.335
15:55:46 [DEBUG   ] matplotlib.font_manager - findfont: score(FontEntry(fname='C:\\Users\\DELL\\AppData\\Local\\Programs\\Python\\Python314\\Lib\\site-packages\\matplotlib\\mpl-data\\fonts\\ttf\\cmsy10.ttf', name='cmsy10', style='normal', variant='normal', weight=400, stretch='normal', size='scalable')) = 10.335
15:55:46 [DEBUG   ] matplotlib.font_manager - findfont: score(FontEntry(fname='C:\\Users\\DELL\\AppData\\Local\\Programs\\Python\\Python314\\Lib\\site-packages\\matplotlib\\mpl-data\\fonts\\ttf\\DejaVuSansDisplay.ttf', name='DejaVu Sans Display', style='normal', variant='normal', weight=400, stretch='normal', size='scalable')) = 10.335
15:55:46 [DEBUG   ] matplotlib.font_manager - findfont: score(FontEntry(fname='C:\\Users\\DELL\\AppData\\Local\\Programs\\Python\\Python314\\Lib\\site-packages\\matplotlib\\mpl-data\\fonts\\ttf\\DejaVuSansMono-Bold.ttf', name='DejaVu Sans Mono', style='normal', variant='normal', weight=700, stretch='normal', size='scalable')) = 10.05
15:55:46 [DEBUG   ] matplotlib.font_manager - findfont: score(FontEntry(fname='C:\\Users\\DELL\\AppData\\Local\\Programs\\Python\\Python314\\Lib\\site-packages\\matplotlib\\mpl-data\\fonts\\ttf\\DejaVuSerifDisplay.ttf', name='DejaVu Serif Display', style='normal', variant='normal', weight=400, stretch='normal', size='scalable')) = 10.335
15:55:46 [DEBUG   ] matplotlib.font_manager - findfont: score(FontEntry(fname='C:\\Users\\DELL\\AppData\\Local\\Programs\\Python\\Python314\\Lib\\site-packages\\matplotlib\\mpl-data\\fonts\\ttf\\STIXSizOneSymBol.ttf', name='STIXSizeOneSym', style='normal', variant='normal', weight=700, stretch='normal', size='scalable')) = 10.05
15:55:46 [DEBUG   ] matplotlib.font_manager - findfont: score(FontEntry(fname='C:\\Users\\DELL\\AppData\\Local\\Programs\\Python\\Python314\\Lib\\site-packages\\matplotlib\\mpl-data\\fonts\\ttf\\STIXNonUniBol.ttf', name='STIXNonUnicode', style='normal', variant='normal', weight=700, stretch='normal', size='scalable')) = 10.05
15:55:46 [DEBUG   ] matplotlib.font_manager - findfont: score(FontEntry(fname='C:\\Users\\DELL\\AppData\\Local\\Programs\\Python\\Python314\\Lib\\site-packages\\matplotlib\\mpl-data\\fonts\\ttf\\DejaVuSans-BoldOblique.ttf', name='DejaVu Sans', style='oblique', variant='normal', weight=700, stretch='normal', size='scalable')) = 1.05
15:55:46 [DEBUG   ] matplotlib.font_manager - findfont: score(FontEntry(fname='C:\\Users\\DELL\\AppData\\Local\\Programs\\Python\\Python314\\Lib\\site-packages\\matplotlib\\mpl-data\\fonts\\ttf\\STIXNonUniBolIta.ttf', name='STIXNonUnicode', style='italic', variant='normal', weight=700, stretch='normal', size='scalable')) = 11.05
15:55:46 [DEBUG   ] matplotlib.font_manager - findfont: score(FontEntry(fname='C:\\Users\\DELL\\AppData\\Local\\Programs\\Python\\Python314\\Lib\\site-packages\\matplotlib\\mpl-data\\fonts\\ttf\\DejaVuSerif-Italic.ttf', name='DejaVu Serif', style='italic', variant='normal', weight=400, stretch='normal', size='scalable')) = 11.335
15:55:46 [DEBUG   ] matplotlib.font_manager - findfont: score(FontEntry(fname='C:\\Users\\DELL\\AppData\\Local\\Programs\\Python\\Python314\\Lib\\site-packages\\matplotlib\\mpl-data\\fonts\\ttf\\cmex10.ttf', name='cmex10', style='normal', variant='normal', weight=400, stretch='normal', size='scalable')) = 10.335
15:55:46 [DEBUG   ] matplotlib.font_manager - findfont: score(FontEntry(fname='C:\\Users\\DELL\\AppData\\Local\\Programs\\Python\\Python314\\Lib\\site-packages\\matplotlib\\mpl-data\\fonts\\ttf\\cmss10.ttf', name='cmss10', style='normal', variant='normal', weight=400, stretch='normal', size='scalable')) = 10.335
15:55:46 [DEBUG   ] matplotlib.font_manager - findfont: score(FontEntry(fname='C:\\Users\\DELL\\AppData\\Local\\Programs\\Python\\Python314\\Lib\\site-packages\\matplotlib\\mpl-data\\fonts\\ttf\\DejaVuSans-Bold.ttf', name='DejaVu Sans', style='normal', variant='normal', weight=700, stretch='normal', size='scalable')) = 0.05
15:55:46 [DEBUG   ] matplotlib.font_manager - findfont: score(FontEntry(fname='C:\\Users\\DELL\\AppData\\Local\\Programs\\Python\\Python314\\Lib\\site-packages\\matplotlib\\mpl-data\\fonts\\ttf\\DejaVuSans-Oblique.ttf', name='DejaVu Sans', style='oblique', variant='normal', weight=400, stretch='normal', size='scalable')) = 1.335
15:55:46 [DEBUG   ] matplotlib.font_manager - findfont: score(FontEntry(fname='C:\\Users\\DELL\\AppData\\Local\\Programs\\Python\\Python314\\Lib\\site-packages\\matplotlib\\mpl-data\\fonts\\ttf\\STIXSizOneSymReg.ttf', name='STIXSizeOneSym', style='normal', variant='normal', weight=400, stretch='normal', size='scalable')) = 10.335
15:55:46 [DEBUG   ] matplotlib.font_manager - findfont: score(FontEntry(fname='C:\\Users\\DELL\\AppData\\Local\\Programs\\Python\\Python314\\Lib\\site-packages\\matplotlib\\mpl-data\\fonts\\ttf\\DejaVuSerif-BoldItalic.ttf', name='DejaVu Serif', style='italic', variant='normal', weight=700, stretch='normal', size='scalable')) = 11.05
15:55:46 [DEBUG   ] matplotlib.font_manager - findfont: score(FontEntry(fname='C:\\Users\\DELL\\AppData\\Local\\Programs\\Python\\Python314\\Lib\\site-packages\\matplotlib\\mpl-data\\fonts\\ttf\\STIXNonUni.ttf', name='STIXNonUnicode', style='normal', variant='normal', weight=400, stretch='normal', size='scalable')) = 10.335
15:55:46 [DEBUG   ] matplotlib.font_manager - findfont: score(FontEntry(fname='C:\\Users\\DELL\\AppData\\Local\\Programs\\Python\\Python314\\Lib\\site-packages\\matplotlib\\mpl-data\\fonts\\ttf\\DejaVuSerif.ttf', name='DejaVu Serif', style='normal', variant='normal', weight=400, stretch='normal', size='scalable')) = 10.335
15:55:46 [DEBUG   ] matplotlib.font_manager - findfont: score(FontEntry(fname='C:\\Users\\DELL\\AppData\\Local\\Programs\\Python\\Python314\\Lib\\site-packages\\matplotlib\\mpl-data\\fonts\\ttf\\STIXGeneral.ttf', name='STIXGeneral', style='normal', variant='normal', weight=400, stretch='normal', size='scalable')) = 10.335
15:55:46 [DEBUG   ] matplotlib.font_manager - findfont: score(FontEntry(fname='C:\\Users\\DELL\\AppData\\Local\\Programs\\Python\\Python314\\Lib\\site-packages\\matplotlib\\mpl-data\\fonts\\ttf\\STIXGeneralItalic.ttf', name='STIXGeneral', style='italic', variant='normal', weight=400, stretch='normal', size='scalable')) = 11.335
15:55:46 [DEBUG   ] matplotlib.font_manager - findfont: score(FontEntry(fname='C:\\Users\\DELL\\AppData\\Local\\Programs\\Python\\Python314\\Lib\\site-packages\\matplotlib\\mpl-data\\fonts\\ttf\\STIXSizTwoSymBol.ttf', name='STIXSizeTwoSym', style='normal', variant='normal', weight=700, stretch='normal', size='scalable')) = 10.05
15:55:46 [DEBUG   ] matplotlib.font_manager - findfont: score(FontEntry(fname='C:\\Windows\\Fonts\\GOUDOSB.TTF', name='Goudy Old Style', style='normal', variant='normal', weight=700, stretch='normal', size='scalable')) = 10.05
15:55:46 [DEBUG   ] matplotlib.font_manager - findfont: score(FontEntry(fname='C:\\Windows\\Fonts\\GLECB.TTF', name='Gloucester MT Extra Condensed', style='normal', variant='normal', weight=400, stretch='condensed', size='scalable')) = 10.535
15:55:46 [DEBUG   ] matplotlib.font_manager - findfont: score(FontEntry(fname='C:\\Windows\\Fonts\\COLONNA.TTF', name='Colonna MT', style='normal', variant='normal', weight=400, stretch='normal', size='scalable')) = 10.335
15:55:46 [DEBUG   ] matplotlib.font_manager - findfont: score(FontEntry(fname='C:\\Windows\\Fonts\\CENTURY.TTF', name='Century', style='normal', variant='normal', weight=400, stretch='normal', size='scalable')) = 10.335
15:55:46 [DEBUG   ] matplotlib.font_manager - findfont: score(FontEntry(fname='C:\\Windows\\Fonts\\constani.ttf', name='Constantia', style='italic', variant='normal', weight=400, stretch='normal', size='scalable')) = 11.335
15:55:46 [DEBUG   ] matplotlib.font_manager - findfont: score(FontEntry(fname='C:\\Windows\\Fonts\\gadugi.ttf', name='Gadugi', style='normal', variant='normal', weight=400, stretch='normal', size='scalable')) = 10.335
15:55:46 [DEBUG   ] matplotlib.font_manager - findfont: score(FontEntry(fname='C:\\Windows\\Fonts\\segoepr.ttf', name='Segoe Print', style='normal', variant='normal', weight=400, stretch='normal', size='scalable')) = 10.335
15:55:46 [DEBUG   ] matplotlib.font_manager - findfont: score(FontEntry(fname='C:\\Windows\\Fonts\\tahoma.ttf', name='Tahoma', style='normal', variant='normal', weight=400, stretch='normal', size='scalable')) = 10.335
15:55:46 [DEBUG   ] matplotlib.font_manager - findfont: score(FontEntry(fname='C:\\Windows\\Fonts\\CALIFR.TTF', name='Californian FB', style='normal', variant='normal', weight=400, stretch='normal', size='scalable')) = 10.335
15:55:46 [DEBUG   ] matplotlib.font_manager - findfont: score(FontEntry(fname='C:\\Windows\\Fonts\\PRISTINA.TTF', name='Pristina', style='normal', variant='normal', weight=400, stretch='normal', size='scalable')) = 10.335
15:55:46 [DEBUG   ] matplotlib.font_manager - findfont: score(FontEntry(fname='C:\\Windows\\Fonts\\ANTQUAI.TTF', name='Book Antiqua', style='italic', variant='normal', weight=400, stretch='normal', size='scalable')) = 11.335
15:55:46 [DEBUG   ] matplotlib.font_manager - findfont: score(FontEntry(fname='C:\\Windows\\Fonts\\simsun.ttc', name='SimSun', style='normal', variant='normal', weight=400, stretch='normal', size='scalable')) = 10.335
15:55:46 [DEBUG   ] matplotlib.font_manager - findfont: score(FontEntry(fname='C:\\Windows\\Fonts\\GOUDOS.TTF', name='Goudy Old Style', style='normal', variant='normal', weight=400, stretch='normal', size='scalable')) = 10.335
15:55:46 [DEBUG   ] matplotlib.font_manager - findfont: score(FontEntry(fname='C:\\Windows\\Fonts\\msyhl.ttc', name='Microsoft YaHei', style='normal', variant='normal', weight=290, stretch='normal', size='scalable')) = 10.4395
15:55:46 [DEBUG   ] matplotlib.font_manager - findfont: score(FontEntry(fname='C:\\Windows\\Fonts\\timesbi.ttf', name='Times New Roman', style='italic', variant='normal', weight=700, stretch='normal', size='scalable')) = 11.05
15:55:46 [DEBUG   ] matplotlib.font_manager - findfont: score(FontEntry(fname='C:\\Windows\\Fonts\\CENTAUR.TTF', name='Centaur', style='normal', variant='normal', weight=400, stretch='normal', size='scalable')) = 10.335
15:55:46 [DEBUG   ] matplotlib.font_manager - findfont: score(FontEntry(fname='C:\\Windows\\Fonts\\comicz.ttf', name='Comic Sans MS', style='italic', variant='normal', weight=700, stretch='normal', size='scalable')) = 11.05
15:55:46 [DEBUG   ] matplotlib.font_manager - findfont: score(FontEntry(fname='C:\\Windows\\Fonts\\Gabriola.ttf', name='Gabriola', style='normal', variant='normal', weight=400, stretch='normal', size='scalable')) = 10.335
15:55:46 [DEBUG   ] matplotlib.font_manager - findfont: score(FontEntry(fname='C:\\Windows\\Fonts\\consolaz.ttf', name='Consolas', style='italic', variant='normal', weight=700, stretch='normal', size='scalable')) = 11.05
15:55:46 [DEBUG   ] matplotlib.font_manager - findfont: score(FontEntry(fname='C:\\Windows\\Fonts\\PARCHM.TTF', name='Parchment', style='normal', variant='normal', weight=400, stretch='normal', size='scalable')) = 10.335
15:55:46 [DEBUG   ] matplotlib.font_manager - findfont: score(FontEntry(fname='C:\\Windows\\Fonts\\BASKVILL.TTF', name='Baskerville Old Face', style='normal', variant='normal', weight=400, stretch='normal', size='scalable')) = 10.335
15:55:46 [DEBUG   ] matplotlib.font_manager - findfont: score(FontEntry(fname='C:\\Windows\\Fonts\\LeelUIsl.ttf', name='Leelawadee UI', style='normal', variant='normal', weight=350, stretch='normal', size='scalable')) = 10.3825
15:55:46 [DEBUG   ] matplotlib.font_manager - findfont: score(FontEntry(fname='C:\\Windows\\Fonts\\MTEXTRA.TTF', name='MT Extra', style='normal', variant='normal', weight=400, stretch='normal', size='scalable')) = 10.335
15:55:46 [DEBUG   ] matplotlib.font_manager - findfont: score(FontEntry(fname='C:\\Windows\\Fonts\\COOPBL.TTF', name='Cooper Black', style='normal', variant='normal', weight=400, stretch='normal', size='scalable')) = 10.335
15:55:46 [DEBUG   ] matplotlib.font_manager - findfont: score(FontEntry(fname='C:\\Windows\\Fonts\\verdanab.ttf', name='Verdana', style='normal', variant='normal', weight=700, stretch='normal', size='scalable')) = 3.6863636363636365
15:55:46 [DEBUG   ] matplotlib.font_manager - findfont: score(FontEntry(fname='C:\\Windows\\Fonts\\seguisb.ttf', name='Segoe UI', style='normal', variant='normal', weight=600, stretch='normal', size='scalable')) = 10.145
15:55:46 [DEBUG   ] matplotlib.font_manager - findfont: score(FontEntry(fname='C:\\Windows\\Fonts\\consolai.ttf', name='Consolas', style='italic', variant='normal', weight=400, stretch='normal', size='scalable')) = 11.335
15:55:46 [DEBUG   ] matplotlib.font_manager - findfont: score(FontEntry(fname='C:\\Program Files (x86)\\IBM\\SPSS\\Amos\\24\\JRE\\lib\\fonts\\LucidaSansRegular.ttf', name='Lucida Sans', style='normal', variant='normal', weight=400, stretch='normal', size='scalable')) = 10.335
15:55:46 [DEBUG   ] matplotlib.font_manager - findfont: score(FontEntry(fname='C:\\Windows\\Fonts\\GOTHICBI.TTF', name='Century Gothic', style='italic', variant='normal', weight=700, stretch='normal', size='scalable')) = 11.05
15:55:46 [DEBUG   ] matplotlib.font_manager - findfont: score(FontEntry(fname='C:\\Windows\\Fonts\\courbi.ttf', name='Courier New', style='italic', variant='normal', weight=700, stretch='normal', size='scalable')) = 11.05
15:55:46 [DEBUG   ] matplotlib.font_manager - findfont: score(FontEntry(fname='C:\\Windows\\Fonts\\corbel.ttf', name='Corbel', style='normal', variant='normal', weight=400, stretch='normal', size='scalable')) = 10.335
15:55:46 [DEBUG   ] matplotlib.font_manager - findfont: score(FontEntry(fname='C:\\Windows\\Fonts\\BKANT.TTF', name='Book Antiqua', style='normal', variant='normal', weight=400, stretch='normal', size='scalable')) = 10.335
15:55:46 [DEBUG   ] matplotlib.font_manager - findfont: score(FontEntry(fname='C:\\Windows\\Fonts\\LSANSD.TTF', name='Lucida Sans', style='normal', variant='normal', weight=600, stretch='normal', size='scalable')) = 10.145
15:55:46 [DEBUG   ] matplotlib.font_manager - findfont: score(FontEntry(fname='C:\\Windows\\Fonts\\BOD_BLAR.TTF', name='Bodoni MT', style='normal', variant='normal', weight=900, stretch='normal', size='scalable')) = 10.24
15:55:46 [DEBUG   ] matplotlib.font_manager - findfont: score(FontEntry(fname='C:\\Windows\\Fonts\\GOTHIC.TTF', name='Century Gothic', style='normal', variant='normal', weight=400, stretch='normal', size='scalable')) = 10.335
15:55:46 [DEBUG   ] matplotlib.font_manager - findfont: score(FontEntry(fname='C:\\Windows\\Fonts\\verdanai.ttf', name='Verdana', style='italic', variant='normal', weight=400, stretch='normal', size='scalable')) = 4.971363636363637
15:55:46 [DEBUG   ] matplotlib.font_manager - findfont: score(FontEntry(fname='C:\\Windows\\Fonts\\YuGothB.ttc', name='Yu Gothic', style='normal', variant='normal', weight=700, stretch='normal', size='scalable')) = 10.05
15:55:46 [DEBUG   ] matplotlib.font_manager - findfont: score(FontEntry(fname='C:\\Windows\\Fonts\\SansSerifCollection.ttf', name='Sans Serif Collection', style='normal', variant='normal', weight=400, stretch='normal', size='scalable')) = 10.335
15:55:46 [DEBUG   ] matplotlib.font_manager - findfont: score(FontEntry(fname='C:\\Windows\\Fonts\\TCCB____.TTF', name='Tw Cen MT Condensed', style='normal', variant='normal', weight=700, stretch='condensed', size='scalable')) = 10.25
15:55:46 [DEBUG   ] matplotlib.font_manager - findfont: score(FontEntry(fname='C:\\Windows\\Fonts\\LSANSI.TTF', name='Lucida Sans', style='italic', variant='normal', weight=400, stretch='normal', size='scalable')) = 11.335
15:55:46 [DEBUG   ] matplotlib.font_manager - findfont: score(FontEntry(fname='C:\\Windows\\Fonts\\RAGE.TTF', name='Rage Italic', style='italic', variant='normal', weight=400, stretch='normal', size='scalable')) = 11.335
15:55:46 [DEBUG   ] matplotlib.font_manager - findfont: score(FontEntry(fname='C:\\Program Files (x86)\\IBM\\SPSS\\Amos\\24\\JRE\\lib\\fonts\\LucidaBrightDemiItalic.ttf', name='Lucida Bright', style='italic', variant='normal', weight=700, stretch='normal', size='scalable')) = 11.05
15:55:46 [DEBUG   ] matplotlib.font_manager - findfont: score(FontEntry(fname='C:\\Windows\\Fonts\\timesbd.ttf', name='Times New Roman', style='normal', variant='normal', weight=700, stretch='normal', size='scalable')) = 10.05
15:55:46 [DEBUG   ] matplotlib.font_manager - findfont: score(FontEntry(fname='C:\\Windows\\Fonts\\webdings.ttf', name='Webdings', style='normal', variant='normal', weight=400, stretch='normal', size='scalable')) = 10.335
15:55:46 [DEBUG   ] matplotlib.font_manager - findfont: score(FontEntry(fname='C:\\Windows\\Fonts\\ERASLGHT.TTF', name='Eras Light ITC', style='normal', variant='normal', weight=400, stretch='normal', size='scalable')) = 10.335
15:55:46 [DEBUG   ] matplotlib.font_manager - findfont: score(FontEntry(fname='C:\\Windows\\Fonts\\segoesc.ttf', name='Segoe Script', style='normal', variant='normal', weight=400, stretch='normal', size='scalable')) = 10.335
15:55:46 [DEBUG   ] matplotlib.font_manager - findfont: score(FontEntry(fname='C:\\Windows\\Fonts\\BRADHITC.TTF', name='Bradley Hand ITC', style='normal', variant='normal', weight=400, stretch='normal', size='scalable')) = 10.335
15:55:46 [DEBUG   ] matplotlib.font_manager - findfont: score(FontEntry(fname='C:\\Windows\\Fonts\\timesi.ttf', name='Times New Roman', style='italic', variant='normal', weight=400, stretch='normal', size='scalable')) = 11.335
15:55:46 [DEBUG   ] matplotlib.font_manager - findfont: score(FontEntry(fname='C:\\Windows\\Fonts\\ROCKB.TTF', name='Rockwell', style='normal', variant='normal', weight=700, stretch='normal', size='scalable')) = 10.05
15:55:46 [DEBUG   ] matplotlib.font_manager - findfont: score(FontEntry(fname='C:\\Windows\\Fonts\\SHOWG.TTF', name='Showcard Gothic', style='normal', variant='normal', weight=400, stretch='normal', size='scalable')) = 10.335
15:55:46 [DEBUG   ] matplotlib.font_manager - findfont: score(FontEntry(fname='C:\\Windows\\Fonts\\trebucbd.ttf', name='Trebuchet MS', style='normal', variant='normal', weight=700, stretch='normal', size='scalable')) = 10.05
15:55:46 [DEBUG   ] matplotlib.font_manager - findfont: score(FontEntry(fname='C:\\Windows\\Fonts\\BOOKOSBI.TTF', name='Bookman Old Style', style='italic', variant='normal', weight=600, stretch='normal', size='scalable')) = 11.145
15:55:46 [DEBUG   ] matplotlib.font_manager - findfont: score(FontEntry(fname='C:\\Windows\\Fonts\\TCCEB.TTF', name='Tw Cen MT Condensed Extra Bold', style='normal', variant='normal', weight=400, stretch='condensed', size='scalable')) = 10.535
15:55:46 [DEBUG   ] matplotlib.font_manager - findfont: score(FontEntry(fname='C:\\Windows\\Fonts\\constan.ttf', name='Constantia', style='normal', variant='normal', weight=400, stretch='normal', size='scalable')) = 10.335
15:55:46 [DEBUG   ] matplotlib.font_manager - findfont: score(FontEntry(fname='C:\\Windows\\Fonts\\CALISTBI.TTF', name='Calisto MT', style='italic', variant='normal', weight=700, stretch='normal', size='scalable')) = 11.05
15:55:46 [DEBUG   ] matplotlib.font_manager - findfont: score(FontEntry(fname='C:\\Windows\\Fonts\\FRABK.TTF', name='Franklin Gothic Book', style='normal', variant='normal', weight=400, stretch='normal', size='scalable')) = 10.335
15:55:46 [DEBUG   ] matplotlib.font_manager - findfont: score(FontEntry(fname='C:\\Windows\\Fonts\\HATTEN.TTF', name='Haettenschweiler', style='normal', variant='normal', weight=400, stretch='normal', size='scalable')) = 10.335
15:55:46 [DEBUG   ] matplotlib.font_manager - findfont: score(FontEntry(fname='C:\\Windows\\Fonts\\ARIALNB.TTF', name='Arial', style='normal', variant='normal', weight=700, stretch='condensed', size='scalable')) = 6.613636363636363
15:55:46 [DEBUG   ] matplotlib.font_manager - findfont: score(FontEntry(fname='C:\\Windows\\Fonts\\malgunbd.ttf', name='Malgun Gothic', style='normal', variant='normal', weight=700, stretch='normal', size='scalable')) = 10.05
15:55:46 [DEBUG   ] matplotlib.font_manager - findfont: score(FontEntry(fname='C:\\Windows\\Fonts\\calibri.ttf', name='Calibri', style='normal', variant='normal', weight=400, stretch='normal', size='scalable')) = 10.335
15:55:46 [DEBUG   ] matplotlib.font_manager - findfont: score(FontEntry(fname='C:\\Windows\\Fonts\\TCBI____.TTF', name='Tw Cen MT', style='italic', variant='normal', weight=700, stretch='normal', size='scalable')) = 11.05
15:55:46 [DEBUG   ] matplotlib.font_manager - findfont: score(FontEntry(fname='C:\\Windows\\Fonts\\LEELAWDB.TTF', name='Leelawadee', style='normal', variant='normal', weight=700, stretch='normal', size='scalable')) = 10.05
15:55:46 [DEBUG   ] matplotlib.font_manager - findfont: score(FontEntry(fname='C:\\Windows\\Fonts\\verdanaz.ttf', name='Verdana', style='italic', variant='normal', weight=700, stretch='normal', size='scalable')) = 4.6863636363636365
15:55:46 [DEBUG   ] matplotlib.font_manager - findfont: score(FontEntry(fname='C:\\Windows\\Fonts\\SimsunExtG.ttf', name='SimSun-ExtG', style='normal', variant='normal', weight=400, stretch='normal', size='scalable')) = 10.335
15:55:46 [DEBUG   ] matplotlib.font_manager - findfont: score(FontEntry(fname='C:\\Windows\\Fonts\\DUBAI-MEDIUM.TTF', name='Dubai', style='normal', variant='normal', weight=500, stretch='normal', size='scalable')) = 10.24
15:55:46 [DEBUG   ] matplotlib.font_manager - findfont: score(FontEntry(fname='C:\\Windows\\Fonts\\seguisym.ttf', name='Segoe UI Symbol', style='normal', variant='normal', weight=400, stretch='normal', size='scalable')) = 10.335
15:55:46 [DEBUG   ] matplotlib.font_manager - findfont: score(FontEntry(fname='C:\\Windows\\Fonts\\cambriai.ttf', name='Cambria', style='italic', variant='normal', weight=400, stretch='normal', size='scalable')) = 11.335
15:55:46 [DEBUG   ] matplotlib.font_manager - findfont: score(FontEntry(fname='C:\\Windows\\Fonts\\PAPYRUS.TTF', name='Papyrus', style='normal', variant='normal', weight=400, stretch='normal', size='scalable')) = 10.335
15:55:46 [DEBUG   ] matplotlib.font_manager - findfont: score(FontEntry(fname='C:\\Windows\\Fonts\\MSUIGHUB.TTF', name='Microsoft Uighur', style='normal', variant='normal', weight=700, stretch='normal', size='scalable')) = 10.05
15:55:46 [DEBUG   ] matplotlib.font_manager - findfont: score(FontEntry(fname='C:\\Windows\\Fonts\\MOD20.TTF', name='Modern No. 20', style='normal', variant='normal', weight=400, stretch='normal', size='scalable')) = 10.335
15:55:46 [DEBUG   ] matplotlib.font_manager - findfont: score(FontEntry(fname='C:\\Program Files (x86)\\IBM\\SPSS\\Amos\\24\\JRE\\lib\\fonts\\LucidaSansDemiBold.ttf', name='Lucida Sans', style='normal', variant='normal', weight=700, stretch='normal', size='scalable')) = 10.05
15:55:46 [DEBUG   ] matplotlib.font_manager - findfont: score(FontEntry(fname='C:\\Windows\\Fonts\\RAVIE.TTF', name='Ravie', style='normal', variant='normal', weight=400, stretch='normal', size='scalable')) = 10.335
15:55:46 [DEBUG   ] matplotlib.font_manager - findfont: score(FontEntry(fname='C:\\Windows\\Fonts\\PERTIBD.TTF', name='Perpetua Titling MT', style='normal', variant='normal', weight=700, stretch='normal', size='scalable')) = 10.05
15:55:46 [DEBUG   ] matplotlib.font_manager - findfont: score(FontEntry(fname='C:\\Windows\\Fonts\\LHANDW.TTF', name='Lucida Handwriting', style='italic', variant='normal', weight=400, stretch='normal', size='scalable')) = 11.335
15:55:46 [DEBUG   ] matplotlib.font_manager - findfont: score(FontEntry(fname='C:\\Windows\\Fonts\\FRABKIT.TTF', name='Franklin Gothic Book', style='italic', variant='normal', weight=400, stretch='normal', size='scalable')) = 11.335
15:55:46 [DEBUG   ] matplotlib.font_manager - findfont: score(FontEntry(fname='C:\\Program Files (x86)\\Adobe\\Acrobat DC\\Resource\\Font\\AdobeDevanagari-Italic.otf', name='Adobe Devanagari', style='italic', variant='normal', weight=400, stretch='normal', size='scalable')) = 11.335
15:55:46 [DEBUG   ] matplotlib.font_manager - findfont: score(FontEntry(fname='C:\\Windows\\Fonts\\taile.ttf', name='Microsoft Tai Le', style='normal', variant='normal', weight=400, stretch='normal', size='scalable')) = 10.335
15:55:46 [DEBUG   ] matplotlib.font_manager - findfont: score(FontEntry(fname='C:\\Windows\\Fonts\\segoeuisl.ttf', name='Segoe UI', style='normal', variant='normal', weight=350, stretch='normal', size='scalable')) = 10.3825
15:55:46 [DEBUG   ] matplotlib.font_manager - findfont: score(FontEntry(fname='C:\\Windows\\Fonts\\MSUIGHUR.TTF', name='Microsoft Uighur', style='normal', variant='normal', weight=400, stretch='normal', size='scalable')) = 10.335
15:55:46 [DEBUG   ] matplotlib.font_manager - findfont: score(FontEntry(fname='C:\\Windows\\Fonts\\NIAGENG.TTF', name='Niagara Engraved', style='normal', variant='normal', weight=400, stretch='normal', size='scalable')) = 10.335
15:55:46 [DEBUG   ] matplotlib.font_manager - findfont: score(FontEntry(fname='C:\\Windows\\Fonts\\KUNSTLER.TTF', name='Kunstler Script', style='normal', variant='normal', weight=400, stretch='normal', size='scalable')) = 10.335
15:55:46 [DEBUG   ] matplotlib.font_manager - findfont: score(FontEntry(fname='C:\\Windows\\Fonts\\PERBI___.TTF', name='Perpetua', style='italic', variant='normal', weight=700, stretch='normal', size='scalable')) = 11.05
15:55:46 [DEBUG   ] matplotlib.font_manager - findfont: score(FontEntry(fname='C:\\Windows\\Fonts\\ELEPHNT.TTF', name='Elephant', style='normal', variant='normal', weight=400, stretch='normal', size='scalable')) = 10.335
15:55:46 [DEBUG   ] matplotlib.font_manager - findfont: score(FontEntry(fname='C:\\Windows\\Fonts\\GARA.TTF', name='Garamond', style='normal', variant='normal', weight=400, stretch='normal', size='scalable')) = 10.335
15:55:46 [DEBUG   ] matplotlib.font_manager - findfont: score(FontEntry(fname='C:\\Windows\\Fonts\\msyh.ttc', name='Microsoft YaHei', style='normal', variant='normal', weight=400, stretch='normal', size='scalable')) = 10.335
15:55:46 [DEBUG   ] matplotlib.font_manager - findfont: score(FontEntry(fname='C:\\Windows\\Fonts\\LEELAWAD.TTF', name='Leelawadee', style='normal', variant='normal', weight=400, stretch='normal', size='scalable')) = 10.335
15:55:46 [DEBUG   ] matplotlib.font_manager - findfont: score(FontEntry(fname='C:\\Windows\\Fonts\\constanb.ttf', name='Constantia', style='normal', variant='normal', weight=700, stretch='normal', size='scalable')) = 10.05
15:55:46 [DEBUG   ] matplotlib.font_manager - findfont: score(FontEntry(fname='C:\\Windows\\Fonts\\BOD_CR.TTF', name='Bodoni MT', style='normal', variant='normal', weight=400, stretch='condensed', size='scalable')) = 10.535
15:55:46 [DEBUG   ] matplotlib.font_manager - findfont: score(FontEntry(fname='C:\\Windows\\Fonts\\TCCM____.TTF', name='Tw Cen MT Condensed', style='normal', variant='normal', weight=400, stretch='condensed', size='scalable')) = 10.535
15:55:46 [DEBUG   ] matplotlib.font_manager - findfont: score(FontEntry(fname='C:\\Windows\\Fonts\\OCRAEXT.TTF', name='OCR A Extended', style='normal', variant='normal', weight=400, stretch='expanded', size='scalable')) = 10.535
15:55:46 [DEBUG   ] matplotlib.font_manager - findfont: score(FontEntry(fname='C:\\Windows\\Fonts\\IMPRISHA.TTF', name='Imprint MT Shadow', style='normal', variant='normal', weight=400, stretch='normal', size='scalable')) = 10.335
15:55:46 [DEBUG   ] matplotlib.font_manager - findfont: score(FontEntry(fname='C:\\Windows\\Fonts\\symbol.ttf', name='Symbol', style='normal', variant='normal', weight=400, stretch='normal', size='scalable')) = 10.335
15:55:46 [DEBUG   ] matplotlib.font_manager - findfont: score(FontEntry(fname='C:\\Windows\\Fonts\\constanz.ttf', name='Constantia', style='italic', variant='normal', weight=700, stretch='normal', size='scalable')) = 11.05
15:55:46 [DEBUG   ] matplotlib.font_manager - findfont: score(FontEntry(fname='C:\\Windows\\Fonts\\Inkfree.ttf', name='Ink Free', style='normal', variant='normal', weight=400, stretch='normal', size='scalable')) = 10.335
15:55:46 [DEBUG   ] matplotlib.font_manager - findfont: score(FontEntry(fname='C:\\Windows\\Fonts\\GILLUBCD.TTF', name='Gill Sans Ultra Bold Condensed', style='normal', variant='normal', weight=400, stretch='condensed', size='scalable')) = 10.535
15:55:46 [DEBUG   ] matplotlib.font_manager - findfont: score(FontEntry(fname='C:\\Windows\\Fonts\\HARLOWSI.TTF', name='Harlow Solid Italic', style='italic', variant='normal', weight=400, stretch='normal', size='scalable')) = 11.335
15:55:46 [DEBUG   ] matplotlib.font_manager - findfont: score(FontEntry(fname='C:\\Windows\\Fonts\\taileb.ttf', name='Microsoft Tai Le', style='normal', variant='normal', weight=700, stretch='normal', size='scalable')) = 10.05
15:55:46 [DEBUG   ] matplotlib.font_manager - findfont: score(FontEntry(fname='C:\\Program Files (x86)\\IBM\\SPSS\\Amos\\24\\JRE\\lib\\fonts\\LucidaBrightDemiBold.ttf', name='Lucida Bright', style='normal', variant='normal', weight=700, stretch='normal', size='scalable')) = 10.05
15:55:46 [DEBUG   ] matplotlib.font_manager - findfont: score(FontEntry(fname='C:\\Windows\\Fonts\\STENCIL.TTF', name='Stencil', style='normal', variant='normal', weight=400, stretch='normal', size='scalable')) = 10.335
15:55:46 [DEBUG   ] matplotlib.font_manager - findfont: score(FontEntry(fname='C:\\Windows\\Fonts\\BRITANIC.TTF', name='Britannic Bold', style='normal', variant='normal', weight=400, stretch='normal', size='scalable')) = 10.335
15:55:46 [DEBUG   ] matplotlib.font_manager - findfont: score(FontEntry(fname='C:\\Windows\\Fonts\\malgun.ttf', name='Malgun Gothic', style='normal', variant='normal', weight=400, stretch='normal', size='scalable')) = 10.335
15:55:46 [DEBUG   ] matplotlib.font_manager - findfont: score(FontEntry(fname='C:\\Windows\\Fonts\\ntailu.ttf', name='Microsoft New Tai Lue', style='normal', variant='normal', weight=400, stretch='normal', size='scalable')) = 10.335
15:55:46 [DEBUG   ] matplotlib.font_manager - findfont: score(FontEntry(fname='C:\\Windows\\Fonts\\BRLNSR.TTF', name='Berlin Sans FB', style='normal', variant='normal', weight=400, stretch='normal', size='scalable')) = 10.335
15:55:46 [DEBUG   ] matplotlib.font_manager - findfont: score(FontEntry(fname='C:\\Windows\\Fonts\\mingliub.ttc', name='MingLiU-ExtB', style='normal', variant='normal', weight=400, stretch='normal', size='scalable')) = 10.335
15:55:46 [DEBUG   ] matplotlib.font_manager - findfont: score(FontEntry(fname='C:\\Windows\\Fonts\\BOOKOS.TTF', name='Bookman Old Style', style='normal', variant='normal', weight=300, stretch='normal', size='scalable')) = 10.43
15:55:46 [DEBUG   ] matplotlib.font_manager - findfont: score(FontEntry(fname='C:\\Windows\\Fonts\\GILSANUB.TTF', name='Gill Sans Ultra Bold', style='normal', variant='normal', weight=400, stretch='normal', size='scalable')) = 10.335
15:55:46 [DEBUG   ] matplotlib.font_manager - findfont: score(FontEntry(fname='C:\\Windows\\Fonts\\calibril.ttf', name='Calibri', style='normal', variant='normal', weight=300, stretch='normal', size='scalable')) = 10.43
15:55:46 [DEBUG   ] matplotlib.font_manager - findfont: score(FontEntry(fname='C:\\Windows\\Fonts\\WINGDNG2.TTF', name='Wingdings 2', style='normal', variant='normal', weight=400, stretch='normal', size='scalable')) = 10.335
15:55:46 [DEBUG   ] matplotlib.font_manager - findfont: score(FontEntry(fname='C:\\Windows\\Fonts\\FRAMDCN.TTF', name='Franklin Gothic Medium Cond', style='normal', variant='normal', weight=400, stretch='condensed', size='scalable')) = 10.535
15:55:46 [DEBUG   ] matplotlib.font_manager - findfont: score(FontEntry(fname='C:\\Windows\\Fonts\\BAUHS93.TTF', name='Bauhaus 93', style='normal', variant='normal', weight=400, stretch='normal', size='scalable')) = 10.335
15:55:46 [DEBUG   ] matplotlib.font_manager - findfont: score(FontEntry(fname='C:\\Windows\\Fonts\\ebrimabd.ttf', name='Ebrima', style='normal', variant='normal', weight=700, stretch='normal', size='scalable')) = 10.05
15:55:46 [DEBUG   ] matplotlib.font_manager - findfont: score(FontEntry(fname='C:\\Windows\\Fonts\\LFAXD.TTF', name='Lucida Fax', style='normal', variant='normal', weight=600, stretch='normal', size='scalable')) = 10.145
15:55:46 [DEBUG   ] matplotlib.font_manager - findfont: score(FontEntry(fname='C:\\Windows\\Fonts\\framd.ttf', name='Franklin Gothic Medium', style='normal', variant='normal', weight=400, stretch='normal', size='scalable')) = 10.335
15:55:46 [DEBUG   ] matplotlib.font_manager - findfont: score(FontEntry(fname='C:\\Windows\\Fonts\\ANTQUABI.TTF', name='Book Antiqua', style='italic', variant='normal', weight=700, stretch='normal', size='scalable')) = 11.05
15:55:46 [DEBUG   ] matplotlib.font_manager - findfont: score(FontEntry(fname='C:\\Windows\\Fonts\\mmrtext.ttf', name='Myanmar Text', style='normal', variant='normal', weight=400, stretch='normal', size='scalable')) = 10.335
15:55:46 [DEBUG   ] matplotlib.font_manager - findfont: score(FontEntry(fname='C:\\Windows\\Fonts\\GOTHICI.TTF', name='Century Gothic', style='italic', variant='normal', weight=400, stretch='normal', size='scalable')) = 11.335
15:55:46 [DEBUG   ] matplotlib.font_manager - findfont: score(FontEntry(fname='C:\\Windows\\Fonts\\ANTQUAB.TTF', name='Book Antiqua', style='normal', variant='normal', weight=700, stretch='normal', size='scalable')) = 10.05
15:55:46 [DEBUG   ] matplotlib.font_manager - findfont: score(FontEntry(fname='C:\\Windows\\Fonts\\GOTHICB.TTF', name='Century Gothic', style='normal', variant='normal', weight=700, stretch='normal', size='scalable')) = 10.05
15:55:46 [DEBUG   ] matplotlib.font_manager - findfont: score(FontEntry(fname='C:\\Windows\\Fonts\\arialbi.ttf', name='Arial', style='italic', variant='normal', weight=700, stretch='normal', size='scalable')) = 7.413636363636363
15:55:46 [DEBUG   ] matplotlib.font_manager - findfont: score(FontEntry(fname='C:\\Windows\\Fonts\\WINGDNG3.TTF', name='Wingdings 3', style='normal', variant='normal', weight=400, stretch='normal', size='scalable')) = 10.335
15:55:46 [DEBUG   ] matplotlib.font_manager - findfont: score(FontEntry(fname='C:\\Windows\\Fonts\\cour.ttf', name='Courier New', style='normal', variant='normal', weight=400, stretch='normal', size='scalable')) = 10.335
15:55:46 [DEBUG   ] matplotlib.font_manager - findfont: score(FontEntry(fname='C:\\Windows\\Fonts\\verdana.ttf', name='Verdana', style='normal', variant='normal', weight=400, stretch='normal', size='scalable')) = 3.9713636363636367
15:55:46 [DEBUG   ] matplotlib.font_manager - findfont: score(FontEntry(fname='C:\\Windows\\Fonts\\SegoeIcons.ttf', name='Segoe Fluent Icons', style='normal', variant='normal', weight=400, stretch='normal', size='scalable')) = 10.335
15:55:46 [DEBUG   ] matplotlib.font_manager - findfont: score(FontEntry(fname='C:\\Windows\\Fonts\\VINERITC.TTF', name='Viner Hand ITC', style='normal', variant='normal', weight=400, stretch='normal', size='scalable')) = 10.335
15:55:46 [DEBUG   ] matplotlib.font_manager - findfont: score(FontEntry(fname='C:\\Windows\\Fonts\\msjhl.ttc', name='Microsoft JhengHei', style='normal', variant='normal', weight=290, stretch='normal', size='scalable')) = 10.4395
15:55:46 [DEBUG   ] matplotlib.font_manager - findfont: score(FontEntry(fname='C:\\Windows\\Fonts\\segoeuiz.ttf', name='Segoe UI', style='italic', variant='normal', weight=700, stretch='normal', size='scalable')) = 11.05
15:55:46 [DEBUG   ] matplotlib.font_manager - findfont: score(FontEntry(fname='C:\\Windows\\Fonts\\simsunb.ttf', name='SimSun-ExtB', style='normal', variant='normal', weight=400, stretch='normal', size='scalable')) = 10.335
15:55:46 [DEBUG   ] matplotlib.font_manager - findfont: score(FontEntry(fname='C:\\Program Files (x86)\\Adobe\\Acrobat DC\\Resource\\Font\\AdobeDevanagari-BoldItalic.otf', name='Adobe Devanagari', style='italic', variant='normal', weight=700, stretch='normal', size='scalable')) = 11.05
15:55:46 [DEBUG   ] matplotlib.font_manager - findfont: score(FontEntry(fname='C:\\Windows\\Fonts\\ebrima.ttf', name='Ebrima', style='normal', variant='normal', weight=400, stretch='normal', size='scalable')) = 10.335
15:55:46 [DEBUG   ] matplotlib.font_manager - findfont: score(FontEntry(fname='C:\\Windows\\Fonts\\seguibl.ttf', name='Segoe UI', style='normal', variant='normal', weight=900, stretch='normal', size='scalable')) = 10.24
15:55:46 [DEBUG   ] matplotlib.font_manager - findfont: score(FontEntry(fname='C:\\Windows\\Fonts\\OLDENGL.TTF', name='Old English Text MT', style='normal', variant='normal', weight=400, stretch='normal', size='scalable')) = 10.335
15:55:46 [DEBUG   ] matplotlib.font_manager - findfont: score(FontEntry(fname='C:\\Windows\\Fonts\\MISTRAL.TTF', name='Mistral', style='normal', variant='normal', weight=400, stretch='normal', size='scalable')) = 10.335
15:55:46 [DEBUG   ] matplotlib.font_manager - findfont: score(FontEntry(fname='C:\\Windows\\Fonts\\LATINWD.TTF', name='Wide Latin', style='normal', variant='normal', weight=400, stretch='expanded', size='scalable')) = 10.535
15:55:46 [DEBUG   ] matplotlib.font_manager - findfont: score(FontEntry(fname='C:\\Windows\\Fonts\\ariali.ttf', name='Arial', style='italic', variant='normal', weight=400, stretch='normal', size='scalable')) = 7.698636363636363
15:55:46 [DEBUG   ] matplotlib.font_manager - findfont: score(FontEntry(fname='C:\\Windows\\Fonts\\bahnschrift.ttf', name='Bahnschrift', style='normal', variant='normal', weight=400, stretch='normal', size='scalable')) = 10.335
15:55:46 [DEBUG   ] matplotlib.font_manager - findfont: score(FontEntry(fname='C:\\Windows\\Fonts\\gadugib.ttf', name='Gadugi', style='normal', variant='normal', weight=700, stretch='normal', size='scalable')) = 10.05
15:55:46 [DEBUG   ] matplotlib.font_manager - findfont: score(FontEntry(fname='C:\\Windows\\Fonts\\BELL.TTF', name='Bell MT', style='normal', variant='normal', weight=400, stretch='normal', size='scalable')) = 10.335
15:55:46 [DEBUG   ] matplotlib.font_manager - findfont: score(FontEntry(fname='C:\\Windows\\Fonts\\FREESCPT.TTF', name='Freestyle Script', style='normal', variant='normal', weight=400, stretch='normal', size='scalable')) = 10.335
15:55:46 [DEBUG   ] matplotlib.font_manager - findfont: score(FontEntry(fname='C:\\Windows\\Fonts\\ROCKBI.TTF', name='Rockwell', style='italic', variant='normal', weight=700, stretch='normal', size='scalable')) = 11.05
15:55:46 [DEBUG   ] matplotlib.font_manager - findfont: score(FontEntry(fname='C:\\Windows\\Fonts\\MAGNETOB.TTF', name='Magneto', style='normal', variant='normal', weight=700, stretch='normal', size='scalable')) = 10.05
15:55:46 [DEBUG   ] matplotlib.font_manager - findfont: score(FontEntry(fname='C:\\Windows\\Fonts\\msjhbd.ttc', name='Microsoft JhengHei', style='normal', variant='normal', weight=700, stretch='normal', size='scalable')) = 10.05
15:55:46 [DEBUG   ] matplotlib.font_manager - findfont: score(FontEntry(fname='C:\\Windows\\Fonts\\palab.ttf', name='Palatino Linotype', style='normal', variant='normal', weight=700, stretch='normal', size='scalable')) = 10.05
15:55:46 [DEBUG   ] matplotlib.font_manager - findfont: score(FontEntry(fname='C:\\Windows\\Fonts\\DUBAI-REGULAR.TTF', name='Dubai', style='normal', variant='normal', weight=400, stretch='normal', size='scalable')) = 10.335
15:55:46 [DEBUG   ] matplotlib.font_manager - findfont: score(FontEntry(fname='C:\\Windows\\Fonts\\msjh.ttc', name='Microsoft JhengHei', style='normal', variant='normal', weight=400, stretch='normal', size='scalable')) = 10.335
15:55:46 [DEBUG   ] matplotlib.font_manager - findfont: score(FontEntry(fname='C:\\Windows\\Fonts\\MAIAN.TTF', name='Maiandra GD', style='normal', variant='normal', weight=400, stretch='normal', size='scalable')) = 10.335
15:55:46 [DEBUG   ] matplotlib.font_manager - findfont: score(FontEntry(fname='C:\\Windows\\Fonts\\FRSCRIPT.TTF', name='French Script MT', style='normal', variant='normal', weight=400, stretch='normal', size='scalable')) = 10.335
15:55:46 [DEBUG   ] matplotlib.font_manager - findfont: score(FontEntry(fname='C:\\Program Files (x86)\\IBM\\SPSS\\Amos\\24\\JRE\\lib\\fonts\\LucidaTypewriterRegular.ttf', name='Lucida Sans Typewriter', style='normal', variant='normal', weight=400, stretch='normal', size='scalable')) = 10.335
15:55:46 [DEBUG   ] matplotlib.font_manager - findfont: score(FontEntry(fname='C:\\Windows\\Fonts\\cambria.ttc', name='Cambria', style='normal', variant='normal', weight=400, stretch='normal', size='scalable')) = 10.335
15:55:46 [DEBUG   ] matplotlib.font_manager - findfont: score(FontEntry(fname='C:\\Windows\\Fonts\\msyhbd.ttc', name='Microsoft YaHei', style='normal', variant='normal', weight=700, stretch='normal', size='scalable')) = 10.05
15:55:46 [DEBUG   ] matplotlib.font_manager - findfont: score(FontEntry(fname='C:\\Windows\\Fonts\\FRADMIT.TTF', name='Franklin Gothic Demi', style='italic', variant='normal', weight=400, stretch='normal', size='scalable')) = 11.335
15:55:46 [DEBUG   ] matplotlib.font_manager - findfont: score(FontEntry(fname='C:\\Windows\\Fonts\\phagspab.ttf', name='Microsoft PhagsPa', style='normal', variant='normal', weight=700, stretch='normal', size='scalable')) = 10.05
15:55:46 [DEBUG   ] matplotlib.font_manager - findfont: score(FontEntry(fname='C:\\Windows\\Fonts\\TCMI____.TTF', name='Tw Cen MT', style='italic', variant='normal', weight=400, stretch='normal', size='scalable')) = 11.335
15:55:46 [DEBUG   ] matplotlib.font_manager - findfont: score(FontEntry(fname='C:\\Windows\\Fonts\\BOD_CBI.TTF', name='Bodoni MT', style='italic', variant='normal', weight=700, stretch='condensed', size='scalable')) = 11.25
15:55:46 [DEBUG   ] matplotlib.font_manager - findfont: score(FontEntry(fname='C:\\Windows\\Fonts\\calibriz.ttf', name='Calibri', style='italic', variant='normal', weight=700, stretch='normal', size='scalable')) = 11.05
15:55:46 [DEBUG   ] matplotlib.font_manager - findfont: score(FontEntry(fname='C:\\Windows\\Fonts\\seguibli.ttf', name='Segoe UI', style='italic', variant='normal', weight=900, stretch='normal', size='scalable')) = 11.24
15:55:46 [DEBUG   ] matplotlib.font_manager - findfont: score(FontEntry(fname='C:\\Windows\\Fonts\\courbd.ttf', name='Courier New', style='normal', variant='normal', weight=700, stretch='normal', size='scalable')) = 10.05
15:55:46 [DEBUG   ] matplotlib.font_manager - findfont: score(FontEntry(fname='C:\\Windows\\Fonts\\BOD_PSTC.TTF', name='Bodoni MT', style='normal', variant='normal', weight=300, stretch='normal', size='scalable')) = 10.43
15:55:46 [DEBUG   ] matplotlib.font_manager - findfont: score(FontEntry(fname='C:\\Windows\\Fonts\\cambriab.ttf', name='Cambria', style='normal', variant='normal', weight=700, stretch='normal', size='scalable')) = 10.05
15:55:46 [DEBUG   ] matplotlib.font_manager - findfont: score(FontEntry(fname='C:\\Windows\\Fonts\\georgiai.ttf', name='Georgia', style='italic', variant='normal', weight=400, stretch='normal', size='scalable')) = 11.335
15:55:46 [DEBUG   ] matplotlib.font_manager - findfont: score(FontEntry(fname='C:\\Windows\\Fonts\\CALIFI.TTF', name='Californian FB', style='italic', variant='normal', weight=400, stretch='normal', size='scalable')) = 11.335
15:55:46 [DEBUG   ] matplotlib.font_manager - findfont: score(FontEntry(fname='C:\\Windows\\Fonts\\mmrtextb.ttf', name='Myanmar Text', style='normal', variant='normal', weight=700, stretch='normal', size='scalable')) = 10.05
15:55:46 [DEBUG   ] matplotlib.font_manager - findfont: score(FontEntry(fname='C:\\Windows\\Fonts\\SCHLBKB.TTF', name='Century Schoolbook', style='normal', variant='normal', weight=700, stretch='normal', size='scalable')) = 10.05
15:55:46 [DEBUG   ] matplotlib.font_manager - findfont: score(FontEntry(fname='C:\\Windows\\Fonts\\OUTLOOK.TTF', name='MS Outlook', style='normal', variant='normal', weight=400, stretch='normal', size='scalable')) = 10.335
15:55:46 [DEBUG   ] matplotlib.font_manager - findfont: score(FontEntry(fname='C:\\Windows\\Fonts\\georgia.ttf', name='Georgia', style='normal', variant='normal', weight=400, stretch='normal', size='scalable')) = 10.335
15:55:46 [DEBUG   ] matplotlib.font_manager - findfont: score(FontEntry(fname='C:\\Windows\\Fonts\\BELLB.TTF', name='Bell MT', style='normal', variant='normal', weight=700, stretch='normal', size='scalable')) = 10.05
15:55:46 [DEBUG   ] matplotlib.font_manager - findfont: score(FontEntry(fname='C:\\Windows\\Fonts\\ERASDEMI.TTF', name='Eras Demi ITC', style='normal', variant='normal', weight=400, stretch='normal', size='scalable')) = 10.335
15:55:46 [DEBUG   ] matplotlib.font_manager - findfont: score(FontEntry(fname='C:\\Windows\\Fonts\\framdit.ttf', name='Franklin Gothic Medium', style='italic', variant='normal', weight=400, stretch='normal', size='scalable')) = 11.335
15:55:46 [DEBUG   ] matplotlib.font_manager - findfont: score(FontEntry(fname='C:\\Windows\\Fonts\\GOUDYSTO.TTF', name='Goudy Stout', style='normal', variant='normal', weight=400, stretch='normal', size='scalable')) = 10.335
15:55:46 [DEBUG   ] matplotlib.font_manager - findfont: score(FontEntry(fname='C:\\Windows\\Fonts\\CALIST.TTF', name='Calisto MT', style='normal', variant='normal', weight=400, stretch='normal', size='scalable')) = 10.335
15:55:46 [DEBUG   ] matplotlib.font_manager - findfont: score(FontEntry(fname='C:\\Program Files (x86)\\IBM\\SPSS\\Amos\\24\\JRE\\lib\\fonts\\LucidaBrightItalic.ttf', name='Lucida Bright', style='italic', variant='normal', weight=400, stretch='normal', size='scalable')) = 11.335
15:55:46 [DEBUG   ] matplotlib.font_manager - findfont: score(FontEntry(fname='C:\\Windows\\Fonts\\CHILLER.TTF', name='Chiller', style='normal', variant='normal', weight=400, stretch='normal', size='scalable')) = 10.335
15:55:46 [DEBUG   ] matplotlib.font_manager - findfont: score(FontEntry(fname='C:\\Windows\\Fonts\\ZWAdobeF.TTF', name='ZWAdobeF', style='normal', variant='normal', weight=400, stretch='normal', size='scalable')) = 10.335
15:55:46 [DEBUG   ] matplotlib.font_manager - findfont: score(FontEntry(fname='C:\\Windows\\Fonts\\monbaiti.ttf', name='Mongolian Baiti', style='normal', variant='normal', weight=400, stretch='normal', size='scalable')) = 10.335
15:55:46 [DEBUG   ] matplotlib.font_manager - findfont: score(FontEntry(fname='C:\\Windows\\Fonts\\GILI____.TTF', name='Gill Sans MT', style='italic', variant='normal', weight=400, stretch='normal', size='scalable')) = 11.335
15:55:46 [DEBUG   ] matplotlib.font_manager - findfont: score(FontEntry(fname='C:\\Windows\\Fonts\\SCHLBKI.TTF', name='Century Schoolbook', style='italic', variant='normal', weight=400, stretch='normal', size='scalable')) = 11.335
15:55:46 [DEBUG   ] matplotlib.font_manager - findfont: score(FontEntry(fname='C:\\Windows\\Fonts\\BRUSHSCI.TTF', name='Brush Script MT', style='italic', variant='normal', weight=400, stretch='normal', size='scalable')) = 11.335
15:55:46 [DEBUG   ] matplotlib.font_manager - findfont: score(FontEntry(fname='C:\\Windows\\Fonts\\georgiaz.ttf', name='Georgia', style='italic', variant='normal', weight=700, stretch='normal', size='scalable')) = 11.05
15:55:46 [DEBUG   ] matplotlib.font_manager - findfont: score(FontEntry(fname='C:\\Windows\\Fonts\\corbelz.ttf', name='Corbel', style='italic', variant='normal', weight=700, stretch='normal', size='scalable')) = 11.05
15:55:46 [DEBUG   ] matplotlib.font_manager - findfont: score(FontEntry(fname='C:\\Windows\\Fonts\\INFROMAN.TTF', name='Informal Roman', style='normal', variant='normal', weight=400, stretch='normal', size='scalable')) = 10.335
15:55:46 [DEBUG   ] matplotlib.font_manager - findfont: score(FontEntry(fname='C:\\Windows\\Fonts\\Candarab.ttf', name='Candara', style='normal', variant='normal', weight=700, stretch='normal', size='scalable')) = 10.05
15:55:46 [DEBUG   ] matplotlib.font_manager - findfont: score(FontEntry(fname='C:\\Windows\\Fonts\\FRAHVIT.TTF', name='Franklin Gothic Heavy', style='italic', variant='normal', weight=400, stretch='normal', size='scalable')) = 11.335
15:55:46 [DEBUG   ] matplotlib.font_manager - findfont: score(FontEntry(fname='C:\\Windows\\Fonts\\Candaral.ttf', name='Candara', style='normal', variant='normal', weight=400, stretch='normal', size='scalable')) = 10.335
15:55:46 [DEBUG   ] matplotlib.font_manager - findfont: score(FontEntry(fname='C:\\Windows\\Fonts\\ITCKRIST.TTF', name='Kristen ITC', style='normal', variant='normal', weight=400, stretch='normal', size='scalable')) = 10.335
15:55:46 [DEBUG   ] matplotlib.font_manager - findfont: score(FontEntry(fname='C:\\Windows\\Fonts\\ENGR.TTF', name='Engravers MT', style='normal', variant='normal', weight=500, stretch='normal', size='scalable')) = 10.24
15:55:46 [DEBUG   ] matplotlib.font_manager - findfont: score(FontEntry(fname='C:\\Windows\\Fonts\\ITCBLKAD.TTF', name='Blackadder ITC', style='normal', variant='normal', weight=400, stretch='normal', size='scalable')) = 10.335
15:55:46 [DEBUG   ] matplotlib.font_manager - findfont: score(FontEntry(fname='C:\\Windows\\Fonts\\seguisbi.ttf', name='Segoe UI', style='italic', variant='normal', weight=600, stretch='normal', size='scalable')) = 11.145
15:55:46 [DEBUG   ] matplotlib.font_manager - findfont: score(FontEntry(fname='C:\\Windows\\Fonts\\GLSNECB.TTF', name='Gill Sans MT Ext Condensed Bold', style='normal', variant='normal', weight=400, stretch='condensed', size='scalable')) = 10.535
15:55:46 [DEBUG   ] matplotlib.font_manager - findfont: score(FontEntry(fname='C:\\Windows\\Fonts\\VIVALDII.TTF', name='Vivaldi', style='italic', variant='normal', weight=400, stretch='normal', size='scalable')) = 11.335
15:55:46 [DEBUG   ] matplotlib.font_manager - findfont: score(FontEntry(fname='C:\\Windows\\Fonts\\SegUIVar.ttf', name='Segoe UI Variable', style='normal', variant='normal', weight=400, stretch='normal', size='scalable')) = 10.335
15:55:46 [DEBUG   ] matplotlib.font_manager - findfont: score(FontEntry(fname='C:\\Windows\\Fonts\\LFAXDI.TTF', name='Lucida Fax', style='italic', variant='normal', weight=600, stretch='normal', size='scalable')) = 11.145
15:55:46 [DEBUG   ] matplotlib.font_manager - findfont: score(FontEntry(fname='C:\\Windows\\Fonts\\CALIFB.TTF', name='Californian FB', style='normal', variant='normal', weight=700, stretch='normal', size='scalable')) = 10.05
15:55:46 [DEBUG   ] matplotlib.font_manager - findfont: score(FontEntry(fname='C:\\Windows\\Fonts\\segmdl2.ttf', name='Segoe MDL2 Assets', style='normal', variant='normal', weight=400, stretch='normal', size='scalable')) = 10.335
15:55:46 [DEBUG   ] matplotlib.font_manager - findfont: score(FontEntry(fname='C:\\Windows\\Fonts\\LBRITE.TTF', name='Lucida Bright', style='normal', variant='normal', weight=400, stretch='normal', size='scalable')) = 10.335
15:55:46 [DEBUG   ] matplotlib.font_manager - findfont: score(FontEntry(fname='C:\\Windows\\Fonts\\AGENCYR.TTF', name='Agency FB', style='normal', variant='normal', weight=400, stretch='normal', size='scalable')) = 10.335
15:55:46 [DEBUG   ] matplotlib.font_manager - findfont: score(FontEntry(fname='C:\\Windows\\Fonts\\CURLZ___.TTF', name='Curlz MT', style='normal', variant='normal', weight=400, stretch='normal', size='scalable')) = 10.335
15:55:46 [DEBUG   ] matplotlib.font_manager - findfont: score(FontEntry(fname='C:\\Windows\\Fonts\\trebucit.ttf', name='Trebuchet MS', style='italic', variant='normal', weight=400, stretch='normal', size='scalable')) = 11.335
15:55:46 [DEBUG   ] matplotlib.font_manager - findfont: score(FontEntry(fname='C:\\Windows\\Fonts\\seguili.ttf', name='Segoe UI', style='italic', variant='normal', weight=300, stretch='normal', size='scalable')) = 11.43
15:55:46 [DEBUG   ] matplotlib.font_manager - findfont: score(FontEntry(fname='C:\\Windows\\Fonts\\GIGI.TTF', name='Gigi', style='normal', variant='normal', weight=400, stretch='normal', size='scalable')) = 10.335
15:55:46 [DEBUG   ] matplotlib.font_manager - findfont: score(FontEntry(fname='C:\\Windows\\Fonts\\cambriaz.ttf', name='Cambria', style='italic', variant='normal', weight=700, stretch='normal', size='scalable')) = 11.05
15:55:46 [DEBUG   ] matplotlib.font_manager - findfont: score(FontEntry(fname='C:\\Windows\\Fonts\\corbelli.ttf', name='Corbel', style='italic', variant='normal', weight=300, stretch='normal', size='scalable')) = 11.43
15:55:46 [DEBUG   ] matplotlib.font_manager - findfont: score(FontEntry(fname='C:\\Windows\\Fonts\\calibrili.ttf', name='Calibri', style='italic', variant='normal', weight=300, stretch='normal', size='scalable')) = 11.43
15:55:46 [DEBUG   ] matplotlib.font_manager - findfont: score(FontEntry(fname='C:\\Windows\\Fonts\\CENSCBK.TTF', name='Century Schoolbook', style='normal', variant='normal', weight=400, stretch='normal', size='scalable')) = 10.335
15:55:46 [DEBUG   ] matplotlib.font_manager - findfont: score(FontEntry(fname='C:\\Windows\\Fonts\\ariblk.ttf', name='Arial', style='normal', variant='normal', weight=900, stretch='normal', size='scalable')) = 6.6036363636363635
15:55:46 [DEBUG   ] matplotlib.font_manager - findfont: score(FontEntry(fname='C:\\Windows\\Fonts\\SCRIPTBL.TTF', name='Script MT Bold', style='normal', variant='normal', weight=700, stretch='normal', size='scalable')) = 10.05
15:55:46 [DEBUG   ] matplotlib.font_manager - findfont: score(FontEntry(fname='C:\\Windows\\Fonts\\Candaraz.ttf', name='Candara', style='italic', variant='normal', weight=700, stretch='normal', size='scalable')) = 11.05
15:55:46 [DEBUG   ] matplotlib.font_manager - findfont: score(FontEntry(fname='C:\\Windows\\Fonts\\SitkaVF-Italic.ttf', name='Sitka', style='italic', variant='normal', weight=400, stretch='normal', size='scalable')) = 11.335
15:55:46 [DEBUG   ] matplotlib.font_manager - findfont: score(FontEntry(fname='C:\\Windows\\Fonts\\BRLNSDB.TTF', name='Berlin Sans FB Demi', style='normal', variant='normal', weight=700, stretch='normal', size='scalable')) = 10.05
15:55:46 [DEBUG   ] matplotlib.font_manager - findfont: score(FontEntry(fname='C:\\Program Files (x86)\\Adobe\\Acrobat DC\\Resource\\Font\\AdobeDevanagari-Regular.otf', name='Adobe Devanagari', style='normal', variant='normal', weight=400, stretch='normal', size='scalable')) = 10.335
15:55:46 [DEBUG   ] matplotlib.font_manager - findfont: score(FontEntry(fname='C:\\Windows\\Fonts\\trebuc.ttf', name='Trebuchet MS', style='normal', variant='normal', weight=400, stretch='normal', size='scalable')) = 10.335
15:55:46 [DEBUG   ] matplotlib.font_manager - findfont: score(FontEntry(fname='C:\\Windows\\Fonts\\arial.ttf', name='Arial', style='normal', variant='normal', weight=400, stretch='normal', size='scalable')) = 6.698636363636363
15:55:46 [DEBUG   ] matplotlib.font_manager - findfont: score(FontEntry(fname='C:\\Windows\\Fonts\\impact.ttf', name='Impact', style='normal', variant='normal', weight=400, stretch='normal', size='scalable')) = 10.335
15:55:46 [DEBUG   ] matplotlib.font_manager - findfont: score(FontEntry(fname='C:\\Windows\\Fonts\\comicbd.ttf', name='Comic Sans MS', style='normal', variant='normal', weight=700, stretch='normal', size='scalable')) = 10.05
15:55:46 [DEBUG   ] matplotlib.font_manager - findfont: score(FontEntry(fname='C:\\Windows\\Fonts\\FRADM.TTF', name='Franklin Gothic Demi', style='normal', variant='normal', weight=400, stretch='normal', size='scalable')) = 10.335
15:55:46 [DEBUG   ] matplotlib.font_manager - findfont: score(FontEntry(fname='C:\\Windows\\Fonts\\l_10646.ttf', name='Lucida Sans Unicode', style='normal', variant='normal', weight=400, stretch='normal', size='scalable')) = 10.335
15:55:46 [DEBUG   ] matplotlib.font_manager - findfont: score(FontEntry(fname='C:\\Windows\\Fonts\\BOOKOSI.TTF', name='Bookman Old Style', style='italic', variant='normal', weight=300, stretch='normal', size='scalable')) = 11.43
15:55:46 [DEBUG   ] matplotlib.font_manager - findfont: score(FontEntry(fname='C:\\Windows\\Fonts\\LFAX.TTF', name='Lucida Fax', style='normal', variant='normal', weight=400, stretch='normal', size='scalable')) = 10.335
15:55:46 [DEBUG   ] matplotlib.font_manager - findfont: score(FontEntry(fname='C:\\Windows\\Fonts\\SCHLBKBI.TTF', name='Century Schoolbook', style='italic', variant='normal', weight=700, stretch='normal', size='scalable')) = 11.05
15:55:46 [DEBUG   ] matplotlib.font_manager - findfont: score(FontEntry(fname='C:\\Windows\\Fonts\\segoeuii.ttf', name='Segoe UI', style='italic', variant='normal', weight=400, stretch='normal', size='scalable')) = 11.335
15:55:46 [DEBUG   ] matplotlib.font_manager - findfont: score(FontEntry(fname='C:\\Windows\\Fonts\\BOD_B.TTF', name='Bodoni MT', style='normal', variant='normal', weight=700, stretch='normal', size='scalable')) = 10.05
15:55:46 [DEBUG   ] matplotlib.font_manager - findfont: score(FontEntry(fname='C:\\Windows\\Fonts\\BOD_CI.TTF', name='Bodoni MT', style='italic', variant='normal', weight=400, stretch='condensed', size='scalable')) = 11.535
15:55:46 [DEBUG   ] matplotlib.font_manager - findfont: score(FontEntry(fname='C:\\Windows\\Fonts\\FRADMCN.TTF', name='Franklin Gothic Demi Cond', style='normal', variant='normal', weight=400, stretch='condensed', size='scalable')) = 10.535
15:55:46 [DEBUG   ] matplotlib.font_manager - findfont: score(FontEntry(fname='C:\\Windows\\Fonts\\corbell.ttf', name='Corbel', style='normal', variant='normal', weight=300, stretch='normal', size='scalable')) = 10.43
15:55:46 [DEBUG   ] matplotlib.font_manager - findfont: score(FontEntry(fname='C:\\Windows\\Fonts\\segoeuil.ttf', name='Segoe UI', style='normal', variant='normal', weight=300, stretch='normal', size='scalable')) = 10.43
15:55:46 [DEBUG   ] matplotlib.font_manager - findfont: score(FontEntry(fname='C:\\Windows\\Fonts\\consolab.ttf', name='Consolas', style='normal', variant='normal', weight=700, stretch='normal', size='scalable')) = 10.05
15:55:46 [DEBUG   ] matplotlib.font_manager - findfont: score(FontEntry(fname='C:\\Windows\\Fonts\\CALISTI.TTF', name='Calisto MT', style='italic', variant='normal', weight=400, stretch='normal', size='scalable')) = 11.335
15:55:46 [DEBUG   ] matplotlib.font_manager - findfont: score(FontEntry(fname='C:\\Windows\\Fonts\\malgunsl.ttf', name='Malgun Gothic', style='normal', variant='normal', weight=300, stretch='normal', size='scalable')) = 10.43
15:55:46 [DEBUG   ] matplotlib.font_manager - findfont: score(FontEntry(fname='C:\\Windows\\Fonts\\seguihis.ttf', name='Segoe UI Historic', style='normal', variant='normal', weight=400, stretch='normal', size='scalable')) = 10.335
15:55:46 [DEBUG   ] matplotlib.font_manager - findfont: score(FontEntry(fname='C:\\Windows\\Fonts\\ntailub.ttf', name='Microsoft New Tai Lue', style='normal', variant='normal', weight=700, stretch='normal', size='scalable')) = 10.05
15:55:46 [DEBUG   ] matplotlib.font_manager - findfont: score(FontEntry(fname='C:\\Windows\\Fonts\\GILBI___.TTF', name='Gill Sans MT', style='italic', variant='normal', weight=700, stretch='normal', size='scalable')) = 11.05
15:55:46 [DEBUG   ] matplotlib.font_manager - findfont: score(FontEntry(fname='C:\\Windows\\Fonts\\mvboli.ttf', name='MV Boli', style='normal', variant='normal', weight=400, stretch='normal', size='scalable')) = 10.335
15:55:46 [DEBUG   ] matplotlib.font_manager - findfont: score(FontEntry(fname='C:\\Windows\\Fonts\\trebucbi.ttf', name='Trebuchet MS', style='italic', variant='normal', weight=700, stretch='normal', size='scalable')) = 11.05
15:55:46 [DEBUG   ] matplotlib.font_manager - findfont: score(FontEntry(fname='C:\\Windows\\Fonts\\COPRGTB.TTF', name='Copperplate Gothic Bold', style='normal', variant='normal', weight=400, stretch='normal', size='scalable')) = 10.335
15:55:46 [DEBUG   ] matplotlib.font_manager - findfont: score(FontEntry(fname='C:\\Windows\\Fonts\\REFSPCL.TTF', name='MS Reference Specialty', style='normal', variant='normal', weight=400, stretch='normal', size='scalable')) = 10.335
15:55:46 [DEBUG   ] matplotlib.font_manager - findfont: score(FontEntry(fname='C:\\Windows\\Fonts\\LCALLIG.TTF', name='Lucida Calligraphy', style='italic', variant='normal', weight=400, stretch='normal', size='scalable')) = 11.335
15:55:46 [DEBUG   ] matplotlib.font_manager - findfont: score(FontEntry(fname='C:\\Windows\\Fonts\\PLAYBILL.TTF', name='Playbill', style='normal', variant='normal', weight=400, stretch='normal', size='scalable')) = 10.335
15:55:46 [DEBUG   ] matplotlib.font_manager - findfont: score(FontEntry(fname='C:\\Windows\\Fonts\\segoescb.ttf', name='Segoe Script', style='normal', variant='normal', weight=700, stretch='normal', size='scalable')) = 10.05
15:55:46 [DEBUG   ] matplotlib.font_manager - findfont: score(FontEntry(fname='C:\\Windows\\Fonts\\corbelb.ttf', name='Corbel', style='normal', variant='normal', weight=700, stretch='normal', size='scalable')) = 10.05
15:55:46 [DEBUG   ] matplotlib.font_manager - findfont: score(FontEntry(fname='C:\\Windows\\Fonts\\palai.ttf', name='Palatino Linotype', style='italic', variant='normal', weight=400, stretch='normal', size='scalable')) = 11.335
15:55:46 [DEBUG   ] matplotlib.font_manager - findfont: score(FontEntry(fname='C:\\Windows\\Fonts\\phagspa.ttf', name='Microsoft PhagsPa', style='normal', variant='normal', weight=400, stretch='normal', size='scalable')) = 10.335
15:55:46 [DEBUG   ] matplotlib.font_manager - findfont: score(FontEntry(fname='C:\\Windows\\Fonts\\himalaya.ttf', name='Microsoft Himalaya', style='normal', variant='normal', weight=400, stretch='normal', size='scalable')) = 10.335
15:55:46 [DEBUG   ] matplotlib.font_manager - findfont: score(FontEntry(fname='C:\\Windows\\Fonts\\HARNGTON.TTF', name='Harrington', style='normal', variant='normal', weight=400, stretch='normal', size='scalable')) = 10.335
15:55:46 [DEBUG   ] matplotlib.font_manager - findfont: score(FontEntry(fname='C:\\Windows\\Fonts\\ONYX.TTF', name='Onyx', style='normal', variant='normal', weight=400, stretch='normal', size='scalable')) = 10.335
15:55:46 [DEBUG   ] matplotlib.font_manager - findfont: score(FontEntry(fname='C:\\Windows\\Fonts\\CASTELAR.TTF', name='Castellar', style='normal', variant='normal', weight=400, stretch='normal', size='scalable')) = 10.335
15:55:46 [DEBUG   ] matplotlib.font_manager - findfont: score(FontEntry(fname='C:\\Windows\\Fonts\\GOUDOSI.TTF', name='Goudy Old Style', style='italic', variant='normal', weight=400, stretch='normal', size='scalable')) = 11.335
15:55:46 [DEBUG   ] matplotlib.font_manager - findfont: score(FontEntry(fname='C:\\Windows\\Fonts\\ALGER.TTF', name='Algerian', style='normal', variant='normal', weight=400, stretch='normal', size='scalable')) = 10.335
15:55:46 [DEBUG   ] matplotlib.font_manager - findfont: score(FontEntry(fname='C:\\Windows\\Fonts\\segoeui.ttf', name='Segoe UI', style='normal', variant='normal', weight=400, stretch='normal', size='scalable')) = 10.335
15:55:46 [DEBUG   ] matplotlib.font_manager - findfont: score(FontEntry(fname='C:\\Windows\\Fonts\\BRLNSB.TTF', name='Berlin Sans FB', style='normal', variant='normal', weight=700, stretch='normal', size='scalable')) = 10.05
15:55:46 [DEBUG   ] matplotlib.font_manager - findfont: score(FontEntry(fname='C:\\Windows\\Fonts\\javatext.ttf', name='Javanese Text', style='normal', variant='normal', weight=400, stretch='normal', size='scalable')) = 10.335
15:55:46 [DEBUG   ] matplotlib.font_manager - findfont: score(FontEntry(fname='C:\\Windows\\Fonts\\BROADW.TTF', name='Broadway', style='normal', variant='normal', weight=400, stretch='normal', size='scalable')) = 10.335
15:55:46 [DEBUG   ] matplotlib.font_manager - findfont: score(FontEntry(fname='C:\\Windows\\Fonts\\LTYPEO.TTF', name='Lucida Sans Typewriter', style='oblique', variant='normal', weight=400, stretch='normal', size='scalable')) = 11.335
15:55:46 [DEBUG   ] matplotlib.font_manager - findfont: score(FontEntry(fname='C:\\Windows\\Fonts\\ARIALN.TTF', name='Arial', style='normal', variant='normal', weight=400, stretch='condensed', size='scalable')) = 6.8986363636363635
15:55:46 [DEBUG   ] matplotlib.font_manager - findfont: score(FontEntry(fname='C:\\Windows\\Fonts\\comic.ttf', name='Comic Sans MS', style='normal', variant='normal', weight=400, stretch='normal', size='scalable')) = 10.335
15:55:46 [DEBUG   ] matplotlib.font_manager - findfont: score(FontEntry(fname='C:\\Windows\\Fonts\\GARABD.TTF', name='Garamond', style='normal', variant='normal', weight=700, stretch='normal', size='scalable')) = 10.05
15:55:46 [DEBUG   ] matplotlib.font_manager - findfont: score(FontEntry(fname='C:\\Windows\\Fonts\\JOKERMAN.TTF', name='Jokerman', style='normal', variant='normal', weight=400, stretch='normal', size='scalable')) = 10.335
15:55:46 [DEBUG   ] matplotlib.font_manager - findfont: score(FontEntry(fname='C:\\Windows\\Fonts\\CascadiaCode.ttf', name='Cascadia Code', style='normal', variant='normal', weight=400, stretch='normal', size='scalable')) = 10.335
15:55:46 [DEBUG   ] matplotlib.font_manager - findfont: score(FontEntry(fname='C:\\Windows\\Fonts\\VLADIMIR.TTF', name='Vladimir Script', style='normal', variant='normal', weight=400, stretch='normal', size='scalable')) = 10.335
15:55:46 [DEBUG   ] matplotlib.font_manager - findfont: score(FontEntry(fname='C:\\Windows\\Fonts\\GILB____.TTF', name='Gill Sans MT', style='normal', variant='normal', weight=700, stretch='normal', size='scalable')) = 10.05
15:55:46 [DEBUG   ] matplotlib.font_manager - findfont: score(FontEntry(fname='C:\\Windows\\Fonts\\palabi.ttf', name='Palatino Linotype', style='italic', variant='normal', weight=700, stretch='normal', size='scalable')) = 11.05
15:55:46 [DEBUG   ] matplotlib.font_manager - findfont: score(FontEntry(fname='C:\\Windows\\Fonts\\BOD_CB.TTF', name='Bodoni MT', style='normal', variant='normal', weight=700, stretch='condensed', size='scalable')) = 10.25
15:55:46 [DEBUG   ] matplotlib.font_manager - findfont: score(FontEntry(fname='C:\\Windows\\Fonts\\GARAIT.TTF', name='Garamond', style='italic', variant='normal', weight=400, stretch='normal', size='scalable')) = 11.335
15:55:46 [DEBUG   ] matplotlib.font_manager - findfont: score(FontEntry(fname='C:\\Windows\\Fonts\\FRAHV.TTF', name='Franklin Gothic Heavy', style='normal', variant='normal', weight=400, stretch='normal', size='scalable')) = 10.335
15:55:46 [DEBUG   ] matplotlib.font_manager - findfont: score(FontEntry(fname='C:\\Windows\\Fonts\\BOD_BI.TTF', name='Bodoni MT', style='italic', variant='normal', weight=700, stretch='normal', size='scalable')) = 11.05
15:55:46 [DEBUG   ] matplotlib.font_manager - findfont: score(FontEntry(fname='C:\\Windows\\Fonts\\Candara.ttf', name='Candara', style='normal', variant='normal', weight=400, stretch='normal', size='scalable')) = 10.335
15:55:46 [DEBUG   ] matplotlib.font_manager - findfont: score(FontEntry(fname='C:\\Windows\\Fonts\\BERNHC.TTF', name='Bernard MT Condensed', style='normal', variant='normal', weight=400, stretch='condensed', size='scalable')) = 10.535
15:55:46 [DEBUG   ] matplotlib.font_manager - findfont: score(FontEntry(fname='C:\\Windows\\Fonts\\ERASBD.TTF', name='Eras Bold ITC', style='normal', variant='normal', weight=400, stretch='normal', size='scalable')) = 10.335
15:55:46 [DEBUG   ] matplotlib.font_manager - findfont: score(FontEntry(fname='C:\\Windows\\Fonts\\YuGothL.ttc', name='Yu Gothic', style='normal', variant='normal', weight=300, stretch='normal', size='scalable')) = 10.43
15:55:46 [DEBUG   ] matplotlib.font_manager - findfont: score(FontEntry(fname='C:\\Windows\\Fonts\\MATURASC.TTF', name='Matura MT Script Capitals', style='normal', variant='normal', weight=400, stretch='normal', size='scalable')) = 10.335
15:55:46 [DEBUG   ] matplotlib.font_manager - findfont: score(FontEntry(fname='C:\\Windows\\Fonts\\PALSCRI.TTF', name='Palace Script MT', style='normal', variant='normal', weight=400, stretch='normal', size='scalable')) = 10.335
15:55:46 [DEBUG   ] matplotlib.font_manager - findfont: score(FontEntry(fname='C:\\Windows\\Fonts\\GIL_____.TTF', name='Gill Sans MT', style='normal', variant='normal', weight=400, stretch='normal', size='scalable')) = 10.335
15:55:46 [DEBUG   ] matplotlib.font_manager - findfont: score(FontEntry(fname='C:\\Program Files (x86)\\IBM\\SPSS\\Amos\\24\\JRE\\lib\\fonts\\LucidaBrightRegular.ttf', name='Lucida Bright', style='normal', variant='normal', weight=400, stretch='normal', size='scalable')) = 10.335
15:55:46 [DEBUG   ] matplotlib.font_manager - findfont: score(FontEntry(fname='C:\\Windows\\Fonts\\LeelaUIb.ttf', name='Leelawadee UI', style='normal', variant='normal', weight=700, stretch='normal', size='scalable')) = 10.05
15:55:46 [DEBUG   ] matplotlib.font_manager - findfont: score(FontEntry(fname='C:\\Windows\\Fonts\\HTOWERT.TTF', name='High Tower Text', style='normal', variant='normal', weight=400, stretch='normal', size='scalable')) = 10.335
15:55:46 [DEBUG   ] matplotlib.font_manager - findfont: score(FontEntry(fname='C:\\Windows\\Fonts\\LTYPEBO.TTF', name='Lucida Sans Typewriter', style='oblique', variant='normal', weight=600, stretch='normal', size='scalable')) = 11.145
15:55:46 [DEBUG   ] matplotlib.font_manager - findfont: score(FontEntry(fname='C:\\Windows\\Fonts\\micross.ttf', name='Microsoft Sans Serif', style='normal', variant='normal', weight=400, stretch='normal', size='scalable')) = 10.335
15:55:46 [DEBUG   ] matplotlib.font_manager - findfont: score(FontEntry(fname='C:\\Windows\\Fonts\\TCM_____.TTF', name='Tw Cen MT', style='normal', variant='normal', weight=400, stretch='normal', size='scalable')) = 10.335
15:55:46 [DEBUG   ] matplotlib.font_manager - findfont: score(FontEntry(fname='C:\\Windows\\Fonts\\BOOKOSB.TTF', name='Bookman Old Style', style='normal', variant='normal', weight=600, stretch='normal', size='scalable')) = 10.145
15:55:46 [DEBUG   ] matplotlib.font_manager - findfont: score(FontEntry(fname='C:\\Windows\\Fonts\\consola.ttf', name='Consolas', style='normal', variant='normal', weight=400, stretch='normal', size='scalable')) = 10.335
15:55:46 [DEBUG   ] matplotlib.font_manager - findfont: score(FontEntry(fname='C:\\Windows\\Fonts\\ERASMD.TTF', name='Eras Medium ITC', style='normal', variant='normal', weight=400, stretch='normal', size='scalable')) = 10.335
15:55:46 [DEBUG   ] matplotlib.font_manager - findfont: score(FontEntry(fname='C:\\Windows\\Fonts\\BOD_BLAI.TTF', name='Bodoni MT', style='italic', variant='normal', weight=900, stretch='normal', size='scalable')) = 11.24
15:55:46 [DEBUG   ] matplotlib.font_manager - findfont: score(FontEntry(fname='C:\\Windows\\Fonts\\couri.ttf', name='Courier New', style='italic', variant='normal', weight=400, stretch='normal', size='scalable')) = 11.335
15:55:46 [DEBUG   ] matplotlib.font_manager - findfont: score(FontEntry(fname='C:\\Windows\\Fonts\\calibrib.ttf', name='Calibri', style='normal', variant='normal', weight=700, stretch='normal', size='scalable')) = 10.05
15:55:46 [DEBUG   ] matplotlib.font_manager - findfont: score(FontEntry(fname='C:\\Windows\\Fonts\\segoeuib.ttf', name='Segoe UI', style='normal', variant='normal', weight=700, stretch='normal', size='scalable')) = 10.05
15:55:46 [DEBUG   ] matplotlib.font_manager - findfont: score(FontEntry(fname='C:\\Windows\\Fonts\\HTOWERTI.TTF', name='High Tower Text', style='italic', variant='normal', weight=400, stretch='normal', size='scalable')) = 11.335
15:55:46 [DEBUG   ] matplotlib.font_manager - findfont: score(FontEntry(fname='C:\\Windows\\Fonts\\seguiemj.ttf', name='Segoe UI Emoji', style='normal', variant='normal', weight=400, stretch='normal', size='scalable')) = 10.335
15:55:46 [DEBUG   ] matplotlib.font_manager - findfont: score(FontEntry(fname='C:\\Windows\\Fonts\\ROCC____.TTF', name='Rockwell Condensed', style='normal', variant='normal', weight=400, stretch='condensed', size='scalable')) = 10.535
15:55:46 [DEBUG   ] matplotlib.font_manager - findfont: score(FontEntry(fname='C:\\Windows\\Fonts\\LeelawUI.ttf', name='Leelawadee UI', style='normal', variant='normal', weight=400, stretch='normal', size='scalable')) = 10.335
15:55:46 [DEBUG   ] matplotlib.font_manager - findfont: score(FontEntry(fname='C:\\Windows\\Fonts\\TEMPSITC.TTF', name='Tempus Sans ITC', style='normal', variant='normal', weight=400, stretch='normal', size='scalable')) = 10.335
15:55:46 [DEBUG   ] matplotlib.font_manager - findfont: score(FontEntry(fname='C:\\Windows\\Fonts\\tahomabd.ttf', name='Tahoma', style='normal', variant='normal', weight=700, stretch='normal', size='scalable')) = 10.05
15:55:46 [DEBUG   ] matplotlib.font_manager - findfont: score(FontEntry(fname='C:\\Windows\\Fonts\\comici.ttf', name='Comic Sans MS', style='italic', variant='normal', weight=400, stretch='normal', size='scalable')) = 11.335
15:55:46 [DEBUG   ] matplotlib.font_manager - findfont: score(FontEntry(fname='C:\\Windows\\Fonts\\YuGothR.ttc', name='Yu Gothic', style='normal', variant='normal', weight=400, stretch='normal', size='scalable')) = 10.335
15:55:46 [DEBUG   ] matplotlib.font_manager - findfont: score(FontEntry(fname='C:\\Windows\\Fonts\\PERB____.TTF', name='Perpetua', style='normal', variant='normal', weight=700, stretch='normal', size='scalable')) = 10.05
15:55:46 [DEBUG   ] matplotlib.font_manager - findfont: score(FontEntry(fname='C:\\Windows\\Fonts\\BSSYM7.TTF', name='Bookshelf Symbol 7', style='normal', variant='normal', weight=400, stretch='normal', size='scalable')) = 10.335
15:55:46 [DEBUG   ] matplotlib.font_manager - findfont: score(FontEntry(fname='C:\\Windows\\Fonts\\PERI____.TTF', name='Perpetua', style='italic', variant='normal', weight=400, stretch='normal', size='scalable')) = 11.335
15:55:46 [DEBUG   ] matplotlib.font_manager - findfont: score(FontEntry(fname='C:\\Windows\\Fonts\\segoeprb.ttf', name='Segoe Print', style='normal', variant='normal', weight=700, stretch='normal', size='scalable')) = 10.05
15:55:46 [DEBUG   ] matplotlib.font_manager - findfont: score(FontEntry(fname='C:\\Windows\\Fonts\\DUBAI-LIGHT.TTF', name='Dubai', style='normal', variant='normal', weight=300, stretch='normal', size='scalable')) = 10.43
15:55:46 [DEBUG   ] matplotlib.font_manager - findfont: score(FontEntry(fname='C:\\Windows\\Fonts\\LFAXI.TTF', name='Lucida Fax', style='italic', variant='normal', weight=400, stretch='normal', size='scalable')) = 11.335
15:55:46 [DEBUG   ] matplotlib.font_manager - findfont: score(FontEntry(fname='C:\\Windows\\Fonts\\Candarai.ttf', name='Candara', style='italic', variant='normal', weight=400, stretch='normal', size='scalable')) = 11.335
15:55:46 [DEBUG   ] matplotlib.font_manager - findfont: score(FontEntry(fname='C:\\Windows\\Fonts\\CALISTB.TTF', name='Calisto MT', style='normal', variant='normal', weight=700, stretch='normal', size='scalable')) = 10.05
15:55:46 [DEBUG   ] matplotlib.font_manager - findfont: score(FontEntry(fname='C:\\Windows\\Fonts\\Nirmala.ttc', name='Nirmala UI', style='normal', variant='normal', weight=400, stretch='normal', size='scalable')) = 10.335
15:55:46 [DEBUG   ] matplotlib.font_manager - findfont: score(FontEntry(fname='C:\\Windows\\Fonts\\FTLTLT.TTF', name='Footlight MT Light', style='normal', variant='normal', weight=300, stretch='normal', size='scalable')) = 10.43
15:55:46 [DEBUG   ] matplotlib.font_manager - findfont: score(FontEntry(fname='C:\\Windows\\Fonts\\Candarali.ttf', name='Candara', style='italic', variant='normal', weight=400, stretch='normal', size='scalable')) = 11.335
15:55:46 [DEBUG   ] matplotlib.font_manager - findfont: score(FontEntry(fname='C:\\Windows\\Fonts\\lucon.ttf', name='Lucida Console', style='normal', variant='normal', weight=400, stretch='normal', size='scalable')) = 10.335
15:55:46 [DEBUG   ] matplotlib.font_manager - findfont: score(FontEntry(fname='C:\\Windows\\Fonts\\FORTE.TTF', name='Forte', style='normal', variant='normal', weight=400, stretch='normal', size='scalable')) = 10.335
15:55:46 [DEBUG   ] matplotlib.font_manager - findfont: score(FontEntry(fname='C:\\Windows\\Fonts\\BELLI.TTF', name='Bell MT', style='italic', variant='normal', weight=400, stretch='normal', size='scalable')) = 11.335
15:55:46 [DEBUG   ] matplotlib.font_manager - findfont: score(FontEntry(fname='C:\\Windows\\Fonts\\ARIALNI.TTF', name='Arial', style='italic', variant='normal', weight=400, stretch='condensed', size='scalable')) = 7.8986363636363635
15:55:46 [DEBUG   ] matplotlib.font_manager - findfont: score(FontEntry(fname='C:\\Program Files (x86)\\IBM\\SPSS\\Amos\\24\\JRE\\lib\\fonts\\LucidaTypewriterBold.ttf', name='Lucida Sans Typewriter', style='normal', variant='normal', weight=700, stretch='normal', size='scalable')) = 10.05
15:55:46 [DEBUG   ] matplotlib.font_manager - findfont: score(FontEntry(fname='C:\\Windows\\Fonts\\ROCCB___.TTF', name='Rockwell Condensed', style='normal', variant='normal', weight=700, stretch='condensed', size='scalable')) = 10.25
15:55:46 [DEBUG   ] matplotlib.font_manager - findfont: score(FontEntry(fname='C:\\Windows\\Fonts\\ROCKI.TTF', name='Rockwell', style='italic', variant='normal', weight=400, stretch='normal', size='scalable')) = 11.335
15:55:46 [DEBUG   ] matplotlib.font_manager - findfont: score(FontEntry(fname='C:\\Windows\\Fonts\\ROCKEB.TTF', name='Rockwell Extra Bold', style='normal', variant='normal', weight=800, stretch='normal', size='scalable')) = 10.145
15:55:46 [DEBUG   ] matplotlib.font_manager - findfont: score(FontEntry(fname='C:\\Windows\\Fonts\\FELIXTI.TTF', name='Felix Titling', style='normal', variant='normal', weight=400, stretch='normal', size='scalable')) = 10.335
15:55:46 [DEBUG   ] matplotlib.font_manager - findfont: score(FontEntry(fname='C:\\Windows\\Fonts\\msgothic.ttc', name='MS Gothic', style='normal', variant='normal', weight=400, stretch='normal', size='scalable')) = 10.335
15:55:46 [DEBUG   ] matplotlib.font_manager - findfont: score(FontEntry(fname='C:\\Windows\\Fonts\\BOD_I.TTF', name='Bodoni MT', style='italic', variant='normal', weight=400, stretch='normal', size='scalable')) = 11.335
15:55:46 [DEBUG   ] matplotlib.font_manager - findfont: score(FontEntry(fname='C:\\Windows\\Fonts\\ROCK.TTF', name='Rockwell', style='normal', variant='normal', weight=400, stretch='normal', size='scalable')) = 10.335
15:55:46 [DEBUG   ] matplotlib.font_manager - findfont: score(FontEntry(fname='C:\\Program Files (x86)\\Adobe\\Acrobat DC\\Resource\\Font\\AdobeDevanagari-Bold.otf', name='Adobe Devanagari', style='normal', variant='normal', weight=700, stretch='normal', size='scalable')) = 10.05
15:55:46 [DEBUG   ] matplotlib.font_manager - findfont: score(FontEntry(fname='C:\\Windows\\Fonts\\PER_____.TTF', name='Perpetua', style='normal', variant='normal', weight=400, stretch='normal', size='scalable')) = 10.335
15:55:46 [DEBUG   ] matplotlib.font_manager - findfont: score(FontEntry(fname='C:\\Windows\\Fonts\\wingding.ttf', name='Wingdings', style='normal', variant='normal', weight=400, stretch='normal', size='scalable')) = 10.335
15:55:46 [DEBUG   ] matplotlib.font_manager - findfont: score(FontEntry(fname='C:\\Windows\\Fonts\\ITCEDSCR.TTF', name='Edwardian Script ITC', style='normal', variant='normal', weight=400, stretch='normal', size='scalable')) = 10.335
15:55:46 [DEBUG   ] matplotlib.font_manager - findfont: score(FontEntry(fname='C:\\Windows\\Fonts\\YuGothM.ttc', name='Yu Gothic', style='normal', variant='normal', weight=500, stretch='normal', size='scalable')) = 10.24
15:55:46 [DEBUG   ] matplotlib.font_manager - findfont: score(FontEntry(fname='C:\\Windows\\Fonts\\SNAP____.TTF', name='Snap ITC', style='normal', variant='normal', weight=400, stretch='normal', size='scalable')) = 10.335
15:55:46 [DEBUG   ] matplotlib.font_manager - findfont: score(FontEntry(fname='C:\\Windows\\Fonts\\ELEPHNTI.TTF', name='Elephant', style='italic', variant='normal', weight=400, stretch='normal', size='scalable')) = 11.335
15:55:46 [DEBUG   ] matplotlib.font_manager - findfont: score(FontEntry(fname='C:\\Windows\\Fonts\\GILC____.TTF', name='Gill Sans MT Condensed', style='normal', variant='normal', weight=400, stretch='condensed', size='scalable')) = 10.535
15:55:46 [DEBUG   ] matplotlib.font_manager - findfont: score(FontEntry(fname='C:\\Windows\\Fonts\\BOD_R.TTF', name='Bodoni MT', style='normal', variant='normal', weight=400, stretch='normal', size='scalable')) = 10.335
15:55:46 [DEBUG   ] matplotlib.font_manager - findfont: score(FontEntry(fname='C:\\Windows\\Fonts\\NIAGSOL.TTF', name='Niagara Solid', style='normal', variant='normal', weight=400, stretch='normal', size='scalable')) = 10.335
15:55:46 [DEBUG   ] matplotlib.font_manager - findfont: score(FontEntry(fname='C:\\Windows\\Fonts\\DUBAI-BOLD.TTF', name='Dubai', style='normal', variant='normal', weight=700, stretch='normal', size='scalable')) = 10.05
15:55:46 [DEBUG   ] matplotlib.font_manager - findfont: score(FontEntry(fname='C:\\Windows\\Fonts\\corbeli.ttf', name='Corbel', style='italic', variant='normal', weight=400, stretch='normal', size='scalable')) = 11.335
15:55:46 [DEBUG   ] matplotlib.font_manager - findfont: score(FontEntry(fname='C:\\Windows\\Fonts\\sylfaen.ttf', name='Sylfaen', style='normal', variant='normal', weight=400, stretch='normal', size='scalable')) = 10.335
15:55:46 [DEBUG   ] matplotlib.font_manager - findfont: score(FontEntry(fname='C:\\Windows\\Fonts\\georgiab.ttf', name='Georgia', style='normal', variant='normal', weight=700, stretch='normal', size='scalable')) = 10.05
15:55:46 [DEBUG   ] matplotlib.font_manager - findfont: score(FontEntry(fname='C:\\Windows\\Fonts\\COPRGTL.TTF', name='Copperplate Gothic Light', style='normal', variant='normal', weight=400, stretch='normal', size='scalable')) = 10.335
15:55:46 [DEBUG   ] matplotlib.font_manager - findfont: score(FontEntry(fname='C:\\Windows\\Fonts\\pala.ttf', name='Palatino Linotype', style='normal', variant='normal', weight=400, stretch='normal', size='scalable')) = 10.335
15:55:46 [DEBUG   ] matplotlib.font_manager - findfont: score(FontEntry(fname='C:\\Windows\\Fonts\\MTCORSVA.TTF', name='Monotype Corsiva', style='normal', variant='normal', weight=400, stretch='normal', size='scalable')) = 10.335
15:55:46 [DEBUG   ] matplotlib.font_manager - findfont: score(FontEntry(fname='C:\\Windows\\Fonts\\msyi.ttf', name='Microsoft Yi Baiti', style='normal', variant='normal', weight=400, stretch='normal', size='scalable')) = 10.335
15:55:46 [DEBUG   ] matplotlib.font_manager - findfont: score(FontEntry(fname='C:\\Windows\\Fonts\\arialbd.ttf', name='Arial', style='normal', variant='normal', weight=700, stretch='normal', size='scalable')) = 6.413636363636363
15:55:46 [DEBUG   ] matplotlib.font_manager - findfont: score(FontEntry(fname='C:\\Windows\\Fonts\\LSANSDI.TTF', name='Lucida Sans', style='italic', variant='normal', weight=600, stretch='normal', size='scalable')) = 11.145
15:55:46 [DEBUG   ] matplotlib.font_manager - findfont: score(FontEntry(fname='C:\\Windows\\Fonts\\SitkaVF.ttf', name='Sitka', style='normal', variant='normal', weight=400, stretch='normal', size='scalable')) = 10.335
15:55:46 [DEBUG   ] matplotlib.font_manager - findfont: score(FontEntry(fname='C:\\Windows\\Fonts\\PERTILI.TTF', name='Perpetua Titling MT', style='normal', variant='normal', weight=300, stretch='normal', size='scalable')) = 10.43
15:55:46 [DEBUG   ] matplotlib.font_manager - findfont: score(FontEntry(fname='C:\\Windows\\Fonts\\times.ttf', name='Times New Roman', style='normal', variant='normal', weight=400, stretch='normal', size='scalable')) = 10.335
15:55:46 [DEBUG   ] matplotlib.font_manager - findfont: score(FontEntry(fname='C:\\Windows\\Fonts\\ARIALNBI.TTF', name='Arial', style='italic', variant='normal', weight=700, stretch='condensed', size='scalable')) = 7.613636363636363
15:55:46 [DEBUG   ] matplotlib.font_manager - findfont: score(FontEntry(fname='C:\\Windows\\Fonts\\POORICH.TTF', name='Poor Richard', style='normal', variant='normal', weight=400, stretch='normal', size='scalable')) = 10.335
15:55:46 [DEBUG   ] matplotlib.font_manager - findfont: score(FontEntry(fname='C:\\Windows\\Fonts\\calibrii.ttf', name='Calibri', style='italic', variant='normal', weight=400, stretch='normal', size='scalable')) = 11.335
15:55:46 [DEBUG   ] matplotlib.font_manager - findfont: score(FontEntry(fname='C:\\Windows\\Fonts\\ARLRDBD.TTF', name='Arial Rounded MT Bold', style='normal', variant='normal', weight=400, stretch='normal', size='scalable')) = 10.335
15:55:46 [DEBUG   ] matplotlib.font_manager - findfont: score(FontEntry(fname='C:\\Windows\\Fonts\\AGENCYB.TTF', name='Agency FB', style='normal', variant='normal', weight=700, stretch='normal', size='scalable')) = 10.05
15:55:46 [DEBUG   ] matplotlib.font_manager - findfont: score(FontEntry(fname='C:\\Windows\\Fonts\\seguisli.ttf', name='Segoe UI', style='italic', variant='normal', weight=350, stretch='normal', size='scalable')) = 11.3825
15:55:46 [DEBUG   ] matplotlib.font_manager - findfont: score(FontEntry(fname='C:\\Windows\\Fonts\\TCB_____.TTF', name='Tw Cen MT', style='normal', variant='normal', weight=700, stretch='normal', size='scalable')) = 10.05
15:55:46 [DEBUG   ] matplotlib.font_manager - findfont: score(FontEntry(fname='C:\\Windows\\Fonts\\CascadiaMono.ttf', name='Cascadia Mono', style='normal', variant='normal', weight=400, stretch='normal', size='scalable')) = 10.335
15:55:46 [DEBUG   ] matplotlib.font_manager - findfont: score(FontEntry(fname='C:\\Windows\\Fonts\\JUICE___.TTF', name='Juice ITC', style='normal', variant='normal', weight=400, stretch='normal', size='scalable')) = 10.335
15:55:46 [DEBUG   ] matplotlib.font_manager - findfont: score(FontEntry(fname='C:\\Windows\\Fonts\\REFSAN.TTF', name='MS Reference Sans Serif', style='normal', variant='normal', weight=400, stretch='normal', size='scalable')) = 10.335
15:55:46 [DEBUG   ] matplotlib.font_manager - findfont: Matching sans\-serif:style=normal:variant=normal:weight=bold:stretch=normal:size=11.4 to DejaVu Sans ('C:\\Users\\DELL\\AppData\\Local\\Programs\\Python\\Python314\\Lib\\site-packages\\matplotlib\\mpl-data\\fonts\\ttf\\DejaVuSans-Bold.ttf') with score of 0.050000.
15:55:47 [DEBUG   ] matplotlib.font_manager - findfont: Matching sans\-serif:style=normal:variant=normal:weight=bold:stretch=normal:size=11.0.
15:55:47 [DEBUG   ] matplotlib.font_manager - findfont: score(FontEntry(fname='C:\\Users\\DELL\\AppData\\Local\\Programs\\Python\\Python314\\Lib\\site-packages\\matplotlib\\mpl-data\\fonts\\ttf\\DejaVuSerif-Bold.ttf', name='DejaVu Serif', style='normal', variant='normal', weight=700, stretch='normal', size='scalable')) = 10.05
15:55:47 [DEBUG   ] matplotlib.font_manager - findfont: score(FontEntry(fname='C:\\Users\\DELL\\AppData\\Local\\Programs\\Python\\Python314\\Lib\\site-packages\\matplotlib\\mpl-data\\fonts\\ttf\\STIXSizFourSymBol.ttf', name='STIXSizeFourSym', style='normal', variant='normal', weight=700, stretch='normal', size='scalable')) = 10.05
15:55:47 [DEBUG   ] matplotlib.font_manager - findfont: score(FontEntry(fname='C:\\Users\\DELL\\AppData\\Local\\Programs\\Python\\Python314\\Lib\\site-packages\\matplotlib\\mpl-data\\fonts\\ttf\\STIXSizThreeSymReg.ttf', name='STIXSizeThreeSym', style='normal', variant='normal', weight=400, stretch='normal', size='scalable')) = 10.335
15:55:47 [DEBUG   ] matplotlib.font_manager - findfont: score(FontEntry(fname='C:\\Users\\DELL\\AppData\\Local\\Programs\\Python\\Python314\\Lib\\site-packages\\matplotlib\\mpl-data\\fonts\\ttf\\DejaVuSansMono.ttf', name='DejaVu Sans Mono', style='normal', variant='normal', weight=400, stretch='normal', size='scalable')) = 10.335
15:55:47 [DEBUG   ] matplotlib.font_manager - findfont: score(FontEntry(fname='C:\\Users\\DELL\\AppData\\Local\\Programs\\Python\\Python314\\Lib\\site-packages\\matplotlib\\mpl-data\\fonts\\ttf\\cmmi10.ttf', name='cmmi10', style='normal', variant='normal', weight=400, stretch='normal', size='scalable')) = 10.335
15:55:47 [DEBUG   ] matplotlib.font_manager - findfont: score(FontEntry(fname='C:\\Users\\DELL\\AppData\\Local\\Programs\\Python\\Python314\\Lib\\site-packages\\matplotlib\\mpl-data\\fonts\\ttf\\STIXNonUniIta.ttf', name='STIXNonUnicode', style='italic', variant='normal', weight=400, stretch='normal', size='scalable')) = 11.335
15:55:47 [DEBUG   ] matplotlib.font_manager - findfont: score(FontEntry(fname='C:\\Users\\DELL\\AppData\\Local\\Programs\\Python\\Python314\\Lib\\site-packages\\matplotlib\\mpl-data\\fonts\\ttf\\STIXSizTwoSymReg.ttf', name='STIXSizeTwoSym', style='normal', variant='normal', weight=400, stretch='normal', size='scalable')) = 10.335
15:55:47 [DEBUG   ] matplotlib.font_manager - findfont: score(FontEntry(fname='C:\\Users\\DELL\\AppData\\Local\\Programs\\Python\\Python314\\Lib\\site-packages\\matplotlib\\mpl-data\\fonts\\ttf\\DejaVuSans.ttf', name='DejaVu Sans', style='normal', variant='normal', weight=400, stretch='normal', size='scalable')) = 0.33499999999999996
15:55:47 [DEBUG   ] matplotlib.font_manager - findfont: score(FontEntry(fname='C:\\Users\\DELL\\AppData\\Local\\Programs\\Python\\Python314\\Lib\\site-packages\\matplotlib\\mpl-data\\fonts\\ttf\\DejaVuSansMono-BoldOblique.ttf', name='DejaVu Sans Mono', style='oblique', variant='normal', weight=700, stretch='normal', size='scalable')) = 11.05
15:55:47 [DEBUG   ] matplotlib.font_manager - findfont: score(FontEntry(fname='C:\\Users\\DELL\\AppData\\Local\\Programs\\Python\\Python314\\Lib\\site-packages\\matplotlib\\mpl-data\\fonts\\ttf\\STIXGeneralBol.ttf', name='STIXGeneral', style='normal', variant='normal', weight=700, stretch='normal', size='scalable')) = 10.05
15:55:47 [DEBUG   ] matplotlib.font_manager - findfont: score(FontEntry(fname='C:\\Users\\DELL\\AppData\\Local\\Programs\\Python\\Python314\\Lib\\site-packages\\matplotlib\\mpl-data\\fonts\\ttf\\cmb10.ttf', name='cmb10', style='normal', variant='normal', weight=400, stretch='normal', size='scalable')) = 10.335
15:55:47 [DEBUG   ] matplotlib.font_manager - findfont: score(FontEntry(fname='C:\\Users\\DELL\\AppData\\Local\\Programs\\Python\\Python314\\Lib\\site-packages\\matplotlib\\mpl-data\\fonts\\ttf\\STIXGeneralBolIta.ttf', name='STIXGeneral', style='italic', variant='normal', weight=700, stretch='normal', size='scalable')) = 11.05
15:55:47 [DEBUG   ] matplotlib.font_manager - findfont: score(FontEntry(fname='C:\\Users\\DELL\\AppData\\Local\\Programs\\Python\\Python314\\Lib\\site-packages\\matplotlib\\mpl-data\\fonts\\ttf\\DejaVuSansMono-Oblique.ttf', name='DejaVu Sans Mono', style='oblique', variant='normal', weight=400, stretch='normal', size='scalable')) = 11.335
15:55:47 [DEBUG   ] matplotlib.font_manager - findfont: score(FontEntry(fname='C:\\Users\\DELL\\AppData\\Local\\Programs\\Python\\Python314\\Lib\\site-packages\\matplotlib\\mpl-data\\fonts\\ttf\\STIXSizFourSymReg.ttf', name='STIXSizeFourSym', style='normal', variant='normal', weight=400, stretch='normal', size='scalable')) = 10.335
15:55:47 [DEBUG   ] matplotlib.font_manager - findfont: score(FontEntry(fname='C:\\Users\\DELL\\AppData\\Local\\Programs\\Python\\Python314\\Lib\\site-packages\\matplotlib\\mpl-data\\fonts\\ttf\\STIXSizThreeSymBol.ttf', name='STIXSizeThreeSym', style='normal', variant='normal', weight=700, stretch='normal', size='scalable')) = 10.05
15:55:47 [DEBUG   ] matplotlib.font_manager - findfont: score(FontEntry(fname='C:\\Users\\DELL\\AppData\\Local\\Programs\\Python\\Python314\\Lib\\site-packages\\matplotlib\\mpl-data\\fonts\\ttf\\cmtt10.ttf', name='cmtt10', style='normal', variant='normal', weight=400, stretch='normal', size='scalable')) = 10.335
15:55:47 [DEBUG   ] matplotlib.font_manager - findfont: score(FontEntry(fname='C:\\Users\\DELL\\AppData\\Local\\Programs\\Python\\Python314\\Lib\\site-packages\\matplotlib\\mpl-data\\fonts\\ttf\\cmr10.ttf', name='cmr10', style='normal', variant='normal', weight=400, stretch='normal', size='scalable')) = 10.335
15:55:47 [DEBUG   ] matplotlib.font_manager - findfont: score(FontEntry(fname='C:\\Users\\DELL\\AppData\\Local\\Programs\\Python\\Python314\\Lib\\site-packages\\matplotlib\\mpl-data\\fonts\\ttf\\STIXSizFiveSymReg.ttf', name='STIXSizeFiveSym', style='normal', variant='normal', weight=400, stretch='normal', size='scalable')) = 10.335
15:55:47 [DEBUG   ] matplotlib.font_manager - findfont: score(FontEntry(fname='C:\\Users\\DELL\\AppData\\Local\\Programs\\Python\\Python314\\Lib\\site-packages\\matplotlib\\mpl-data\\fonts\\ttf\\cmsy10.ttf', name='cmsy10', style='normal', variant='normal', weight=400, stretch='normal', size='scalable')) = 10.335
15:55:47 [DEBUG   ] matplotlib.font_manager - findfont: score(FontEntry(fname='C:\\Users\\DELL\\AppData\\Local\\Programs\\Python\\Python314\\Lib\\site-packages\\matplotlib\\mpl-data\\fonts\\ttf\\DejaVuSansDisplay.ttf', name='DejaVu Sans Display', style='normal', variant='normal', weight=400, stretch='normal', size='scalable')) = 10.335
15:55:47 [DEBUG   ] matplotlib.font_manager - findfont: score(FontEntry(fname='C:\\Users\\DELL\\AppData\\Local\\Programs\\Python\\Python314\\Lib\\site-packages\\matplotlib\\mpl-data\\fonts\\ttf\\DejaVuSansMono-Bold.ttf', name='DejaVu Sans Mono', style='normal', variant='normal', weight=700, stretch='normal', size='scalable')) = 10.05
15:55:47 [DEBUG   ] matplotlib.font_manager - findfont: score(FontEntry(fname='C:\\Users\\DELL\\AppData\\Local\\Programs\\Python\\Python314\\Lib\\site-packages\\matplotlib\\mpl-data\\fonts\\ttf\\DejaVuSerifDisplay.ttf', name='DejaVu Serif Display', style='normal', variant='normal', weight=400, stretch='normal', size='scalable')) = 10.335
15:55:47 [DEBUG   ] matplotlib.font_manager - findfont: score(FontEntry(fname='C:\\Users\\DELL\\AppData\\Local\\Programs\\Python\\Python314\\Lib\\site-packages\\matplotlib\\mpl-data\\fonts\\ttf\\STIXSizOneSymBol.ttf', name='STIXSizeOneSym', style='normal', variant='normal', weight=700, stretch='normal', size='scalable')) = 10.05
15:55:47 [DEBUG   ] matplotlib.font_manager - findfont: score(FontEntry(fname='C:\\Users\\DELL\\AppData\\Local\\Programs\\Python\\Python314\\Lib\\site-packages\\matplotlib\\mpl-data\\fonts\\ttf\\STIXNonUniBol.ttf', name='STIXNonUnicode', style='normal', variant='normal', weight=700, stretch='normal', size='scalable')) = 10.05
15:55:47 [DEBUG   ] matplotlib.font_manager - findfont: score(FontEntry(fname='C:\\Users\\DELL\\AppData\\Local\\Programs\\Python\\Python314\\Lib\\site-packages\\matplotlib\\mpl-data\\fonts\\ttf\\DejaVuSans-BoldOblique.ttf', name='DejaVu Sans', style='oblique', variant='normal', weight=700, stretch='normal', size='scalable')) = 1.05
15:55:47 [DEBUG   ] matplotlib.font_manager - findfont: score(FontEntry(fname='C:\\Users\\DELL\\AppData\\Local\\Programs\\Python\\Python314\\Lib\\site-packages\\matplotlib\\mpl-data\\fonts\\ttf\\STIXNonUniBolIta.ttf', name='STIXNonUnicode', style='italic', variant='normal', weight=700, stretch='normal', size='scalable')) = 11.05
15:55:47 [DEBUG   ] matplotlib.font_manager - findfont: score(FontEntry(fname='C:\\Users\\DELL\\AppData\\Local\\Programs\\Python\\Python314\\Lib\\site-packages\\matplotlib\\mpl-data\\fonts\\ttf\\DejaVuSerif-Italic.ttf', name='DejaVu Serif', style='italic', variant='normal', weight=400, stretch='normal', size='scalable')) = 11.335
15:55:47 [DEBUG   ] matplotlib.font_manager - findfont: score(FontEntry(fname='C:\\Users\\DELL\\AppData\\Local\\Programs\\Python\\Python314\\Lib\\site-packages\\matplotlib\\mpl-data\\fonts\\ttf\\cmex10.ttf', name='cmex10', style='normal', variant='normal', weight=400, stretch='normal', size='scalable')) = 10.335
15:55:47 [DEBUG   ] matplotlib.font_manager - findfont: score(FontEntry(fname='C:\\Users\\DELL\\AppData\\Local\\Programs\\Python\\Python314\\Lib\\site-packages\\matplotlib\\mpl-data\\fonts\\ttf\\cmss10.ttf', name='cmss10', style='normal', variant='normal', weight=400, stretch='normal', size='scalable')) = 10.335
15:55:47 [DEBUG   ] matplotlib.font_manager - findfont: score(FontEntry(fname='C:\\Users\\DELL\\AppData\\Local\\Programs\\Python\\Python314\\Lib\\site-packages\\matplotlib\\mpl-data\\fonts\\ttf\\DejaVuSans-Bold.ttf', name='DejaVu Sans', style='normal', variant='normal', weight=700, stretch='normal', size='scalable')) = 0.05
15:55:47 [DEBUG   ] matplotlib.font_manager - findfont: score(FontEntry(fname='C:\\Users\\DELL\\AppData\\Local\\Programs\\Python\\Python314\\Lib\\site-packages\\matplotlib\\mpl-data\\fonts\\ttf\\DejaVuSans-Oblique.ttf', name='DejaVu Sans', style='oblique', variant='normal', weight=400, stretch='normal', size='scalable')) = 1.335
15:55:47 [DEBUG   ] matplotlib.font_manager - findfont: score(FontEntry(fname='C:\\Users\\DELL\\AppData\\Local\\Programs\\Python\\Python314\\Lib\\site-packages\\matplotlib\\mpl-data\\fonts\\ttf\\STIXSizOneSymReg.ttf', name='STIXSizeOneSym', style='normal', variant='normal', weight=400, stretch='normal', size='scalable')) = 10.335
15:55:47 [DEBUG   ] matplotlib.font_manager - findfont: score(FontEntry(fname='C:\\Users\\DELL\\AppData\\Local\\Programs\\Python\\Python314\\Lib\\site-packages\\matplotlib\\mpl-data\\fonts\\ttf\\DejaVuSerif-BoldItalic.ttf', name='DejaVu Serif', style='italic', variant='normal', weight=700, stretch='normal', size='scalable')) = 11.05
15:55:47 [DEBUG   ] matplotlib.font_manager - findfont: score(FontEntry(fname='C:\\Users\\DELL\\AppData\\Local\\Programs\\Python\\Python314\\Lib\\site-packages\\matplotlib\\mpl-data\\fonts\\ttf\\STIXNonUni.ttf', name='STIXNonUnicode', style='normal', variant='normal', weight=400, stretch='normal', size='scalable')) = 10.335
15:55:47 [DEBUG   ] matplotlib.font_manager - findfont: score(FontEntry(fname='C:\\Users\\DELL\\AppData\\Local\\Programs\\Python\\Python314\\Lib\\site-packages\\matplotlib\\mpl-data\\fonts\\ttf\\DejaVuSerif.ttf', name='DejaVu Serif', style='normal', variant='normal', weight=400, stretch='normal', size='scalable')) = 10.335
15:55:47 [DEBUG   ] matplotlib.font_manager - findfont: score(FontEntry(fname='C:\\Users\\DELL\\AppData\\Local\\Programs\\Python\\Python314\\Lib\\site-packages\\matplotlib\\mpl-data\\fonts\\ttf\\STIXGeneral.ttf', name='STIXGeneral', style='normal', variant='normal', weight=400, stretch='normal', size='scalable')) = 10.335
15:55:47 [DEBUG   ] matplotlib.font_manager - findfont: score(FontEntry(fname='C:\\Users\\DELL\\AppData\\Local\\Programs\\Python\\Python314\\Lib\\site-packages\\matplotlib\\mpl-data\\fonts\\ttf\\STIXGeneralItalic.ttf', name='STIXGeneral', style='italic', variant='normal', weight=400, stretch='normal', size='scalable')) = 11.335
15:55:47 [DEBUG   ] matplotlib.font_manager - findfont: score(FontEntry(fname='C:\\Users\\DELL\\AppData\\Local\\Programs\\Python\\Python314\\Lib\\site-packages\\matplotlib\\mpl-data\\fonts\\ttf\\STIXSizTwoSymBol.ttf', name='STIXSizeTwoSym', style='normal', variant='normal', weight=700, stretch='normal', size='scalable')) = 10.05
15:55:47 [DEBUG   ] matplotlib.font_manager - findfont: score(FontEntry(fname='C:\\Windows\\Fonts\\GOUDOSB.TTF', name='Goudy Old Style', style='normal', variant='normal', weight=700, stretch='normal', size='scalable')) = 10.05
15:55:47 [DEBUG   ] matplotlib.font_manager - findfont: score(FontEntry(fname='C:\\Windows\\Fonts\\GLECB.TTF', name='Gloucester MT Extra Condensed', style='normal', variant='normal', weight=400, stretch='condensed', size='scalable')) = 10.535
15:55:47 [DEBUG   ] matplotlib.font_manager - findfont: score(FontEntry(fname='C:\\Windows\\Fonts\\COLONNA.TTF', name='Colonna MT', style='normal', variant='normal', weight=400, stretch='normal', size='scalable')) = 10.335
15:55:47 [DEBUG   ] matplotlib.font_manager - findfont: score(FontEntry(fname='C:\\Windows\\Fonts\\CENTURY.TTF', name='Century', style='normal', variant='normal', weight=400, stretch='normal', size='scalable')) = 10.335
15:55:47 [DEBUG   ] matplotlib.font_manager - findfont: score(FontEntry(fname='C:\\Windows\\Fonts\\constani.ttf', name='Constantia', style='italic', variant='normal', weight=400, stretch='normal', size='scalable')) = 11.335
15:55:47 [DEBUG   ] matplotlib.font_manager - findfont: score(FontEntry(fname='C:\\Windows\\Fonts\\gadugi.ttf', name='Gadugi', style='normal', variant='normal', weight=400, stretch='normal', size='scalable')) = 10.335
15:55:47 [DEBUG   ] matplotlib.font_manager - findfont: score(FontEntry(fname='C:\\Windows\\Fonts\\segoepr.ttf', name='Segoe Print', style='normal', variant='normal', weight=400, stretch='normal', size='scalable')) = 10.335
15:55:47 [DEBUG   ] matplotlib.font_manager - findfont: score(FontEntry(fname='C:\\Windows\\Fonts\\tahoma.ttf', name='Tahoma', style='normal', variant='normal', weight=400, stretch='normal', size='scalable')) = 10.335
15:55:47 [DEBUG   ] matplotlib.font_manager - findfont: score(FontEntry(fname='C:\\Windows\\Fonts\\CALIFR.TTF', name='Californian FB', style='normal', variant='normal', weight=400, stretch='normal', size='scalable')) = 10.335
15:55:47 [DEBUG   ] matplotlib.font_manager - findfont: score(FontEntry(fname='C:\\Windows\\Fonts\\PRISTINA.TTF', name='Pristina', style='normal', variant='normal', weight=400, stretch='normal', size='scalable')) = 10.335
15:55:47 [DEBUG   ] matplotlib.font_manager - findfont: score(FontEntry(fname='C:\\Windows\\Fonts\\ANTQUAI.TTF', name='Book Antiqua', style='italic', variant='normal', weight=400, stretch='normal', size='scalable')) = 11.335
15:55:47 [DEBUG   ] matplotlib.font_manager - findfont: score(FontEntry(fname='C:\\Windows\\Fonts\\simsun.ttc', name='SimSun', style='normal', variant='normal', weight=400, stretch='normal', size='scalable')) = 10.335
15:55:47 [DEBUG   ] matplotlib.font_manager - findfont: score(FontEntry(fname='C:\\Windows\\Fonts\\GOUDOS.TTF', name='Goudy Old Style', style='normal', variant='normal', weight=400, stretch='normal', size='scalable')) = 10.335
15:55:47 [DEBUG   ] matplotlib.font_manager - findfont: score(FontEntry(fname='C:\\Windows\\Fonts\\msyhl.ttc', name='Microsoft YaHei', style='normal', variant='normal', weight=290, stretch='normal', size='scalable')) = 10.4395
15:55:47 [DEBUG   ] matplotlib.font_manager - findfont: score(FontEntry(fname='C:\\Windows\\Fonts\\timesbi.ttf', name='Times New Roman', style='italic', variant='normal', weight=700, stretch='normal', size='scalable')) = 11.05
15:55:47 [DEBUG   ] matplotlib.font_manager - findfont: score(FontEntry(fname='C:\\Windows\\Fonts\\CENTAUR.TTF', name='Centaur', style='normal', variant='normal', weight=400, stretch='normal', size='scalable')) = 10.335
15:55:47 [DEBUG   ] matplotlib.font_manager - findfont: score(FontEntry(fname='C:\\Windows\\Fonts\\comicz.ttf', name='Comic Sans MS', style='italic', variant='normal', weight=700, stretch='normal', size='scalable')) = 11.05
15:55:47 [DEBUG   ] matplotlib.font_manager - findfont: score(FontEntry(fname='C:\\Windows\\Fonts\\Gabriola.ttf', name='Gabriola', style='normal', variant='normal', weight=400, stretch='normal', size='scalable')) = 10.335
15:55:47 [DEBUG   ] matplotlib.font_manager - findfont: score(FontEntry(fname='C:\\Windows\\Fonts\\consolaz.ttf', name='Consolas', style='italic', variant='normal', weight=700, stretch='normal', size='scalable')) = 11.05
15:55:47 [DEBUG   ] matplotlib.font_manager - findfont: score(FontEntry(fname='C:\\Windows\\Fonts\\PARCHM.TTF', name='Parchment', style='normal', variant='normal', weight=400, stretch='normal', size='scalable')) = 10.335
15:55:47 [DEBUG   ] matplotlib.font_manager - findfont: score(FontEntry(fname='C:\\Windows\\Fonts\\BASKVILL.TTF', name='Baskerville Old Face', style='normal', variant='normal', weight=400, stretch='normal', size='scalable')) = 10.335
15:55:47 [DEBUG   ] matplotlib.font_manager - findfont: score(FontEntry(fname='C:\\Windows\\Fonts\\LeelUIsl.ttf', name='Leelawadee UI', style='normal', variant='normal', weight=350, stretch='normal', size='scalable')) = 10.3825
15:55:47 [DEBUG   ] matplotlib.font_manager - findfont: score(FontEntry(fname='C:\\Windows\\Fonts\\MTEXTRA.TTF', name='MT Extra', style='normal', variant='normal', weight=400, stretch='normal', size='scalable')) = 10.335
15:55:47 [DEBUG   ] matplotlib.font_manager - findfont: score(FontEntry(fname='C:\\Windows\\Fonts\\COOPBL.TTF', name='Cooper Black', style='normal', variant='normal', weight=400, stretch='normal', size='scalable')) = 10.335
15:55:47 [DEBUG   ] matplotlib.font_manager - findfont: score(FontEntry(fname='C:\\Windows\\Fonts\\verdanab.ttf', name='Verdana', style='normal', variant='normal', weight=700, stretch='normal', size='scalable')) = 3.6863636363636365
15:55:47 [DEBUG   ] matplotlib.font_manager - findfont: score(FontEntry(fname='C:\\Windows\\Fonts\\seguisb.ttf', name='Segoe UI', style='normal', variant='normal', weight=600, stretch='normal', size='scalable')) = 10.145
15:55:47 [DEBUG   ] matplotlib.font_manager - findfont: score(FontEntry(fname='C:\\Windows\\Fonts\\consolai.ttf', name='Consolas', style='italic', variant='normal', weight=400, stretch='normal', size='scalable')) = 11.335
15:55:47 [DEBUG   ] matplotlib.font_manager - findfont: score(FontEntry(fname='C:\\Program Files (x86)\\IBM\\SPSS\\Amos\\24\\JRE\\lib\\fonts\\LucidaSansRegular.ttf', name='Lucida Sans', style='normal', variant='normal', weight=400, stretch='normal', size='scalable')) = 10.335
15:55:47 [DEBUG   ] matplotlib.font_manager - findfont: score(FontEntry(fname='C:\\Windows\\Fonts\\GOTHICBI.TTF', name='Century Gothic', style='italic', variant='normal', weight=700, stretch='normal', size='scalable')) = 11.05
15:55:47 [DEBUG   ] matplotlib.font_manager - findfont: score(FontEntry(fname='C:\\Windows\\Fonts\\courbi.ttf', name='Courier New', style='italic', variant='normal', weight=700, stretch='normal', size='scalable')) = 11.05
15:55:47 [DEBUG   ] matplotlib.font_manager - findfont: score(FontEntry(fname='C:\\Windows\\Fonts\\corbel.ttf', name='Corbel', style='normal', variant='normal', weight=400, stretch='normal', size='scalable')) = 10.335
15:55:47 [DEBUG   ] matplotlib.font_manager - findfont: score(FontEntry(fname='C:\\Windows\\Fonts\\BKANT.TTF', name='Book Antiqua', style='normal', variant='normal', weight=400, stretch='normal', size='scalable')) = 10.335
15:55:47 [DEBUG   ] matplotlib.font_manager - findfont: score(FontEntry(fname='C:\\Windows\\Fonts\\LSANSD.TTF', name='Lucida Sans', style='normal', variant='normal', weight=600, stretch='normal', size='scalable')) = 10.145
15:55:47 [DEBUG   ] matplotlib.font_manager - findfont: score(FontEntry(fname='C:\\Windows\\Fonts\\BOD_BLAR.TTF', name='Bodoni MT', style='normal', variant='normal', weight=900, stretch='normal', size='scalable')) = 10.24
15:55:47 [DEBUG   ] matplotlib.font_manager - findfont: score(FontEntry(fname='C:\\Windows\\Fonts\\GOTHIC.TTF', name='Century Gothic', style='normal', variant='normal', weight=400, stretch='normal', size='scalable')) = 10.335
15:55:47 [DEBUG   ] matplotlib.font_manager - findfont: score(FontEntry(fname='C:\\Windows\\Fonts\\verdanai.ttf', name='Verdana', style='italic', variant='normal', weight=400, stretch='normal', size='scalable')) = 4.971363636363637
15:55:47 [DEBUG   ] matplotlib.font_manager - findfont: score(FontEntry(fname='C:\\Windows\\Fonts\\YuGothB.ttc', name='Yu Gothic', style='normal', variant='normal', weight=700, stretch='normal', size='scalable')) = 10.05
15:55:47 [DEBUG   ] matplotlib.font_manager - findfont: score(FontEntry(fname='C:\\Windows\\Fonts\\SansSerifCollection.ttf', name='Sans Serif Collection', style='normal', variant='normal', weight=400, stretch='normal', size='scalable')) = 10.335
15:55:47 [DEBUG   ] matplotlib.font_manager - findfont: score(FontEntry(fname='C:\\Windows\\Fonts\\TCCB____.TTF', name='Tw Cen MT Condensed', style='normal', variant='normal', weight=700, stretch='condensed', size='scalable')) = 10.25
15:55:47 [DEBUG   ] matplotlib.font_manager - findfont: score(FontEntry(fname='C:\\Windows\\Fonts\\LSANSI.TTF', name='Lucida Sans', style='italic', variant='normal', weight=400, stretch='normal', size='scalable')) = 11.335
15:55:47 [DEBUG   ] matplotlib.font_manager - findfont: score(FontEntry(fname='C:\\Windows\\Fonts\\RAGE.TTF', name='Rage Italic', style='italic', variant='normal', weight=400, stretch='normal', size='scalable')) = 11.335
15:55:47 [DEBUG   ] matplotlib.font_manager - findfont: score(FontEntry(fname='C:\\Program Files (x86)\\IBM\\SPSS\\Amos\\24\\JRE\\lib\\fonts\\LucidaBrightDemiItalic.ttf', name='Lucida Bright', style='italic', variant='normal', weight=700, stretch='normal', size='scalable')) = 11.05
15:55:47 [DEBUG   ] matplotlib.font_manager - findfont: score(FontEntry(fname='C:\\Windows\\Fonts\\timesbd.ttf', name='Times New Roman', style='normal', variant='normal', weight=700, stretch='normal', size='scalable')) = 10.05
15:55:47 [DEBUG   ] matplotlib.font_manager - findfont: score(FontEntry(fname='C:\\Windows\\Fonts\\webdings.ttf', name='Webdings', style='normal', variant='normal', weight=400, stretch='normal', size='scalable')) = 10.335
15:55:47 [DEBUG   ] matplotlib.font_manager - findfont: score(FontEntry(fname='C:\\Windows\\Fonts\\ERASLGHT.TTF', name='Eras Light ITC', style='normal', variant='normal', weight=400, stretch='normal', size='scalable')) = 10.335
15:55:47 [DEBUG   ] matplotlib.font_manager - findfont: score(FontEntry(fname='C:\\Windows\\Fonts\\segoesc.ttf', name='Segoe Script', style='normal', variant='normal', weight=400, stretch='normal', size='scalable')) = 10.335
15:55:47 [DEBUG   ] matplotlib.font_manager - findfont: score(FontEntry(fname='C:\\Windows\\Fonts\\BRADHITC.TTF', name='Bradley Hand ITC', style='normal', variant='normal', weight=400, stretch='normal', size='scalable')) = 10.335
15:55:47 [DEBUG   ] matplotlib.font_manager - findfont: score(FontEntry(fname='C:\\Windows\\Fonts\\timesi.ttf', name='Times New Roman', style='italic', variant='normal', weight=400, stretch='normal', size='scalable')) = 11.335
15:55:47 [DEBUG   ] matplotlib.font_manager - findfont: score(FontEntry(fname='C:\\Windows\\Fonts\\ROCKB.TTF', name='Rockwell', style='normal', variant='normal', weight=700, stretch='normal', size='scalable')) = 10.05
15:55:47 [DEBUG   ] matplotlib.font_manager - findfont: score(FontEntry(fname='C:\\Windows\\Fonts\\SHOWG.TTF', name='Showcard Gothic', style='normal', variant='normal', weight=400, stretch='normal', size='scalable')) = 10.335
15:55:47 [DEBUG   ] matplotlib.font_manager - findfont: score(FontEntry(fname='C:\\Windows\\Fonts\\trebucbd.ttf', name='Trebuchet MS', style='normal', variant='normal', weight=700, stretch='normal', size='scalable')) = 10.05
15:55:47 [DEBUG   ] matplotlib.font_manager - findfont: score(FontEntry(fname='C:\\Windows\\Fonts\\BOOKOSBI.TTF', name='Bookman Old Style', style='italic', variant='normal', weight=600, stretch='normal', size='scalable')) = 11.145
15:55:47 [DEBUG   ] matplotlib.font_manager - findfont: score(FontEntry(fname='C:\\Windows\\Fonts\\TCCEB.TTF', name='Tw Cen MT Condensed Extra Bold', style='normal', variant='normal', weight=400, stretch='condensed', size='scalable')) = 10.535
15:55:47 [DEBUG   ] matplotlib.font_manager - findfont: score(FontEntry(fname='C:\\Windows\\Fonts\\constan.ttf', name='Constantia', style='normal', variant='normal', weight=400, stretch='normal', size='scalable')) = 10.335
15:55:47 [DEBUG   ] matplotlib.font_manager - findfont: score(FontEntry(fname='C:\\Windows\\Fonts\\CALISTBI.TTF', name='Calisto MT', style='italic', variant='normal', weight=700, stretch='normal', size='scalable')) = 11.05
15:55:47 [DEBUG   ] matplotlib.font_manager - findfont: score(FontEntry(fname='C:\\Windows\\Fonts\\FRABK.TTF', name='Franklin Gothic Book', style='normal', variant='normal', weight=400, stretch='normal', size='scalable')) = 10.335
15:55:47 [DEBUG   ] matplotlib.font_manager - findfont: score(FontEntry(fname='C:\\Windows\\Fonts\\HATTEN.TTF', name='Haettenschweiler', style='normal', variant='normal', weight=400, stretch='normal', size='scalable')) = 10.335
15:55:47 [DEBUG   ] matplotlib.font_manager - findfont: score(FontEntry(fname='C:\\Windows\\Fonts\\ARIALNB.TTF', name='Arial', style='normal', variant='normal', weight=700, stretch='condensed', size='scalable')) = 6.613636363636363
15:55:47 [DEBUG   ] matplotlib.font_manager - findfont: score(FontEntry(fname='C:\\Windows\\Fonts\\malgunbd.ttf', name='Malgun Gothic', style='normal', variant='normal', weight=700, stretch='normal', size='scalable')) = 10.05
15:55:47 [DEBUG   ] matplotlib.font_manager - findfont: score(FontEntry(fname='C:\\Windows\\Fonts\\calibri.ttf', name='Calibri', style='normal', variant='normal', weight=400, stretch='normal', size='scalable')) = 10.335
15:55:47 [DEBUG   ] matplotlib.font_manager - findfont: score(FontEntry(fname='C:\\Windows\\Fonts\\TCBI____.TTF', name='Tw Cen MT', style='italic', variant='normal', weight=700, stretch='normal', size='scalable')) = 11.05
15:55:47 [DEBUG   ] matplotlib.font_manager - findfont: score(FontEntry(fname='C:\\Windows\\Fonts\\LEELAWDB.TTF', name='Leelawadee', style='normal', variant='normal', weight=700, stretch='normal', size='scalable')) = 10.05
15:55:47 [DEBUG   ] matplotlib.font_manager - findfont: score(FontEntry(fname='C:\\Windows\\Fonts\\verdanaz.ttf', name='Verdana', style='italic', variant='normal', weight=700, stretch='normal', size='scalable')) = 4.6863636363636365
15:55:47 [DEBUG   ] matplotlib.font_manager - findfont: score(FontEntry(fname='C:\\Windows\\Fonts\\SimsunExtG.ttf', name='SimSun-ExtG', style='normal', variant='normal', weight=400, stretch='normal', size='scalable')) = 10.335
15:55:47 [DEBUG   ] matplotlib.font_manager - findfont: score(FontEntry(fname='C:\\Windows\\Fonts\\DUBAI-MEDIUM.TTF', name='Dubai', style='normal', variant='normal', weight=500, stretch='normal', size='scalable')) = 10.24
15:55:47 [DEBUG   ] matplotlib.font_manager - findfont: score(FontEntry(fname='C:\\Windows\\Fonts\\seguisym.ttf', name='Segoe UI Symbol', style='normal', variant='normal', weight=400, stretch='normal', size='scalable')) = 10.335
15:55:47 [DEBUG   ] matplotlib.font_manager - findfont: score(FontEntry(fname='C:\\Windows\\Fonts\\cambriai.ttf', name='Cambria', style='italic', variant='normal', weight=400, stretch='normal', size='scalable')) = 11.335
15:55:47 [DEBUG   ] matplotlib.font_manager - findfont: score(FontEntry(fname='C:\\Windows\\Fonts\\PAPYRUS.TTF', name='Papyrus', style='normal', variant='normal', weight=400, stretch='normal', size='scalable')) = 10.335
15:55:47 [DEBUG   ] matplotlib.font_manager - findfont: score(FontEntry(fname='C:\\Windows\\Fonts\\MSUIGHUB.TTF', name='Microsoft Uighur', style='normal', variant='normal', weight=700, stretch='normal', size='scalable')) = 10.05
15:55:47 [DEBUG   ] matplotlib.font_manager - findfont: score(FontEntry(fname='C:\\Windows\\Fonts\\MOD20.TTF', name='Modern No. 20', style='normal', variant='normal', weight=400, stretch='normal', size='scalable')) = 10.335
15:55:47 [DEBUG   ] matplotlib.font_manager - findfont: score(FontEntry(fname='C:\\Program Files (x86)\\IBM\\SPSS\\Amos\\24\\JRE\\lib\\fonts\\LucidaSansDemiBold.ttf', name='Lucida Sans', style='normal', variant='normal', weight=700, stretch='normal', size='scalable')) = 10.05
15:55:47 [DEBUG   ] matplotlib.font_manager - findfont: score(FontEntry(fname='C:\\Windows\\Fonts\\RAVIE.TTF', name='Ravie', style='normal', variant='normal', weight=400, stretch='normal', size='scalable')) = 10.335
15:55:47 [DEBUG   ] matplotlib.font_manager - findfont: score(FontEntry(fname='C:\\Windows\\Fonts\\PERTIBD.TTF', name='Perpetua Titling MT', style='normal', variant='normal', weight=700, stretch='normal', size='scalable')) = 10.05
15:55:47 [DEBUG   ] matplotlib.font_manager - findfont: score(FontEntry(fname='C:\\Windows\\Fonts\\LHANDW.TTF', name='Lucida Handwriting', style='italic', variant='normal', weight=400, stretch='normal', size='scalable')) = 11.335
15:55:47 [DEBUG   ] matplotlib.font_manager - findfont: score(FontEntry(fname='C:\\Windows\\Fonts\\FRABKIT.TTF', name='Franklin Gothic Book', style='italic', variant='normal', weight=400, stretch='normal', size='scalable')) = 11.335
15:55:47 [DEBUG   ] matplotlib.font_manager - findfont: score(FontEntry(fname='C:\\Program Files (x86)\\Adobe\\Acrobat DC\\Resource\\Font\\AdobeDevanagari-Italic.otf', name='Adobe Devanagari', style='italic', variant='normal', weight=400, stretch='normal', size='scalable')) = 11.335
15:55:47 [DEBUG   ] matplotlib.font_manager - findfont: score(FontEntry(fname='C:\\Windows\\Fonts\\taile.ttf', name='Microsoft Tai Le', style='normal', variant='normal', weight=400, stretch='normal', size='scalable')) = 10.335
15:55:47 [DEBUG   ] matplotlib.font_manager - findfont: score(FontEntry(fname='C:\\Windows\\Fonts\\segoeuisl.ttf', name='Segoe UI', style='normal', variant='normal', weight=350, stretch='normal', size='scalable')) = 10.3825
15:55:47 [DEBUG   ] matplotlib.font_manager - findfont: score(FontEntry(fname='C:\\Windows\\Fonts\\MSUIGHUR.TTF', name='Microsoft Uighur', style='normal', variant='normal', weight=400, stretch='normal', size='scalable')) = 10.335
15:55:47 [DEBUG   ] matplotlib.font_manager - findfont: score(FontEntry(fname='C:\\Windows\\Fonts\\NIAGENG.TTF', name='Niagara Engraved', style='normal', variant='normal', weight=400, stretch='normal', size='scalable')) = 10.335
15:55:47 [DEBUG   ] matplotlib.font_manager - findfont: score(FontEntry(fname='C:\\Windows\\Fonts\\KUNSTLER.TTF', name='Kunstler Script', style='normal', variant='normal', weight=400, stretch='normal', size='scalable')) = 10.335
15:55:47 [DEBUG   ] matplotlib.font_manager - findfont: score(FontEntry(fname='C:\\Windows\\Fonts\\PERBI___.TTF', name='Perpetua', style='italic', variant='normal', weight=700, stretch='normal', size='scalable')) = 11.05
15:55:47 [DEBUG   ] matplotlib.font_manager - findfont: score(FontEntry(fname='C:\\Windows\\Fonts\\ELEPHNT.TTF', name='Elephant', style='normal', variant='normal', weight=400, stretch='normal', size='scalable')) = 10.335
15:55:47 [DEBUG   ] matplotlib.font_manager - findfont: score(FontEntry(fname='C:\\Windows\\Fonts\\GARA.TTF', name='Garamond', style='normal', variant='normal', weight=400, stretch='normal', size='scalable')) = 10.335
15:55:47 [DEBUG   ] matplotlib.font_manager - findfont: score(FontEntry(fname='C:\\Windows\\Fonts\\msyh.ttc', name='Microsoft YaHei', style='normal', variant='normal', weight=400, stretch='normal', size='scalable')) = 10.335
15:55:47 [DEBUG   ] matplotlib.font_manager - findfont: score(FontEntry(fname='C:\\Windows\\Fonts\\LEELAWAD.TTF', name='Leelawadee', style='normal', variant='normal', weight=400, stretch='normal', size='scalable')) = 10.335
15:55:47 [DEBUG   ] matplotlib.font_manager - findfont: score(FontEntry(fname='C:\\Windows\\Fonts\\constanb.ttf', name='Constantia', style='normal', variant='normal', weight=700, stretch='normal', size='scalable')) = 10.05
15:55:47 [DEBUG   ] matplotlib.font_manager - findfont: score(FontEntry(fname='C:\\Windows\\Fonts\\BOD_CR.TTF', name='Bodoni MT', style='normal', variant='normal', weight=400, stretch='condensed', size='scalable')) = 10.535
15:55:47 [DEBUG   ] matplotlib.font_manager - findfont: score(FontEntry(fname='C:\\Windows\\Fonts\\TCCM____.TTF', name='Tw Cen MT Condensed', style='normal', variant='normal', weight=400, stretch='condensed', size='scalable')) = 10.535
15:55:47 [DEBUG   ] matplotlib.font_manager - findfont: score(FontEntry(fname='C:\\Windows\\Fonts\\OCRAEXT.TTF', name='OCR A Extended', style='normal', variant='normal', weight=400, stretch='expanded', size='scalable')) = 10.535
15:55:47 [DEBUG   ] matplotlib.font_manager - findfont: score(FontEntry(fname='C:\\Windows\\Fonts\\IMPRISHA.TTF', name='Imprint MT Shadow', style='normal', variant='normal', weight=400, stretch='normal', size='scalable')) = 10.335
15:55:47 [DEBUG   ] matplotlib.font_manager - findfont: score(FontEntry(fname='C:\\Windows\\Fonts\\symbol.ttf', name='Symbol', style='normal', variant='normal', weight=400, stretch='normal', size='scalable')) = 10.335
15:55:47 [DEBUG   ] matplotlib.font_manager - findfont: score(FontEntry(fname='C:\\Windows\\Fonts\\constanz.ttf', name='Constantia', style='italic', variant='normal', weight=700, stretch='normal', size='scalable')) = 11.05
15:55:47 [DEBUG   ] matplotlib.font_manager - findfont: score(FontEntry(fname='C:\\Windows\\Fonts\\Inkfree.ttf', name='Ink Free', style='normal', variant='normal', weight=400, stretch='normal', size='scalable')) = 10.335
15:55:47 [DEBUG   ] matplotlib.font_manager - findfont: score(FontEntry(fname='C:\\Windows\\Fonts\\GILLUBCD.TTF', name='Gill Sans Ultra Bold Condensed', style='normal', variant='normal', weight=400, stretch='condensed', size='scalable')) = 10.535
15:55:47 [DEBUG   ] matplotlib.font_manager - findfont: score(FontEntry(fname='C:\\Windows\\Fonts\\HARLOWSI.TTF', name='Harlow Solid Italic', style='italic', variant='normal', weight=400, stretch='normal', size='scalable')) = 11.335
15:55:47 [DEBUG   ] matplotlib.font_manager - findfont: score(FontEntry(fname='C:\\Windows\\Fonts\\taileb.ttf', name='Microsoft Tai Le', style='normal', variant='normal', weight=700, stretch='normal', size='scalable')) = 10.05
15:55:47 [DEBUG   ] matplotlib.font_manager - findfont: score(FontEntry(fname='C:\\Program Files (x86)\\IBM\\SPSS\\Amos\\24\\JRE\\lib\\fonts\\LucidaBrightDemiBold.ttf', name='Lucida Bright', style='normal', variant='normal', weight=700, stretch='normal', size='scalable')) = 10.05
15:55:47 [DEBUG   ] matplotlib.font_manager - findfont: score(FontEntry(fname='C:\\Windows\\Fonts\\STENCIL.TTF', name='Stencil', style='normal', variant='normal', weight=400, stretch='normal', size='scalable')) = 10.335
15:55:47 [DEBUG   ] matplotlib.font_manager - findfont: score(FontEntry(fname='C:\\Windows\\Fonts\\BRITANIC.TTF', name='Britannic Bold', style='normal', variant='normal', weight=400, stretch='normal', size='scalable')) = 10.335
15:55:47 [DEBUG   ] matplotlib.font_manager - findfont: score(FontEntry(fname='C:\\Windows\\Fonts\\malgun.ttf', name='Malgun Gothic', style='normal', variant='normal', weight=400, stretch='normal', size='scalable')) = 10.335
15:55:47 [DEBUG   ] matplotlib.font_manager - findfont: score(FontEntry(fname='C:\\Windows\\Fonts\\ntailu.ttf', name='Microsoft New Tai Lue', style='normal', variant='normal', weight=400, stretch='normal', size='scalable')) = 10.335
15:55:47 [DEBUG   ] matplotlib.font_manager - findfont: score(FontEntry(fname='C:\\Windows\\Fonts\\BRLNSR.TTF', name='Berlin Sans FB', style='normal', variant='normal', weight=400, stretch='normal', size='scalable')) = 10.335
15:55:47 [DEBUG   ] matplotlib.font_manager - findfont: score(FontEntry(fname='C:\\Windows\\Fonts\\mingliub.ttc', name='MingLiU-ExtB', style='normal', variant='normal', weight=400, stretch='normal', size='scalable')) = 10.335
15:55:47 [DEBUG   ] matplotlib.font_manager - findfont: score(FontEntry(fname='C:\\Windows\\Fonts\\BOOKOS.TTF', name='Bookman Old Style', style='normal', variant='normal', weight=300, stretch='normal', size='scalable')) = 10.43
15:55:47 [DEBUG   ] matplotlib.font_manager - findfont: score(FontEntry(fname='C:\\Windows\\Fonts\\GILSANUB.TTF', name='Gill Sans Ultra Bold', style='normal', variant='normal', weight=400, stretch='normal', size='scalable')) = 10.335
15:55:47 [DEBUG   ] matplotlib.font_manager - findfont: score(FontEntry(fname='C:\\Windows\\Fonts\\calibril.ttf', name='Calibri', style='normal', variant='normal', weight=300, stretch='normal', size='scalable')) = 10.43
15:55:47 [DEBUG   ] matplotlib.font_manager - findfont: score(FontEntry(fname='C:\\Windows\\Fonts\\WINGDNG2.TTF', name='Wingdings 2', style='normal', variant='normal', weight=400, stretch='normal', size='scalable')) = 10.335
15:55:47 [DEBUG   ] matplotlib.font_manager - findfont: score(FontEntry(fname='C:\\Windows\\Fonts\\FRAMDCN.TTF', name='Franklin Gothic Medium Cond', style='normal', variant='normal', weight=400, stretch='condensed', size='scalable')) = 10.535
15:55:47 [DEBUG   ] matplotlib.font_manager - findfont: score(FontEntry(fname='C:\\Windows\\Fonts\\BAUHS93.TTF', name='Bauhaus 93', style='normal', variant='normal', weight=400, stretch='normal', size='scalable')) = 10.335
15:55:47 [DEBUG   ] matplotlib.font_manager - findfont: score(FontEntry(fname='C:\\Windows\\Fonts\\ebrimabd.ttf', name='Ebrima', style='normal', variant='normal', weight=700, stretch='normal', size='scalable')) = 10.05
15:55:47 [DEBUG   ] matplotlib.font_manager - findfont: score(FontEntry(fname='C:\\Windows\\Fonts\\LFAXD.TTF', name='Lucida Fax', style='normal', variant='normal', weight=600, stretch='normal', size='scalable')) = 10.145
15:55:47 [DEBUG   ] matplotlib.font_manager - findfont: score(FontEntry(fname='C:\\Windows\\Fonts\\framd.ttf', name='Franklin Gothic Medium', style='normal', variant='normal', weight=400, stretch='normal', size='scalable')) = 10.335
15:55:47 [DEBUG   ] matplotlib.font_manager - findfont: score(FontEntry(fname='C:\\Windows\\Fonts\\ANTQUABI.TTF', name='Book Antiqua', style='italic', variant='normal', weight=700, stretch='normal', size='scalable')) = 11.05
15:55:47 [DEBUG   ] matplotlib.font_manager - findfont: score(FontEntry(fname='C:\\Windows\\Fonts\\mmrtext.ttf', name='Myanmar Text', style='normal', variant='normal', weight=400, stretch='normal', size='scalable')) = 10.335
15:55:47 [DEBUG   ] matplotlib.font_manager - findfont: score(FontEntry(fname='C:\\Windows\\Fonts\\GOTHICI.TTF', name='Century Gothic', style='italic', variant='normal', weight=400, stretch='normal', size='scalable')) = 11.335
15:55:47 [DEBUG   ] matplotlib.font_manager - findfont: score(FontEntry(fname='C:\\Windows\\Fonts\\ANTQUAB.TTF', name='Book Antiqua', style='normal', variant='normal', weight=700, stretch='normal', size='scalable')) = 10.05
15:55:47 [DEBUG   ] matplotlib.font_manager - findfont: score(FontEntry(fname='C:\\Windows\\Fonts\\GOTHICB.TTF', name='Century Gothic', style='normal', variant='normal', weight=700, stretch='normal', size='scalable')) = 10.05
15:55:47 [DEBUG   ] matplotlib.font_manager - findfont: score(FontEntry(fname='C:\\Windows\\Fonts\\arialbi.ttf', name='Arial', style='italic', variant='normal', weight=700, stretch='normal', size='scalable')) = 7.413636363636363
15:55:47 [DEBUG   ] matplotlib.font_manager - findfont: score(FontEntry(fname='C:\\Windows\\Fonts\\WINGDNG3.TTF', name='Wingdings 3', style='normal', variant='normal', weight=400, stretch='normal', size='scalable')) = 10.335
15:55:47 [DEBUG   ] matplotlib.font_manager - findfont: score(FontEntry(fname='C:\\Windows\\Fonts\\cour.ttf', name='Courier New', style='normal', variant='normal', weight=400, stretch='normal', size='scalable')) = 10.335
15:55:47 [DEBUG   ] matplotlib.font_manager - findfont: score(FontEntry(fname='C:\\Windows\\Fonts\\verdana.ttf', name='Verdana', style='normal', variant='normal', weight=400, stretch='normal', size='scalable')) = 3.9713636363636367
15:55:47 [DEBUG   ] matplotlib.font_manager - findfont: score(FontEntry(fname='C:\\Windows\\Fonts\\SegoeIcons.ttf', name='Segoe Fluent Icons', style='normal', variant='normal', weight=400, stretch='normal', size='scalable')) = 10.335
15:55:47 [DEBUG   ] matplotlib.font_manager - findfont: score(FontEntry(fname='C:\\Windows\\Fonts\\VINERITC.TTF', name='Viner Hand ITC', style='normal', variant='normal', weight=400, stretch='normal', size='scalable')) = 10.335
15:55:47 [DEBUG   ] matplotlib.font_manager - findfont: score(FontEntry(fname='C:\\Windows\\Fonts\\msjhl.ttc', name='Microsoft JhengHei', style='normal', variant='normal', weight=290, stretch='normal', size='scalable')) = 10.4395
15:55:47 [DEBUG   ] matplotlib.font_manager - findfont: score(FontEntry(fname='C:\\Windows\\Fonts\\segoeuiz.ttf', name='Segoe UI', style='italic', variant='normal', weight=700, stretch='normal', size='scalable')) = 11.05
15:55:47 [DEBUG   ] matplotlib.font_manager - findfont: score(FontEntry(fname='C:\\Windows\\Fonts\\simsunb.ttf', name='SimSun-ExtB', style='normal', variant='normal', weight=400, stretch='normal', size='scalable')) = 10.335
15:55:47 [DEBUG   ] matplotlib.font_manager - findfont: score(FontEntry(fname='C:\\Program Files (x86)\\Adobe\\Acrobat DC\\Resource\\Font\\AdobeDevanagari-BoldItalic.otf', name='Adobe Devanagari', style='italic', variant='normal', weight=700, stretch='normal', size='scalable')) = 11.05
15:55:47 [DEBUG   ] matplotlib.font_manager - findfont: score(FontEntry(fname='C:\\Windows\\Fonts\\ebrima.ttf', name='Ebrima', style='normal', variant='normal', weight=400, stretch='normal', size='scalable')) = 10.335
15:55:47 [DEBUG   ] matplotlib.font_manager - findfont: score(FontEntry(fname='C:\\Windows\\Fonts\\seguibl.ttf', name='Segoe UI', style='normal', variant='normal', weight=900, stretch='normal', size='scalable')) = 10.24
15:55:47 [DEBUG   ] matplotlib.font_manager - findfont: score(FontEntry(fname='C:\\Windows\\Fonts\\OLDENGL.TTF', name='Old English Text MT', style='normal', variant='normal', weight=400, stretch='normal', size='scalable')) = 10.335
15:55:47 [DEBUG   ] matplotlib.font_manager - findfont: score(FontEntry(fname='C:\\Windows\\Fonts\\MISTRAL.TTF', name='Mistral', style='normal', variant='normal', weight=400, stretch='normal', size='scalable')) = 10.335
15:55:47 [DEBUG   ] matplotlib.font_manager - findfont: score(FontEntry(fname='C:\\Windows\\Fonts\\LATINWD.TTF', name='Wide Latin', style='normal', variant='normal', weight=400, stretch='expanded', size='scalable')) = 10.535
15:55:47 [DEBUG   ] matplotlib.font_manager - findfont: score(FontEntry(fname='C:\\Windows\\Fonts\\ariali.ttf', name='Arial', style='italic', variant='normal', weight=400, stretch='normal', size='scalable')) = 7.698636363636363
15:55:47 [DEBUG   ] matplotlib.font_manager - findfont: score(FontEntry(fname='C:\\Windows\\Fonts\\bahnschrift.ttf', name='Bahnschrift', style='normal', variant='normal', weight=400, stretch='normal', size='scalable')) = 10.335
15:55:47 [DEBUG   ] matplotlib.font_manager - findfont: score(FontEntry(fname='C:\\Windows\\Fonts\\gadugib.ttf', name='Gadugi', style='normal', variant='normal', weight=700, stretch='normal', size='scalable')) = 10.05
15:55:47 [DEBUG   ] matplotlib.font_manager - findfont: score(FontEntry(fname='C:\\Windows\\Fonts\\BELL.TTF', name='Bell MT', style='normal', variant='normal', weight=400, stretch='normal', size='scalable')) = 10.335
15:55:47 [DEBUG   ] matplotlib.font_manager - findfont: score(FontEntry(fname='C:\\Windows\\Fonts\\FREESCPT.TTF', name='Freestyle Script', style='normal', variant='normal', weight=400, stretch='normal', size='scalable')) = 10.335
15:55:47 [DEBUG   ] matplotlib.font_manager - findfont: score(FontEntry(fname='C:\\Windows\\Fonts\\ROCKBI.TTF', name='Rockwell', style='italic', variant='normal', weight=700, stretch='normal', size='scalable')) = 11.05
15:55:47 [DEBUG   ] matplotlib.font_manager - findfont: score(FontEntry(fname='C:\\Windows\\Fonts\\MAGNETOB.TTF', name='Magneto', style='normal', variant='normal', weight=700, stretch='normal', size='scalable')) = 10.05
15:55:47 [DEBUG   ] matplotlib.font_manager - findfont: score(FontEntry(fname='C:\\Windows\\Fonts\\msjhbd.ttc', name='Microsoft JhengHei', style='normal', variant='normal', weight=700, stretch='normal', size='scalable')) = 10.05
15:55:47 [DEBUG   ] matplotlib.font_manager - findfont: score(FontEntry(fname='C:\\Windows\\Fonts\\palab.ttf', name='Palatino Linotype', style='normal', variant='normal', weight=700, stretch='normal', size='scalable')) = 10.05
15:55:47 [DEBUG   ] matplotlib.font_manager - findfont: score(FontEntry(fname='C:\\Windows\\Fonts\\DUBAI-REGULAR.TTF', name='Dubai', style='normal', variant='normal', weight=400, stretch='normal', size='scalable')) = 10.335
15:55:47 [DEBUG   ] matplotlib.font_manager - findfont: score(FontEntry(fname='C:\\Windows\\Fonts\\msjh.ttc', name='Microsoft JhengHei', style='normal', variant='normal', weight=400, stretch='normal', size='scalable')) = 10.335
15:55:47 [DEBUG   ] matplotlib.font_manager - findfont: score(FontEntry(fname='C:\\Windows\\Fonts\\MAIAN.TTF', name='Maiandra GD', style='normal', variant='normal', weight=400, stretch='normal', size='scalable')) = 10.335
15:55:47 [DEBUG   ] matplotlib.font_manager - findfont: score(FontEntry(fname='C:\\Windows\\Fonts\\FRSCRIPT.TTF', name='French Script MT', style='normal', variant='normal', weight=400, stretch='normal', size='scalable')) = 10.335
15:55:47 [DEBUG   ] matplotlib.font_manager - findfont: score(FontEntry(fname='C:\\Program Files (x86)\\IBM\\SPSS\\Amos\\24\\JRE\\lib\\fonts\\LucidaTypewriterRegular.ttf', name='Lucida Sans Typewriter', style='normal', variant='normal', weight=400, stretch='normal', size='scalable')) = 10.335
15:55:47 [DEBUG   ] matplotlib.font_manager - findfont: score(FontEntry(fname='C:\\Windows\\Fonts\\cambria.ttc', name='Cambria', style='normal', variant='normal', weight=400, stretch='normal', size='scalable')) = 10.335
15:55:47 [DEBUG   ] matplotlib.font_manager - findfont: score(FontEntry(fname='C:\\Windows\\Fonts\\msyhbd.ttc', name='Microsoft YaHei', style='normal', variant='normal', weight=700, stretch='normal', size='scalable')) = 10.05
15:55:47 [DEBUG   ] matplotlib.font_manager - findfont: score(FontEntry(fname='C:\\Windows\\Fonts\\FRADMIT.TTF', name='Franklin Gothic Demi', style='italic', variant='normal', weight=400, stretch='normal', size='scalable')) = 11.335
15:55:47 [DEBUG   ] matplotlib.font_manager - findfont: score(FontEntry(fname='C:\\Windows\\Fonts\\phagspab.ttf', name='Microsoft PhagsPa', style='normal', variant='normal', weight=700, stretch='normal', size='scalable')) = 10.05
15:55:47 [DEBUG   ] matplotlib.font_manager - findfont: score(FontEntry(fname='C:\\Windows\\Fonts\\TCMI____.TTF', name='Tw Cen MT', style='italic', variant='normal', weight=400, stretch='normal', size='scalable')) = 11.335
15:55:47 [DEBUG   ] matplotlib.font_manager - findfont: score(FontEntry(fname='C:\\Windows\\Fonts\\BOD_CBI.TTF', name='Bodoni MT', style='italic', variant='normal', weight=700, stretch='condensed', size='scalable')) = 11.25
15:55:47 [DEBUG   ] matplotlib.font_manager - findfont: score(FontEntry(fname='C:\\Windows\\Fonts\\calibriz.ttf', name='Calibri', style='italic', variant='normal', weight=700, stretch='normal', size='scalable')) = 11.05
15:55:47 [DEBUG   ] matplotlib.font_manager - findfont: score(FontEntry(fname='C:\\Windows\\Fonts\\seguibli.ttf', name='Segoe UI', style='italic', variant='normal', weight=900, stretch='normal', size='scalable')) = 11.24
15:55:47 [DEBUG   ] matplotlib.font_manager - findfont: score(FontEntry(fname='C:\\Windows\\Fonts\\courbd.ttf', name='Courier New', style='normal', variant='normal', weight=700, stretch='normal', size='scalable')) = 10.05
15:55:47 [DEBUG   ] matplotlib.font_manager - findfont: score(FontEntry(fname='C:\\Windows\\Fonts\\BOD_PSTC.TTF', name='Bodoni MT', style='normal', variant='normal', weight=300, stretch='normal', size='scalable')) = 10.43
15:55:47 [DEBUG   ] matplotlib.font_manager - findfont: score(FontEntry(fname='C:\\Windows\\Fonts\\cambriab.ttf', name='Cambria', style='normal', variant='normal', weight=700, stretch='normal', size='scalable')) = 10.05
15:55:47 [DEBUG   ] matplotlib.font_manager - findfont: score(FontEntry(fname='C:\\Windows\\Fonts\\georgiai.ttf', name='Georgia', style='italic', variant='normal', weight=400, stretch='normal', size='scalable')) = 11.335
15:55:47 [DEBUG   ] matplotlib.font_manager - findfont: score(FontEntry(fname='C:\\Windows\\Fonts\\CALIFI.TTF', name='Californian FB', style='italic', variant='normal', weight=400, stretch='normal', size='scalable')) = 11.335
15:55:47 [DEBUG   ] matplotlib.font_manager - findfont: score(FontEntry(fname='C:\\Windows\\Fonts\\mmrtextb.ttf', name='Myanmar Text', style='normal', variant='normal', weight=700, stretch='normal', size='scalable')) = 10.05
15:55:47 [DEBUG   ] matplotlib.font_manager - findfont: score(FontEntry(fname='C:\\Windows\\Fonts\\SCHLBKB.TTF', name='Century Schoolbook', style='normal', variant='normal', weight=700, stretch='normal', size='scalable')) = 10.05
15:55:47 [DEBUG   ] matplotlib.font_manager - findfont: score(FontEntry(fname='C:\\Windows\\Fonts\\OUTLOOK.TTF', name='MS Outlook', style='normal', variant='normal', weight=400, stretch='normal', size='scalable')) = 10.335
15:55:47 [DEBUG   ] matplotlib.font_manager - findfont: score(FontEntry(fname='C:\\Windows\\Fonts\\georgia.ttf', name='Georgia', style='normal', variant='normal', weight=400, stretch='normal', size='scalable')) = 10.335
15:55:47 [DEBUG   ] matplotlib.font_manager - findfont: score(FontEntry(fname='C:\\Windows\\Fonts\\BELLB.TTF', name='Bell MT', style='normal', variant='normal', weight=700, stretch='normal', size='scalable')) = 10.05
15:55:47 [DEBUG   ] matplotlib.font_manager - findfont: score(FontEntry(fname='C:\\Windows\\Fonts\\ERASDEMI.TTF', name='Eras Demi ITC', style='normal', variant='normal', weight=400, stretch='normal', size='scalable')) = 10.335
15:55:47 [DEBUG   ] matplotlib.font_manager - findfont: score(FontEntry(fname='C:\\Windows\\Fonts\\framdit.ttf', name='Franklin Gothic Medium', style='italic', variant='normal', weight=400, stretch='normal', size='scalable')) = 11.335
15:55:47 [DEBUG   ] matplotlib.font_manager - findfont: score(FontEntry(fname='C:\\Windows\\Fonts\\GOUDYSTO.TTF', name='Goudy Stout', style='normal', variant='normal', weight=400, stretch='normal', size='scalable')) = 10.335
15:55:47 [DEBUG   ] matplotlib.font_manager - findfont: score(FontEntry(fname='C:\\Windows\\Fonts\\CALIST.TTF', name='Calisto MT', style='normal', variant='normal', weight=400, stretch='normal', size='scalable')) = 10.335
15:55:47 [DEBUG   ] matplotlib.font_manager - findfont: score(FontEntry(fname='C:\\Program Files (x86)\\IBM\\SPSS\\Amos\\24\\JRE\\lib\\fonts\\LucidaBrightItalic.ttf', name='Lucida Bright', style='italic', variant='normal', weight=400, stretch='normal', size='scalable')) = 11.335
15:55:47 [DEBUG   ] matplotlib.font_manager - findfont: score(FontEntry(fname='C:\\Windows\\Fonts\\CHILLER.TTF', name='Chiller', style='normal', variant='normal', weight=400, stretch='normal', size='scalable')) = 10.335
15:55:47 [DEBUG   ] matplotlib.font_manager - findfont: score(FontEntry(fname='C:\\Windows\\Fonts\\ZWAdobeF.TTF', name='ZWAdobeF', style='normal', variant='normal', weight=400, stretch='normal', size='scalable')) = 10.335
15:55:47 [DEBUG   ] matplotlib.font_manager - findfont: score(FontEntry(fname='C:\\Windows\\Fonts\\monbaiti.ttf', name='Mongolian Baiti', style='normal', variant='normal', weight=400, stretch='normal', size='scalable')) = 10.335
15:55:47 [DEBUG   ] matplotlib.font_manager - findfont: score(FontEntry(fname='C:\\Windows\\Fonts\\GILI____.TTF', name='Gill Sans MT', style='italic', variant='normal', weight=400, stretch='normal', size='scalable')) = 11.335
15:55:47 [DEBUG   ] matplotlib.font_manager - findfont: score(FontEntry(fname='C:\\Windows\\Fonts\\SCHLBKI.TTF', name='Century Schoolbook', style='italic', variant='normal', weight=400, stretch='normal', size='scalable')) = 11.335
15:55:47 [DEBUG   ] matplotlib.font_manager - findfont: score(FontEntry(fname='C:\\Windows\\Fonts\\BRUSHSCI.TTF', name='Brush Script MT', style='italic', variant='normal', weight=400, stretch='normal', size='scalable')) = 11.335
15:55:47 [DEBUG   ] matplotlib.font_manager - findfont: score(FontEntry(fname='C:\\Windows\\Fonts\\georgiaz.ttf', name='Georgia', style='italic', variant='normal', weight=700, stretch='normal', size='scalable')) = 11.05
15:55:47 [DEBUG   ] matplotlib.font_manager - findfont: score(FontEntry(fname='C:\\Windows\\Fonts\\corbelz.ttf', name='Corbel', style='italic', variant='normal', weight=700, stretch='normal', size='scalable')) = 11.05
15:55:47 [DEBUG   ] matplotlib.font_manager - findfont: score(FontEntry(fname='C:\\Windows\\Fonts\\INFROMAN.TTF', name='Informal Roman', style='normal', variant='normal', weight=400, stretch='normal', size='scalable')) = 10.335
15:55:47 [DEBUG   ] matplotlib.font_manager - findfont: score(FontEntry(fname='C:\\Windows\\Fonts\\Candarab.ttf', name='Candara', style='normal', variant='normal', weight=700, stretch='normal', size='scalable')) = 10.05
15:55:47 [DEBUG   ] matplotlib.font_manager - findfont: score(FontEntry(fname='C:\\Windows\\Fonts\\FRAHVIT.TTF', name='Franklin Gothic Heavy', style='italic', variant='normal', weight=400, stretch='normal', size='scalable')) = 11.335
15:55:47 [DEBUG   ] matplotlib.font_manager - findfont: score(FontEntry(fname='C:\\Windows\\Fonts\\Candaral.ttf', name='Candara', style='normal', variant='normal', weight=400, stretch='normal', size='scalable')) = 10.335
15:55:47 [DEBUG   ] matplotlib.font_manager - findfont: score(FontEntry(fname='C:\\Windows\\Fonts\\ITCKRIST.TTF', name='Kristen ITC', style='normal', variant='normal', weight=400, stretch='normal', size='scalable')) = 10.335
15:55:47 [DEBUG   ] matplotlib.font_manager - findfont: score(FontEntry(fname='C:\\Windows\\Fonts\\ENGR.TTF', name='Engravers MT', style='normal', variant='normal', weight=500, stretch='normal', size='scalable')) = 10.24
15:55:47 [DEBUG   ] matplotlib.font_manager - findfont: score(FontEntry(fname='C:\\Windows\\Fonts\\ITCBLKAD.TTF', name='Blackadder ITC', style='normal', variant='normal', weight=400, stretch='normal', size='scalable')) = 10.335
15:55:47 [DEBUG   ] matplotlib.font_manager - findfont: score(FontEntry(fname='C:\\Windows\\Fonts\\seguisbi.ttf', name='Segoe UI', style='italic', variant='normal', weight=600, stretch='normal', size='scalable')) = 11.145
15:55:47 [DEBUG   ] matplotlib.font_manager - findfont: score(FontEntry(fname='C:\\Windows\\Fonts\\GLSNECB.TTF', name='Gill Sans MT Ext Condensed Bold', style='normal', variant='normal', weight=400, stretch='condensed', size='scalable')) = 10.535
15:55:47 [DEBUG   ] matplotlib.font_manager - findfont: score(FontEntry(fname='C:\\Windows\\Fonts\\VIVALDII.TTF', name='Vivaldi', style='italic', variant='normal', weight=400, stretch='normal', size='scalable')) = 11.335
15:55:47 [DEBUG   ] matplotlib.font_manager - findfont: score(FontEntry(fname='C:\\Windows\\Fonts\\SegUIVar.ttf', name='Segoe UI Variable', style='normal', variant='normal', weight=400, stretch='normal', size='scalable')) = 10.335
15:55:47 [DEBUG   ] matplotlib.font_manager - findfont: score(FontEntry(fname='C:\\Windows\\Fonts\\LFAXDI.TTF', name='Lucida Fax', style='italic', variant='normal', weight=600, stretch='normal', size='scalable')) = 11.145
15:55:47 [DEBUG   ] matplotlib.font_manager - findfont: score(FontEntry(fname='C:\\Windows\\Fonts\\CALIFB.TTF', name='Californian FB', style='normal', variant='normal', weight=700, stretch='normal', size='scalable')) = 10.05
15:55:47 [DEBUG   ] matplotlib.font_manager - findfont: score(FontEntry(fname='C:\\Windows\\Fonts\\segmdl2.ttf', name='Segoe MDL2 Assets', style='normal', variant='normal', weight=400, stretch='normal', size='scalable')) = 10.335
15:55:47 [DEBUG   ] matplotlib.font_manager - findfont: score(FontEntry(fname='C:\\Windows\\Fonts\\LBRITE.TTF', name='Lucida Bright', style='normal', variant='normal', weight=400, stretch='normal', size='scalable')) = 10.335
15:55:47 [DEBUG   ] matplotlib.font_manager - findfont: score(FontEntry(fname='C:\\Windows\\Fonts\\AGENCYR.TTF', name='Agency FB', style='normal', variant='normal', weight=400, stretch='normal', size='scalable')) = 10.335
15:55:47 [DEBUG   ] matplotlib.font_manager - findfont: score(FontEntry(fname='C:\\Windows\\Fonts\\CURLZ___.TTF', name='Curlz MT', style='normal', variant='normal', weight=400, stretch='normal', size='scalable')) = 10.335
15:55:47 [DEBUG   ] matplotlib.font_manager - findfont: score(FontEntry(fname='C:\\Windows\\Fonts\\trebucit.ttf', name='Trebuchet MS', style='italic', variant='normal', weight=400, stretch='normal', size='scalable')) = 11.335
15:55:47 [DEBUG   ] matplotlib.font_manager - findfont: score(FontEntry(fname='C:\\Windows\\Fonts\\seguili.ttf', name='Segoe UI', style='italic', variant='normal', weight=300, stretch='normal', size='scalable')) = 11.43
15:55:47 [DEBUG   ] matplotlib.font_manager - findfont: score(FontEntry(fname='C:\\Windows\\Fonts\\GIGI.TTF', name='Gigi', style='normal', variant='normal', weight=400, stretch='normal', size='scalable')) = 10.335
15:55:47 [DEBUG   ] matplotlib.font_manager - findfont: score(FontEntry(fname='C:\\Windows\\Fonts\\cambriaz.ttf', name='Cambria', style='italic', variant='normal', weight=700, stretch='normal', size='scalable')) = 11.05
15:55:47 [DEBUG   ] matplotlib.font_manager - findfont: score(FontEntry(fname='C:\\Windows\\Fonts\\corbelli.ttf', name='Corbel', style='italic', variant='normal', weight=300, stretch='normal', size='scalable')) = 11.43
15:55:47 [DEBUG   ] matplotlib.font_manager - findfont: score(FontEntry(fname='C:\\Windows\\Fonts\\calibrili.ttf', name='Calibri', style='italic', variant='normal', weight=300, stretch='normal', size='scalable')) = 11.43
15:55:47 [DEBUG   ] matplotlib.font_manager - findfont: score(FontEntry(fname='C:\\Windows\\Fonts\\CENSCBK.TTF', name='Century Schoolbook', style='normal', variant='normal', weight=400, stretch='normal', size='scalable')) = 10.335
15:55:47 [DEBUG   ] matplotlib.font_manager - findfont: score(FontEntry(fname='C:\\Windows\\Fonts\\ariblk.ttf', name='Arial', style='normal', variant='normal', weight=900, stretch='normal', size='scalable')) = 6.6036363636363635
15:55:47 [DEBUG   ] matplotlib.font_manager - findfont: score(FontEntry(fname='C:\\Windows\\Fonts\\SCRIPTBL.TTF', name='Script MT Bold', style='normal', variant='normal', weight=700, stretch='normal', size='scalable')) = 10.05
15:55:47 [DEBUG   ] matplotlib.font_manager - findfont: score(FontEntry(fname='C:\\Windows\\Fonts\\Candaraz.ttf', name='Candara', style='italic', variant='normal', weight=700, stretch='normal', size='scalable')) = 11.05
15:55:47 [DEBUG   ] matplotlib.font_manager - findfont: score(FontEntry(fname='C:\\Windows\\Fonts\\SitkaVF-Italic.ttf', name='Sitka', style='italic', variant='normal', weight=400, stretch='normal', size='scalable')) = 11.335
15:55:47 [DEBUG   ] matplotlib.font_manager - findfont: score(FontEntry(fname='C:\\Windows\\Fonts\\BRLNSDB.TTF', name='Berlin Sans FB Demi', style='normal', variant='normal', weight=700, stretch='normal', size='scalable')) = 10.05
15:55:47 [DEBUG   ] matplotlib.font_manager - findfont: score(FontEntry(fname='C:\\Program Files (x86)\\Adobe\\Acrobat DC\\Resource\\Font\\AdobeDevanagari-Regular.otf', name='Adobe Devanagari', style='normal', variant='normal', weight=400, stretch='normal', size='scalable')) = 10.335
15:55:47 [DEBUG   ] matplotlib.font_manager - findfont: score(FontEntry(fname='C:\\Windows\\Fonts\\trebuc.ttf', name='Trebuchet MS', style='normal', variant='normal', weight=400, stretch='normal', size='scalable')) = 10.335
15:55:47 [DEBUG   ] matplotlib.font_manager - findfont: score(FontEntry(fname='C:\\Windows\\Fonts\\arial.ttf', name='Arial', style='normal', variant='normal', weight=400, stretch='normal', size='scalable')) = 6.698636363636363
15:55:47 [DEBUG   ] matplotlib.font_manager - findfont: score(FontEntry(fname='C:\\Windows\\Fonts\\impact.ttf', name='Impact', style='normal', variant='normal', weight=400, stretch='normal', size='scalable')) = 10.335
15:55:47 [DEBUG   ] matplotlib.font_manager - findfont: score(FontEntry(fname='C:\\Windows\\Fonts\\comicbd.ttf', name='Comic Sans MS', style='normal', variant='normal', weight=700, stretch='normal', size='scalable')) = 10.05
15:55:47 [DEBUG   ] matplotlib.font_manager - findfont: score(FontEntry(fname='C:\\Windows\\Fonts\\FRADM.TTF', name='Franklin Gothic Demi', style='normal', variant='normal', weight=400, stretch='normal', size='scalable')) = 10.335
15:55:47 [DEBUG   ] matplotlib.font_manager - findfont: score(FontEntry(fname='C:\\Windows\\Fonts\\l_10646.ttf', name='Lucida Sans Unicode', style='normal', variant='normal', weight=400, stretch='normal', size='scalable')) = 10.335
15:55:47 [DEBUG   ] matplotlib.font_manager - findfont: score(FontEntry(fname='C:\\Windows\\Fonts\\BOOKOSI.TTF', name='Bookman Old Style', style='italic', variant='normal', weight=300, stretch='normal', size='scalable')) = 11.43
15:55:47 [DEBUG   ] matplotlib.font_manager - findfont: score(FontEntry(fname='C:\\Windows\\Fonts\\LFAX.TTF', name='Lucida Fax', style='normal', variant='normal', weight=400, stretch='normal', size='scalable')) = 10.335
15:55:47 [DEBUG   ] matplotlib.font_manager - findfont: score(FontEntry(fname='C:\\Windows\\Fonts\\SCHLBKBI.TTF', name='Century Schoolbook', style='italic', variant='normal', weight=700, stretch='normal', size='scalable')) = 11.05
15:55:47 [DEBUG   ] matplotlib.font_manager - findfont: score(FontEntry(fname='C:\\Windows\\Fonts\\segoeuii.ttf', name='Segoe UI', style='italic', variant='normal', weight=400, stretch='normal', size='scalable')) = 11.335
15:55:47 [DEBUG   ] matplotlib.font_manager - findfont: score(FontEntry(fname='C:\\Windows\\Fonts\\BOD_B.TTF', name='Bodoni MT', style='normal', variant='normal', weight=700, stretch='normal', size='scalable')) = 10.05
15:55:47 [DEBUG   ] matplotlib.font_manager - findfont: score(FontEntry(fname='C:\\Windows\\Fonts\\BOD_CI.TTF', name='Bodoni MT', style='italic', variant='normal', weight=400, stretch='condensed', size='scalable')) = 11.535
15:55:47 [DEBUG   ] matplotlib.font_manager - findfont: score(FontEntry(fname='C:\\Windows\\Fonts\\FRADMCN.TTF', name='Franklin Gothic Demi Cond', style='normal', variant='normal', weight=400, stretch='condensed', size='scalable')) = 10.535
15:55:47 [DEBUG   ] matplotlib.font_manager - findfont: score(FontEntry(fname='C:\\Windows\\Fonts\\corbell.ttf', name='Corbel', style='normal', variant='normal', weight=300, stretch='normal', size='scalable')) = 10.43
15:55:47 [DEBUG   ] matplotlib.font_manager - findfont: score(FontEntry(fname='C:\\Windows\\Fonts\\segoeuil.ttf', name='Segoe UI', style='normal', variant='normal', weight=300, stretch='normal', size='scalable')) = 10.43
15:55:47 [DEBUG   ] matplotlib.font_manager - findfont: score(FontEntry(fname='C:\\Windows\\Fonts\\consolab.ttf', name='Consolas', style='normal', variant='normal', weight=700, stretch='normal', size='scalable')) = 10.05
15:55:47 [DEBUG   ] matplotlib.font_manager - findfont: score(FontEntry(fname='C:\\Windows\\Fonts\\CALISTI.TTF', name='Calisto MT', style='italic', variant='normal', weight=400, stretch='normal', size='scalable')) = 11.335
15:55:47 [DEBUG   ] matplotlib.font_manager - findfont: score(FontEntry(fname='C:\\Windows\\Fonts\\malgunsl.ttf', name='Malgun Gothic', style='normal', variant='normal', weight=300, stretch='normal', size='scalable')) = 10.43
15:55:47 [DEBUG   ] matplotlib.font_manager - findfont: score(FontEntry(fname='C:\\Windows\\Fonts\\seguihis.ttf', name='Segoe UI Historic', style='normal', variant='normal', weight=400, stretch='normal', size='scalable')) = 10.335
15:55:47 [DEBUG   ] matplotlib.font_manager - findfont: score(FontEntry(fname='C:\\Windows\\Fonts\\ntailub.ttf', name='Microsoft New Tai Lue', style='normal', variant='normal', weight=700, stretch='normal', size='scalable')) = 10.05
15:55:47 [DEBUG   ] matplotlib.font_manager - findfont: score(FontEntry(fname='C:\\Windows\\Fonts\\GILBI___.TTF', name='Gill Sans MT', style='italic', variant='normal', weight=700, stretch='normal', size='scalable')) = 11.05
15:55:47 [DEBUG   ] matplotlib.font_manager - findfont: score(FontEntry(fname='C:\\Windows\\Fonts\\mvboli.ttf', name='MV Boli', style='normal', variant='normal', weight=400, stretch='normal', size='scalable')) = 10.335
15:55:47 [DEBUG   ] matplotlib.font_manager - findfont: score(FontEntry(fname='C:\\Windows\\Fonts\\trebucbi.ttf', name='Trebuchet MS', style='italic', variant='normal', weight=700, stretch='normal', size='scalable')) = 11.05
15:55:47 [DEBUG   ] matplotlib.font_manager - findfont: score(FontEntry(fname='C:\\Windows\\Fonts\\COPRGTB.TTF', name='Copperplate Gothic Bold', style='normal', variant='normal', weight=400, stretch='normal', size='scalable')) = 10.335
15:55:47 [DEBUG   ] matplotlib.font_manager - findfont: score(FontEntry(fname='C:\\Windows\\Fonts\\REFSPCL.TTF', name='MS Reference Specialty', style='normal', variant='normal', weight=400, stretch='normal', size='scalable')) = 10.335
15:55:47 [DEBUG   ] matplotlib.font_manager - findfont: score(FontEntry(fname='C:\\Windows\\Fonts\\LCALLIG.TTF', name='Lucida Calligraphy', style='italic', variant='normal', weight=400, stretch='normal', size='scalable')) = 11.335
15:55:47 [DEBUG   ] matplotlib.font_manager - findfont: score(FontEntry(fname='C:\\Windows\\Fonts\\PLAYBILL.TTF', name='Playbill', style='normal', variant='normal', weight=400, stretch='normal', size='scalable')) = 10.335
15:55:47 [DEBUG   ] matplotlib.font_manager - findfont: score(FontEntry(fname='C:\\Windows\\Fonts\\segoescb.ttf', name='Segoe Script', style='normal', variant='normal', weight=700, stretch='normal', size='scalable')) = 10.05
15:55:47 [DEBUG   ] matplotlib.font_manager - findfont: score(FontEntry(fname='C:\\Windows\\Fonts\\corbelb.ttf', name='Corbel', style='normal', variant='normal', weight=700, stretch='normal', size='scalable')) = 10.05
15:55:47 [DEBUG   ] matplotlib.font_manager - findfont: score(FontEntry(fname='C:\\Windows\\Fonts\\palai.ttf', name='Palatino Linotype', style='italic', variant='normal', weight=400, stretch='normal', size='scalable')) = 11.335
15:55:47 [DEBUG   ] matplotlib.font_manager - findfont: score(FontEntry(fname='C:\\Windows\\Fonts\\phagspa.ttf', name='Microsoft PhagsPa', style='normal', variant='normal', weight=400, stretch='normal', size='scalable')) = 10.335
15:55:47 [DEBUG   ] matplotlib.font_manager - findfont: score(FontEntry(fname='C:\\Windows\\Fonts\\himalaya.ttf', name='Microsoft Himalaya', style='normal', variant='normal', weight=400, stretch='normal', size='scalable')) = 10.335
15:55:47 [DEBUG   ] matplotlib.font_manager - findfont: score(FontEntry(fname='C:\\Windows\\Fonts\\HARNGTON.TTF', name='Harrington', style='normal', variant='normal', weight=400, stretch='normal', size='scalable')) = 10.335
15:55:47 [DEBUG   ] matplotlib.font_manager - findfont: score(FontEntry(fname='C:\\Windows\\Fonts\\ONYX.TTF', name='Onyx', style='normal', variant='normal', weight=400, stretch='normal', size='scalable')) = 10.335
15:55:47 [DEBUG   ] matplotlib.font_manager - findfont: score(FontEntry(fname='C:\\Windows\\Fonts\\CASTELAR.TTF', name='Castellar', style='normal', variant='normal', weight=400, stretch='normal', size='scalable')) = 10.335
15:55:47 [DEBUG   ] matplotlib.font_manager - findfont: score(FontEntry(fname='C:\\Windows\\Fonts\\GOUDOSI.TTF', name='Goudy Old Style', style='italic', variant='normal', weight=400, stretch='normal', size='scalable')) = 11.335
15:55:47 [DEBUG   ] matplotlib.font_manager - findfont: score(FontEntry(fname='C:\\Windows\\Fonts\\ALGER.TTF', name='Algerian', style='normal', variant='normal', weight=400, stretch='normal', size='scalable')) = 10.335
15:55:47 [DEBUG   ] matplotlib.font_manager - findfont: score(FontEntry(fname='C:\\Windows\\Fonts\\segoeui.ttf', name='Segoe UI', style='normal', variant='normal', weight=400, stretch='normal', size='scalable')) = 10.335
15:55:47 [DEBUG   ] matplotlib.font_manager - findfont: score(FontEntry(fname='C:\\Windows\\Fonts\\BRLNSB.TTF', name='Berlin Sans FB', style='normal', variant='normal', weight=700, stretch='normal', size='scalable')) = 10.05
15:55:47 [DEBUG   ] matplotlib.font_manager - findfont: score(FontEntry(fname='C:\\Windows\\Fonts\\javatext.ttf', name='Javanese Text', style='normal', variant='normal', weight=400, stretch='normal', size='scalable')) = 10.335
15:55:47 [DEBUG   ] matplotlib.font_manager - findfont: score(FontEntry(fname='C:\\Windows\\Fonts\\BROADW.TTF', name='Broadway', style='normal', variant='normal', weight=400, stretch='normal', size='scalable')) = 10.335
15:55:47 [DEBUG   ] matplotlib.font_manager - findfont: score(FontEntry(fname='C:\\Windows\\Fonts\\LTYPEO.TTF', name='Lucida Sans Typewriter', style='oblique', variant='normal', weight=400, stretch='normal', size='scalable')) = 11.335
15:55:47 [DEBUG   ] matplotlib.font_manager - findfont: score(FontEntry(fname='C:\\Windows\\Fonts\\ARIALN.TTF', name='Arial', style='normal', variant='normal', weight=400, stretch='condensed', size='scalable')) = 6.8986363636363635
15:55:47 [DEBUG   ] matplotlib.font_manager - findfont: score(FontEntry(fname='C:\\Windows\\Fonts\\comic.ttf', name='Comic Sans MS', style='normal', variant='normal', weight=400, stretch='normal', size='scalable')) = 10.335
15:55:47 [DEBUG   ] matplotlib.font_manager - findfont: score(FontEntry(fname='C:\\Windows\\Fonts\\GARABD.TTF', name='Garamond', style='normal', variant='normal', weight=700, stretch='normal', size='scalable')) = 10.05
15:55:47 [DEBUG   ] matplotlib.font_manager - findfont: score(FontEntry(fname='C:\\Windows\\Fonts\\JOKERMAN.TTF', name='Jokerman', style='normal', variant='normal', weight=400, stretch='normal', size='scalable')) = 10.335
15:55:47 [DEBUG   ] matplotlib.font_manager - findfont: score(FontEntry(fname='C:\\Windows\\Fonts\\CascadiaCode.ttf', name='Cascadia Code', style='normal', variant='normal', weight=400, stretch='normal', size='scalable')) = 10.335
15:55:47 [DEBUG   ] matplotlib.font_manager - findfont: score(FontEntry(fname='C:\\Windows\\Fonts\\VLADIMIR.TTF', name='Vladimir Script', style='normal', variant='normal', weight=400, stretch='normal', size='scalable')) = 10.335
15:55:47 [DEBUG   ] matplotlib.font_manager - findfont: score(FontEntry(fname='C:\\Windows\\Fonts\\GILB____.TTF', name='Gill Sans MT', style='normal', variant='normal', weight=700, stretch='normal', size='scalable')) = 10.05
15:55:47 [DEBUG   ] matplotlib.font_manager - findfont: score(FontEntry(fname='C:\\Windows\\Fonts\\palabi.ttf', name='Palatino Linotype', style='italic', variant='normal', weight=700, stretch='normal', size='scalable')) = 11.05
15:55:47 [DEBUG   ] matplotlib.font_manager - findfont: score(FontEntry(fname='C:\\Windows\\Fonts\\BOD_CB.TTF', name='Bodoni MT', style='normal', variant='normal', weight=700, stretch='condensed', size='scalable')) = 10.25
15:55:47 [DEBUG   ] matplotlib.font_manager - findfont: score(FontEntry(fname='C:\\Windows\\Fonts\\GARAIT.TTF', name='Garamond', style='italic', variant='normal', weight=400, stretch='normal', size='scalable')) = 11.335
15:55:47 [DEBUG   ] matplotlib.font_manager - findfont: score(FontEntry(fname='C:\\Windows\\Fonts\\FRAHV.TTF', name='Franklin Gothic Heavy', style='normal', variant='normal', weight=400, stretch='normal', size='scalable')) = 10.335
15:55:47 [DEBUG   ] matplotlib.font_manager - findfont: score(FontEntry(fname='C:\\Windows\\Fonts\\BOD_BI.TTF', name='Bodoni MT', style='italic', variant='normal', weight=700, stretch='normal', size='scalable')) = 11.05
15:55:47 [DEBUG   ] matplotlib.font_manager - findfont: score(FontEntry(fname='C:\\Windows\\Fonts\\Candara.ttf', name='Candara', style='normal', variant='normal', weight=400, stretch='normal', size='scalable')) = 10.335
15:55:47 [DEBUG   ] matplotlib.font_manager - findfont: score(FontEntry(fname='C:\\Windows\\Fonts\\BERNHC.TTF', name='Bernard MT Condensed', style='normal', variant='normal', weight=400, stretch='condensed', size='scalable')) = 10.535
15:55:47 [DEBUG   ] matplotlib.font_manager - findfont: score(FontEntry(fname='C:\\Windows\\Fonts\\ERASBD.TTF', name='Eras Bold ITC', style='normal', variant='normal', weight=400, stretch='normal', size='scalable')) = 10.335
15:55:47 [DEBUG   ] matplotlib.font_manager - findfont: score(FontEntry(fname='C:\\Windows\\Fonts\\YuGothL.ttc', name='Yu Gothic', style='normal', variant='normal', weight=300, stretch='normal', size='scalable')) = 10.43
15:55:47 [DEBUG   ] matplotlib.font_manager - findfont: score(FontEntry(fname='C:\\Windows\\Fonts\\MATURASC.TTF', name='Matura MT Script Capitals', style='normal', variant='normal', weight=400, stretch='normal', size='scalable')) = 10.335
15:55:47 [DEBUG   ] matplotlib.font_manager - findfont: score(FontEntry(fname='C:\\Windows\\Fonts\\PALSCRI.TTF', name='Palace Script MT', style='normal', variant='normal', weight=400, stretch='normal', size='scalable')) = 10.335
15:55:47 [DEBUG   ] matplotlib.font_manager - findfont: score(FontEntry(fname='C:\\Windows\\Fonts\\GIL_____.TTF', name='Gill Sans MT', style='normal', variant='normal', weight=400, stretch='normal', size='scalable')) = 10.335
15:55:47 [DEBUG   ] matplotlib.font_manager - findfont: score(FontEntry(fname='C:\\Program Files (x86)\\IBM\\SPSS\\Amos\\24\\JRE\\lib\\fonts\\LucidaBrightRegular.ttf', name='Lucida Bright', style='normal', variant='normal', weight=400, stretch='normal', size='scalable')) = 10.335
15:55:47 [DEBUG   ] matplotlib.font_manager - findfont: score(FontEntry(fname='C:\\Windows\\Fonts\\LeelaUIb.ttf', name='Leelawadee UI', style='normal', variant='normal', weight=700, stretch='normal', size='scalable')) = 10.05
15:55:47 [DEBUG   ] matplotlib.font_manager - findfont: score(FontEntry(fname='C:\\Windows\\Fonts\\HTOWERT.TTF', name='High Tower Text', style='normal', variant='normal', weight=400, stretch='normal', size='scalable')) = 10.335
15:55:47 [DEBUG   ] matplotlib.font_manager - findfont: score(FontEntry(fname='C:\\Windows\\Fonts\\LTYPEBO.TTF', name='Lucida Sans Typewriter', style='oblique', variant='normal', weight=600, stretch='normal', size='scalable')) = 11.145
15:55:47 [DEBUG   ] matplotlib.font_manager - findfont: score(FontEntry(fname='C:\\Windows\\Fonts\\micross.ttf', name='Microsoft Sans Serif', style='normal', variant='normal', weight=400, stretch='normal', size='scalable')) = 10.335
15:55:47 [DEBUG   ] matplotlib.font_manager - findfont: score(FontEntry(fname='C:\\Windows\\Fonts\\TCM_____.TTF', name='Tw Cen MT', style='normal', variant='normal', weight=400, stretch='normal', size='scalable')) = 10.335
15:55:47 [DEBUG   ] matplotlib.font_manager - findfont: score(FontEntry(fname='C:\\Windows\\Fonts\\BOOKOSB.TTF', name='Bookman Old Style', style='normal', variant='normal', weight=600, stretch='normal', size='scalable')) = 10.145
15:55:47 [DEBUG   ] matplotlib.font_manager - findfont: score(FontEntry(fname='C:\\Windows\\Fonts\\consola.ttf', name='Consolas', style='normal', variant='normal', weight=400, stretch='normal', size='scalable')) = 10.335
15:55:47 [DEBUG   ] matplotlib.font_manager - findfont: score(FontEntry(fname='C:\\Windows\\Fonts\\ERASMD.TTF', name='Eras Medium ITC', style='normal', variant='normal', weight=400, stretch='normal', size='scalable')) = 10.335
15:55:47 [DEBUG   ] matplotlib.font_manager - findfont: score(FontEntry(fname='C:\\Windows\\Fonts\\BOD_BLAI.TTF', name='Bodoni MT', style='italic', variant='normal', weight=900, stretch='normal', size='scalable')) = 11.24
15:55:47 [DEBUG   ] matplotlib.font_manager - findfont: score(FontEntry(fname='C:\\Windows\\Fonts\\couri.ttf', name='Courier New', style='italic', variant='normal', weight=400, stretch='normal', size='scalable')) = 11.335
15:55:47 [DEBUG   ] matplotlib.font_manager - findfont: score(FontEntry(fname='C:\\Windows\\Fonts\\calibrib.ttf', name='Calibri', style='normal', variant='normal', weight=700, stretch='normal', size='scalable')) = 10.05
15:55:47 [DEBUG   ] matplotlib.font_manager - findfont: score(FontEntry(fname='C:\\Windows\\Fonts\\segoeuib.ttf', name='Segoe UI', style='normal', variant='normal', weight=700, stretch='normal', size='scalable')) = 10.05
15:55:47 [DEBUG   ] matplotlib.font_manager - findfont: score(FontEntry(fname='C:\\Windows\\Fonts\\HTOWERTI.TTF', name='High Tower Text', style='italic', variant='normal', weight=400, stretch='normal', size='scalable')) = 11.335
15:55:47 [DEBUG   ] matplotlib.font_manager - findfont: score(FontEntry(fname='C:\\Windows\\Fonts\\seguiemj.ttf', name='Segoe UI Emoji', style='normal', variant='normal', weight=400, stretch='normal', size='scalable')) = 10.335
15:55:47 [DEBUG   ] matplotlib.font_manager - findfont: score(FontEntry(fname='C:\\Windows\\Fonts\\ROCC____.TTF', name='Rockwell Condensed', style='normal', variant='normal', weight=400, stretch='condensed', size='scalable')) = 10.535
15:55:47 [DEBUG   ] matplotlib.font_manager - findfont: score(FontEntry(fname='C:\\Windows\\Fonts\\LeelawUI.ttf', name='Leelawadee UI', style='normal', variant='normal', weight=400, stretch='normal', size='scalable')) = 10.335
15:55:47 [DEBUG   ] matplotlib.font_manager - findfont: score(FontEntry(fname='C:\\Windows\\Fonts\\TEMPSITC.TTF', name='Tempus Sans ITC', style='normal', variant='normal', weight=400, stretch='normal', size='scalable')) = 10.335
15:55:47 [DEBUG   ] matplotlib.font_manager - findfont: score(FontEntry(fname='C:\\Windows\\Fonts\\tahomabd.ttf', name='Tahoma', style='normal', variant='normal', weight=700, stretch='normal', size='scalable')) = 10.05
15:55:47 [DEBUG   ] matplotlib.font_manager - findfont: score(FontEntry(fname='C:\\Windows\\Fonts\\comici.ttf', name='Comic Sans MS', style='italic', variant='normal', weight=400, stretch='normal', size='scalable')) = 11.335
15:55:47 [DEBUG   ] matplotlib.font_manager - findfont: score(FontEntry(fname='C:\\Windows\\Fonts\\YuGothR.ttc', name='Yu Gothic', style='normal', variant='normal', weight=400, stretch='normal', size='scalable')) = 10.335
15:55:47 [DEBUG   ] matplotlib.font_manager - findfont: score(FontEntry(fname='C:\\Windows\\Fonts\\PERB____.TTF', name='Perpetua', style='normal', variant='normal', weight=700, stretch='normal', size='scalable')) = 10.05
15:55:47 [DEBUG   ] matplotlib.font_manager - findfont: score(FontEntry(fname='C:\\Windows\\Fonts\\BSSYM7.TTF', name='Bookshelf Symbol 7', style='normal', variant='normal', weight=400, stretch='normal', size='scalable')) = 10.335
15:55:47 [DEBUG   ] matplotlib.font_manager - findfont: score(FontEntry(fname='C:\\Windows\\Fonts\\PERI____.TTF', name='Perpetua', style='italic', variant='normal', weight=400, stretch='normal', size='scalable')) = 11.335
15:55:47 [DEBUG   ] matplotlib.font_manager - findfont: score(FontEntry(fname='C:\\Windows\\Fonts\\segoeprb.ttf', name='Segoe Print', style='normal', variant='normal', weight=700, stretch='normal', size='scalable')) = 10.05
15:55:47 [DEBUG   ] matplotlib.font_manager - findfont: score(FontEntry(fname='C:\\Windows\\Fonts\\DUBAI-LIGHT.TTF', name='Dubai', style='normal', variant='normal', weight=300, stretch='normal', size='scalable')) = 10.43
15:55:47 [DEBUG   ] matplotlib.font_manager - findfont: score(FontEntry(fname='C:\\Windows\\Fonts\\LFAXI.TTF', name='Lucida Fax', style='italic', variant='normal', weight=400, stretch='normal', size='scalable')) = 11.335
15:55:47 [DEBUG   ] matplotlib.font_manager - findfont: score(FontEntry(fname='C:\\Windows\\Fonts\\Candarai.ttf', name='Candara', style='italic', variant='normal', weight=400, stretch='normal', size='scalable')) = 11.335
15:55:47 [DEBUG   ] matplotlib.font_manager - findfont: score(FontEntry(fname='C:\\Windows\\Fonts\\CALISTB.TTF', name='Calisto MT', style='normal', variant='normal', weight=700, stretch='normal', size='scalable')) = 10.05
15:55:47 [DEBUG   ] matplotlib.font_manager - findfont: score(FontEntry(fname='C:\\Windows\\Fonts\\Nirmala.ttc', name='Nirmala UI', style='normal', variant='normal', weight=400, stretch='normal', size='scalable')) = 10.335
15:55:47 [DEBUG   ] matplotlib.font_manager - findfont: score(FontEntry(fname='C:\\Windows\\Fonts\\FTLTLT.TTF', name='Footlight MT Light', style='normal', variant='normal', weight=300, stretch='normal', size='scalable')) = 10.43
15:55:47 [DEBUG   ] matplotlib.font_manager - findfont: score(FontEntry(fname='C:\\Windows\\Fonts\\Candarali.ttf', name='Candara', style='italic', variant='normal', weight=400, stretch='normal', size='scalable')) = 11.335
15:55:47 [DEBUG   ] matplotlib.font_manager - findfont: score(FontEntry(fname='C:\\Windows\\Fonts\\lucon.ttf', name='Lucida Console', style='normal', variant='normal', weight=400, stretch='normal', size='scalable')) = 10.335
15:55:47 [DEBUG   ] matplotlib.font_manager - findfont: score(FontEntry(fname='C:\\Windows\\Fonts\\FORTE.TTF', name='Forte', style='normal', variant='normal', weight=400, stretch='normal', size='scalable')) = 10.335
15:55:47 [DEBUG   ] matplotlib.font_manager - findfont: score(FontEntry(fname='C:\\Windows\\Fonts\\BELLI.TTF', name='Bell MT', style='italic', variant='normal', weight=400, stretch='normal', size='scalable')) = 11.335
15:55:47 [DEBUG   ] matplotlib.font_manager - findfont: score(FontEntry(fname='C:\\Windows\\Fonts\\ARIALNI.TTF', name='Arial', style='italic', variant='normal', weight=400, stretch='condensed', size='scalable')) = 7.8986363636363635
15:55:47 [DEBUG   ] matplotlib.font_manager - findfont: score(FontEntry(fname='C:\\Program Files (x86)\\IBM\\SPSS\\Amos\\24\\JRE\\lib\\fonts\\LucidaTypewriterBold.ttf', name='Lucida Sans Typewriter', style='normal', variant='normal', weight=700, stretch='normal', size='scalable')) = 10.05
15:55:47 [DEBUG   ] matplotlib.font_manager - findfont: score(FontEntry(fname='C:\\Windows\\Fonts\\ROCCB___.TTF', name='Rockwell Condensed', style='normal', variant='normal', weight=700, stretch='condensed', size='scalable')) = 10.25
15:55:47 [DEBUG   ] matplotlib.font_manager - findfont: score(FontEntry(fname='C:\\Windows\\Fonts\\ROCKI.TTF', name='Rockwell', style='italic', variant='normal', weight=400, stretch='normal', size='scalable')) = 11.335
15:55:47 [DEBUG   ] matplotlib.font_manager - findfont: score(FontEntry(fname='C:\\Windows\\Fonts\\ROCKEB.TTF', name='Rockwell Extra Bold', style='normal', variant='normal', weight=800, stretch='normal', size='scalable')) = 10.145
15:55:47 [DEBUG   ] matplotlib.font_manager - findfont: score(FontEntry(fname='C:\\Windows\\Fonts\\FELIXTI.TTF', name='Felix Titling', style='normal', variant='normal', weight=400, stretch='normal', size='scalable')) = 10.335
15:55:47 [DEBUG   ] matplotlib.font_manager - findfont: score(FontEntry(fname='C:\\Windows\\Fonts\\msgothic.ttc', name='MS Gothic', style='normal', variant='normal', weight=400, stretch='normal', size='scalable')) = 10.335
15:55:47 [DEBUG   ] matplotlib.font_manager - findfont: score(FontEntry(fname='C:\\Windows\\Fonts\\BOD_I.TTF', name='Bodoni MT', style='italic', variant='normal', weight=400, stretch='normal', size='scalable')) = 11.335
15:55:47 [DEBUG   ] matplotlib.font_manager - findfont: score(FontEntry(fname='C:\\Windows\\Fonts\\ROCK.TTF', name='Rockwell', style='normal', variant='normal', weight=400, stretch='normal', size='scalable')) = 10.335
15:55:47 [DEBUG   ] matplotlib.font_manager - findfont: score(FontEntry(fname='C:\\Program Files (x86)\\Adobe\\Acrobat DC\\Resource\\Font\\AdobeDevanagari-Bold.otf', name='Adobe Devanagari', style='normal', variant='normal', weight=700, stretch='normal', size='scalable')) = 10.05
15:55:47 [DEBUG   ] matplotlib.font_manager - findfont: score(FontEntry(fname='C:\\Windows\\Fonts\\PER_____.TTF', name='Perpetua', style='normal', variant='normal', weight=400, stretch='normal', size='scalable')) = 10.335
15:55:47 [DEBUG   ] matplotlib.font_manager - findfont: score(FontEntry(fname='C:\\Windows\\Fonts\\wingding.ttf', name='Wingdings', style='normal', variant='normal', weight=400, stretch='normal', size='scalable')) = 10.335
15:55:47 [DEBUG   ] matplotlib.font_manager - findfont: score(FontEntry(fname='C:\\Windows\\Fonts\\ITCEDSCR.TTF', name='Edwardian Script ITC', style='normal', variant='normal', weight=400, stretch='normal', size='scalable')) = 10.335
15:55:47 [DEBUG   ] matplotlib.font_manager - findfont: score(FontEntry(fname='C:\\Windows\\Fonts\\YuGothM.ttc', name='Yu Gothic', style='normal', variant='normal', weight=500, stretch='normal', size='scalable')) = 10.24
15:55:47 [DEBUG   ] matplotlib.font_manager - findfont: score(FontEntry(fname='C:\\Windows\\Fonts\\SNAP____.TTF', name='Snap ITC', style='normal', variant='normal', weight=400, stretch='normal', size='scalable')) = 10.335
15:55:47 [DEBUG   ] matplotlib.font_manager - findfont: score(FontEntry(fname='C:\\Windows\\Fonts\\ELEPHNTI.TTF', name='Elephant', style='italic', variant='normal', weight=400, stretch='normal', size='scalable')) = 11.335
15:55:47 [DEBUG   ] matplotlib.font_manager - findfont: score(FontEntry(fname='C:\\Windows\\Fonts\\GILC____.TTF', name='Gill Sans MT Condensed', style='normal', variant='normal', weight=400, stretch='condensed', size='scalable')) = 10.535
15:55:47 [DEBUG   ] matplotlib.font_manager - findfont: score(FontEntry(fname='C:\\Windows\\Fonts\\BOD_R.TTF', name='Bodoni MT', style='normal', variant='normal', weight=400, stretch='normal', size='scalable')) = 10.335
15:55:47 [DEBUG   ] matplotlib.font_manager - findfont: score(FontEntry(fname='C:\\Windows\\Fonts\\NIAGSOL.TTF', name='Niagara Solid', style='normal', variant='normal', weight=400, stretch='normal', size='scalable')) = 10.335
15:55:47 [DEBUG   ] matplotlib.font_manager - findfont: score(FontEntry(fname='C:\\Windows\\Fonts\\DUBAI-BOLD.TTF', name='Dubai', style='normal', variant='normal', weight=700, stretch='normal', size='scalable')) = 10.05
15:55:47 [DEBUG   ] matplotlib.font_manager - findfont: score(FontEntry(fname='C:\\Windows\\Fonts\\corbeli.ttf', name='Corbel', style='italic', variant='normal', weight=400, stretch='normal', size='scalable')) = 11.335
15:55:47 [DEBUG   ] matplotlib.font_manager - findfont: score(FontEntry(fname='C:\\Windows\\Fonts\\sylfaen.ttf', name='Sylfaen', style='normal', variant='normal', weight=400, stretch='normal', size='scalable')) = 10.335
15:55:47 [DEBUG   ] matplotlib.font_manager - findfont: score(FontEntry(fname='C:\\Windows\\Fonts\\georgiab.ttf', name='Georgia', style='normal', variant='normal', weight=700, stretch='normal', size='scalable')) = 10.05
15:55:47 [DEBUG   ] matplotlib.font_manager - findfont: score(FontEntry(fname='C:\\Windows\\Fonts\\COPRGTL.TTF', name='Copperplate Gothic Light', style='normal', variant='normal', weight=400, stretch='normal', size='scalable')) = 10.335
15:55:47 [DEBUG   ] matplotlib.font_manager - findfont: score(FontEntry(fname='C:\\Windows\\Fonts\\pala.ttf', name='Palatino Linotype', style='normal', variant='normal', weight=400, stretch='normal', size='scalable')) = 10.335
15:55:47 [DEBUG   ] matplotlib.font_manager - findfont: score(FontEntry(fname='C:\\Windows\\Fonts\\MTCORSVA.TTF', name='Monotype Corsiva', style='normal', variant='normal', weight=400, stretch='normal', size='scalable')) = 10.335
15:55:47 [DEBUG   ] matplotlib.font_manager - findfont: score(FontEntry(fname='C:\\Windows\\Fonts\\msyi.ttf', name='Microsoft Yi Baiti', style='normal', variant='normal', weight=400, stretch='normal', size='scalable')) = 10.335
15:55:47 [DEBUG   ] matplotlib.font_manager - findfont: score(FontEntry(fname='C:\\Windows\\Fonts\\arialbd.ttf', name='Arial', style='normal', variant='normal', weight=700, stretch='normal', size='scalable')) = 6.413636363636363
15:55:47 [DEBUG   ] matplotlib.font_manager - findfont: score(FontEntry(fname='C:\\Windows\\Fonts\\LSANSDI.TTF', name='Lucida Sans', style='italic', variant='normal', weight=600, stretch='normal', size='scalable')) = 11.145
15:55:47 [DEBUG   ] matplotlib.font_manager - findfont: score(FontEntry(fname='C:\\Windows\\Fonts\\SitkaVF.ttf', name='Sitka', style='normal', variant='normal', weight=400, stretch='normal', size='scalable')) = 10.335
15:55:47 [DEBUG   ] matplotlib.font_manager - findfont: score(FontEntry(fname='C:\\Windows\\Fonts\\PERTILI.TTF', name='Perpetua Titling MT', style='normal', variant='normal', weight=300, stretch='normal', size='scalable')) = 10.43
15:55:47 [DEBUG   ] matplotlib.font_manager - findfont: score(FontEntry(fname='C:\\Windows\\Fonts\\times.ttf', name='Times New Roman', style='normal', variant='normal', weight=400, stretch='normal', size='scalable')) = 10.335
15:55:47 [DEBUG   ] matplotlib.font_manager - findfont: score(FontEntry(fname='C:\\Windows\\Fonts\\ARIALNBI.TTF', name='Arial', style='italic', variant='normal', weight=700, stretch='condensed', size='scalable')) = 7.613636363636363
15:55:47 [DEBUG   ] matplotlib.font_manager - findfont: score(FontEntry(fname='C:\\Windows\\Fonts\\POORICH.TTF', name='Poor Richard', style='normal', variant='normal', weight=400, stretch='normal', size='scalable')) = 10.335
15:55:47 [DEBUG   ] matplotlib.font_manager - findfont: score(FontEntry(fname='C:\\Windows\\Fonts\\calibrii.ttf', name='Calibri', style='italic', variant='normal', weight=400, stretch='normal', size='scalable')) = 11.335
15:55:47 [DEBUG   ] matplotlib.font_manager - findfont: score(FontEntry(fname='C:\\Windows\\Fonts\\ARLRDBD.TTF', name='Arial Rounded MT Bold', style='normal', variant='normal', weight=400, stretch='normal', size='scalable')) = 10.335
15:55:47 [DEBUG   ] matplotlib.font_manager - findfont: score(FontEntry(fname='C:\\Windows\\Fonts\\AGENCYB.TTF', name='Agency FB', style='normal', variant='normal', weight=700, stretch='normal', size='scalable')) = 10.05
15:55:47 [DEBUG   ] matplotlib.font_manager - findfont: score(FontEntry(fname='C:\\Windows\\Fonts\\seguisli.ttf', name='Segoe UI', style='italic', variant='normal', weight=350, stretch='normal', size='scalable')) = 11.3825
15:55:47 [DEBUG   ] matplotlib.font_manager - findfont: score(FontEntry(fname='C:\\Windows\\Fonts\\TCB_____.TTF', name='Tw Cen MT', style='normal', variant='normal', weight=700, stretch='normal', size='scalable')) = 10.05
15:55:47 [DEBUG   ] matplotlib.font_manager - findfont: score(FontEntry(fname='C:\\Windows\\Fonts\\CascadiaMono.ttf', name='Cascadia Mono', style='normal', variant='normal', weight=400, stretch='normal', size='scalable')) = 10.335
15:55:47 [DEBUG   ] matplotlib.font_manager - findfont: score(FontEntry(fname='C:\\Windows\\Fonts\\JUICE___.TTF', name='Juice ITC', style='normal', variant='normal', weight=400, stretch='normal', size='scalable')) = 10.335
15:55:47 [DEBUG   ] matplotlib.font_manager - findfont: score(FontEntry(fname='C:\\Windows\\Fonts\\REFSAN.TTF', name='MS Reference Sans Serif', style='normal', variant='normal', weight=400, stretch='normal', size='scalable')) = 10.335
15:55:47 [DEBUG   ] matplotlib.font_manager - findfont: Matching sans\-serif:style=normal:variant=normal:weight=bold:stretch=normal:size=11.0 to DejaVu Sans ('C:\\Users\\DELL\\AppData\\Local\\Programs\\Python\\Python314\\Lib\\site-packages\\matplotlib\\mpl-data\\fonts\\ttf\\DejaVuSans-Bold.ttf') with score of 0.050000.
15:55:47 [DEBUG   ] matplotlib.font_manager - findfont: Matching sans\-serif:style=normal:variant=normal:weight=normal:stretch=normal:size=7.5.
15:55:47 [DEBUG   ] matplotlib.font_manager - findfont: score(FontEntry(fname='C:\\Users\\DELL\\AppData\\Local\\Programs\\Python\\Python314\\Lib\\site-packages\\matplotlib\\mpl-data\\fonts\\ttf\\DejaVuSerif-Bold.ttf', name='DejaVu Serif', style='normal', variant='normal', weight=700, stretch='normal', size='scalable')) = 10.335
15:55:47 [DEBUG   ] matplotlib.font_manager - findfont: score(FontEntry(fname='C:\\Users\\DELL\\AppData\\Local\\Programs\\Python\\Python314\\Lib\\site-packages\\matplotlib\\mpl-data\\fonts\\ttf\\STIXSizFourSymBol.ttf', name='STIXSizeFourSym', style='normal', variant='normal', weight=700, stretch='normal', size='scalable')) = 10.335
15:55:47 [DEBUG   ] matplotlib.font_manager - findfont: score(FontEntry(fname='C:\\Users\\DELL\\AppData\\Local\\Programs\\Python\\Python314\\Lib\\site-packages\\matplotlib\\mpl-data\\fonts\\ttf\\STIXSizThreeSymReg.ttf', name='STIXSizeThreeSym', style='normal', variant='normal', weight=400, stretch='normal', size='scalable')) = 10.05
15:55:47 [DEBUG   ] matplotlib.font_manager - findfont: score(FontEntry(fname='C:\\Users\\DELL\\AppData\\Local\\Programs\\Python\\Python314\\Lib\\site-packages\\matplotlib\\mpl-data\\fonts\\ttf\\DejaVuSansMono.ttf', name='DejaVu Sans Mono', style='normal', variant='normal', weight=400, stretch='normal', size='scalable')) = 10.05
15:55:47 [DEBUG   ] matplotlib.font_manager - findfont: score(FontEntry(fname='C:\\Users\\DELL\\AppData\\Local\\Programs\\Python\\Python314\\Lib\\site-packages\\matplotlib\\mpl-data\\fonts\\ttf\\cmmi10.ttf', name='cmmi10', style='normal', variant='normal', weight=400, stretch='normal', size='scalable')) = 10.05
15:55:47 [DEBUG   ] matplotlib.font_manager - findfont: score(FontEntry(fname='C:\\Users\\DELL\\AppData\\Local\\Programs\\Python\\Python314\\Lib\\site-packages\\matplotlib\\mpl-data\\fonts\\ttf\\STIXNonUniIta.ttf', name='STIXNonUnicode', style='italic', variant='normal', weight=400, stretch='normal', size='scalable')) = 11.05
15:55:47 [DEBUG   ] matplotlib.font_manager - findfont: score(FontEntry(fname='C:\\Users\\DELL\\AppData\\Local\\Programs\\Python\\Python314\\Lib\\site-packages\\matplotlib\\mpl-data\\fonts\\ttf\\STIXSizTwoSymReg.ttf', name='STIXSizeTwoSym', style='normal', variant='normal', weight=400, stretch='normal', size='scalable')) = 10.05
15:55:47 [DEBUG   ] matplotlib.font_manager - findfont: score(FontEntry(fname='C:\\Users\\DELL\\AppData\\Local\\Programs\\Python\\Python314\\Lib\\site-packages\\matplotlib\\mpl-data\\fonts\\ttf\\DejaVuSans.ttf', name='DejaVu Sans', style='normal', variant='normal', weight=400, stretch='normal', size='scalable')) = 0.05
15:55:47 [DEBUG   ] matplotlib.font_manager - findfont: score(FontEntry(fname='C:\\Users\\DELL\\AppData\\Local\\Programs\\Python\\Python314\\Lib\\site-packages\\matplotlib\\mpl-data\\fonts\\ttf\\DejaVuSansMono-BoldOblique.ttf', name='DejaVu Sans Mono', style='oblique', variant='normal', weight=700, stretch='normal', size='scalable')) = 11.335
15:55:47 [DEBUG   ] matplotlib.font_manager - findfont: score(FontEntry(fname='C:\\Users\\DELL\\AppData\\Local\\Programs\\Python\\Python314\\Lib\\site-packages\\matplotlib\\mpl-data\\fonts\\ttf\\STIXGeneralBol.ttf', name='STIXGeneral', style='normal', variant='normal', weight=700, stretch='normal', size='scalable')) = 10.335
15:55:47 [DEBUG   ] matplotlib.font_manager - findfont: score(FontEntry(fname='C:\\Users\\DELL\\AppData\\Local\\Programs\\Python\\Python314\\Lib\\site-packages\\matplotlib\\mpl-data\\fonts\\ttf\\cmb10.ttf', name='cmb10', style='normal', variant='normal', weight=400, stretch='normal', size='scalable')) = 10.05
15:55:47 [DEBUG   ] matplotlib.font_manager - findfont: score(FontEntry(fname='C:\\Users\\DELL\\AppData\\Local\\Programs\\Python\\Python314\\Lib\\site-packages\\matplotlib\\mpl-data\\fonts\\ttf\\STIXGeneralBolIta.ttf', name='STIXGeneral', style='italic', variant='normal', weight=700, stretch='normal', size='scalable')) = 11.335
15:55:47 [DEBUG   ] matplotlib.font_manager - findfont: score(FontEntry(fname='C:\\Users\\DELL\\AppData\\Local\\Programs\\Python\\Python314\\Lib\\site-packages\\matplotlib\\mpl-data\\fonts\\ttf\\DejaVuSansMono-Oblique.ttf', name='DejaVu Sans Mono', style='oblique', variant='normal', weight=400, stretch='normal', size='scalable')) = 11.05
15:55:47 [DEBUG   ] matplotlib.font_manager - findfont: score(FontEntry(fname='C:\\Users\\DELL\\AppData\\Local\\Programs\\Python\\Python314\\Lib\\site-packages\\matplotlib\\mpl-data\\fonts\\ttf\\STIXSizFourSymReg.ttf', name='STIXSizeFourSym', style='normal', variant='normal', weight=400, stretch='normal', size='scalable')) = 10.05
15:55:47 [DEBUG   ] matplotlib.font_manager - findfont: score(FontEntry(fname='C:\\Users\\DELL\\AppData\\Local\\Programs\\Python\\Python314\\Lib\\site-packages\\matplotlib\\mpl-data\\fonts\\ttf\\STIXSizThreeSymBol.ttf', name='STIXSizeThreeSym', style='normal', variant='normal', weight=700, stretch='normal', size='scalable')) = 10.335
15:55:47 [DEBUG   ] matplotlib.font_manager - findfont: score(FontEntry(fname='C:\\Users\\DELL\\AppData\\Local\\Programs\\Python\\Python314\\Lib\\site-packages\\matplotlib\\mpl-data\\fonts\\ttf\\cmtt10.ttf', name='cmtt10', style='normal', variant='normal', weight=400, stretch='normal', size='scalable')) = 10.05
15:55:47 [DEBUG   ] matplotlib.font_manager - findfont: score(FontEntry(fname='C:\\Users\\DELL\\AppData\\Local\\Programs\\Python\\Python314\\Lib\\site-packages\\matplotlib\\mpl-data\\fonts\\ttf\\cmr10.ttf', name='cmr10', style='normal', variant='normal', weight=400, stretch='normal', size='scalable')) = 10.05
15:55:47 [DEBUG   ] matplotlib.font_manager - findfont: score(FontEntry(fname='C:\\Users\\DELL\\AppData\\Local\\Programs\\Python\\Python314\\Lib\\site-packages\\matplotlib\\mpl-data\\fonts\\ttf\\STIXSizFiveSymReg.ttf', name='STIXSizeFiveSym', style='normal', variant='normal', weight=400, stretch='normal', size='scalable')) = 10.05
15:55:47 [DEBUG   ] matplotlib.font_manager - findfont: score(FontEntry(fname='C:\\Users\\DELL\\AppData\\Local\\Programs\\Python\\Python314\\Lib\\site-packages\\matplotlib\\mpl-data\\fonts\\ttf\\cmsy10.ttf', name='cmsy10', style='normal', variant='normal', weight=400, stretch='normal', size='scalable')) = 10.05
15:55:47 [DEBUG   ] matplotlib.font_manager - findfont: score(FontEntry(fname='C:\\Users\\DELL\\AppData\\Local\\Programs\\Python\\Python314\\Lib\\site-packages\\matplotlib\\mpl-data\\fonts\\ttf\\DejaVuSansDisplay.ttf', name='DejaVu Sans Display', style='normal', variant='normal', weight=400, stretch='normal', size='scalable')) = 10.05
15:55:47 [DEBUG   ] matplotlib.font_manager - findfont: score(FontEntry(fname='C:\\Users\\DELL\\AppData\\Local\\Programs\\Python\\Python314\\Lib\\site-packages\\matplotlib\\mpl-data\\fonts\\ttf\\DejaVuSansMono-Bold.ttf', name='DejaVu Sans Mono', style='normal', variant='normal', weight=700, stretch='normal', size='scalable')) = 10.335
15:55:47 [DEBUG   ] matplotlib.font_manager - findfont: score(FontEntry(fname='C:\\Users\\DELL\\AppData\\Local\\Programs\\Python\\Python314\\Lib\\site-packages\\matplotlib\\mpl-data\\fonts\\ttf\\DejaVuSerifDisplay.ttf', name='DejaVu Serif Display', style='normal', variant='normal', weight=400, stretch='normal', size='scalable')) = 10.05
15:55:47 [DEBUG   ] matplotlib.font_manager - findfont: score(FontEntry(fname='C:\\Users\\DELL\\AppData\\Local\\Programs\\Python\\Python314\\Lib\\site-packages\\matplotlib\\mpl-data\\fonts\\ttf\\STIXSizOneSymBol.ttf', name='STIXSizeOneSym', style='normal', variant='normal', weight=700, stretch='normal', size='scalable')) = 10.335
15:55:47 [DEBUG   ] matplotlib.font_manager - findfont: score(FontEntry(fname='C:\\Users\\DELL\\AppData\\Local\\Programs\\Python\\Python314\\Lib\\site-packages\\matplotlib\\mpl-data\\fonts\\ttf\\STIXNonUniBol.ttf', name='STIXNonUnicode', style='normal', variant='normal', weight=700, stretch='normal', size='scalable')) = 10.335
15:55:47 [DEBUG   ] matplotlib.font_manager - findfont: score(FontEntry(fname='C:\\Users\\DELL\\AppData\\Local\\Programs\\Python\\Python314\\Lib\\site-packages\\matplotlib\\mpl-data\\fonts\\ttf\\DejaVuSans-BoldOblique.ttf', name='DejaVu Sans', style='oblique', variant='normal', weight=700, stretch='normal', size='scalable')) = 1.335
15:55:47 [DEBUG   ] matplotlib.font_manager - findfont: score(FontEntry(fname='C:\\Users\\DELL\\AppData\\Local\\Programs\\Python\\Python314\\Lib\\site-packages\\matplotlib\\mpl-data\\fonts\\ttf\\STIXNonUniBolIta.ttf', name='STIXNonUnicode', style='italic', variant='normal', weight=700, stretch='normal', size='scalable')) = 11.335
15:55:47 [DEBUG   ] matplotlib.font_manager - findfont: score(FontEntry(fname='C:\\Users\\DELL\\AppData\\Local\\Programs\\Python\\Python314\\Lib\\site-packages\\matplotlib\\mpl-data\\fonts\\ttf\\DejaVuSerif-Italic.ttf', name='DejaVu Serif', style='italic', variant='normal', weight=400, stretch='normal', size='scalable')) = 11.05
15:55:47 [DEBUG   ] matplotlib.font_manager - findfont: score(FontEntry(fname='C:\\Users\\DELL\\AppData\\Local\\Programs\\Python\\Python314\\Lib\\site-packages\\matplotlib\\mpl-data\\fonts\\ttf\\cmex10.ttf', name='cmex10', style='normal', variant='normal', weight=400, stretch='normal', size='scalable')) = 10.05
15:55:47 [DEBUG   ] matplotlib.font_manager - findfont: score(FontEntry(fname='C:\\Users\\DELL\\AppData\\Local\\Programs\\Python\\Python314\\Lib\\site-packages\\matplotlib\\mpl-data\\fonts\\ttf\\cmss10.ttf', name='cmss10', style='normal', variant='normal', weight=400, stretch='normal', size='scalable')) = 10.05
15:55:47 [DEBUG   ] matplotlib.font_manager - findfont: score(FontEntry(fname='C:\\Users\\DELL\\AppData\\Local\\Programs\\Python\\Python314\\Lib\\site-packages\\matplotlib\\mpl-data\\fonts\\ttf\\DejaVuSans-Bold.ttf', name='DejaVu Sans', style='normal', variant='normal', weight=700, stretch='normal', size='scalable')) = 0.33499999999999996
15:55:47 [DEBUG   ] matplotlib.font_manager - findfont: score(FontEntry(fname='C:\\Users\\DELL\\AppData\\Local\\Programs\\Python\\Python314\\Lib\\site-packages\\matplotlib\\mpl-data\\fonts\\ttf\\DejaVuSans-Oblique.ttf', name='DejaVu Sans', style='oblique', variant='normal', weight=400, stretch='normal', size='scalable')) = 1.05
15:55:47 [DEBUG   ] matplotlib.font_manager - findfont: score(FontEntry(fname='C:\\Users\\DELL\\AppData\\Local\\Programs\\Python\\Python314\\Lib\\site-packages\\matplotlib\\mpl-data\\fonts\\ttf\\STIXSizOneSymReg.ttf', name='STIXSizeOneSym', style='normal', variant='normal', weight=400, stretch='normal', size='scalable')) = 10.05
15:55:47 [DEBUG   ] matplotlib.font_manager - findfont: score(FontEntry(fname='C:\\Users\\DELL\\AppData\\Local\\Programs\\Python\\Python314\\Lib\\site-packages\\matplotlib\\mpl-data\\fonts\\ttf\\DejaVuSerif-BoldItalic.ttf', name='DejaVu Serif', style='italic', variant='normal', weight=700, stretch='normal', size='scalable')) = 11.335
15:55:47 [DEBUG   ] matplotlib.font_manager - findfont: score(FontEntry(fname='C:\\Users\\DELL\\AppData\\Local\\Programs\\Python\\Python314\\Lib\\site-packages\\matplotlib\\mpl-data\\fonts\\ttf\\STIXNonUni.ttf', name='STIXNonUnicode', style='normal', variant='normal', weight=400, stretch='normal', size='scalable')) = 10.05
15:55:47 [DEBUG   ] matplotlib.font_manager - findfont: score(FontEntry(fname='C:\\Users\\DELL\\AppData\\Local\\Programs\\Python\\Python314\\Lib\\site-packages\\matplotlib\\mpl-data\\fonts\\ttf\\DejaVuSerif.ttf', name='DejaVu Serif', style='normal', variant='normal', weight=400, stretch='normal', size='scalable')) = 10.05
15:55:47 [DEBUG   ] matplotlib.font_manager - findfont: score(FontEntry(fname='C:\\Users\\DELL\\AppData\\Local\\Programs\\Python\\Python314\\Lib\\site-packages\\matplotlib\\mpl-data\\fonts\\ttf\\STIXGeneral.ttf', name='STIXGeneral', style='normal', variant='normal', weight=400, stretch='normal', size='scalable')) = 10.05
15:55:47 [DEBUG   ] matplotlib.font_manager - findfont: score(FontEntry(fname='C:\\Users\\DELL\\AppData\\Local\\Programs\\Python\\Python314\\Lib\\site-packages\\matplotlib\\mpl-data\\fonts\\ttf\\STIXGeneralItalic.ttf', name='STIXGeneral', style='italic', variant='normal', weight=400, stretch='normal', size='scalable')) = 11.05
15:55:47 [DEBUG   ] matplotlib.font_manager - findfont: score(FontEntry(fname='C:\\Users\\DELL\\AppData\\Local\\Programs\\Python\\Python314\\Lib\\site-packages\\matplotlib\\mpl-data\\fonts\\ttf\\STIXSizTwoSymBol.ttf', name='STIXSizeTwoSym', style='normal', variant='normal', weight=700, stretch='normal', size='scalable')) = 10.335
15:55:47 [DEBUG   ] matplotlib.font_manager - findfont: score(FontEntry(fname='C:\\Windows\\Fonts\\GOUDOSB.TTF', name='Goudy Old Style', style='normal', variant='normal', weight=700, stretch='normal', size='scalable')) = 10.335
15:55:47 [DEBUG   ] matplotlib.font_manager - findfont: score(FontEntry(fname='C:\\Windows\\Fonts\\GLECB.TTF', name='Gloucester MT Extra Condensed', style='normal', variant='normal', weight=400, stretch='condensed', size='scalable')) = 10.25
15:55:47 [DEBUG   ] matplotlib.font_manager - findfont: score(FontEntry(fname='C:\\Windows\\Fonts\\COLONNA.TTF', name='Colonna MT', style='normal', variant='normal', weight=400, stretch='normal', size='scalable')) = 10.05
15:55:47 [DEBUG   ] matplotlib.font_manager - findfont: score(FontEntry(fname='C:\\Windows\\Fonts\\CENTURY.TTF', name='Century', style='normal', variant='normal', weight=400, stretch='normal', size='scalable')) = 10.05
15:55:47 [DEBUG   ] matplotlib.font_manager - findfont: score(FontEntry(fname='C:\\Windows\\Fonts\\constani.ttf', name='Constantia', style='italic', variant='normal', weight=400, stretch='normal', size='scalable')) = 11.05
15:55:47 [DEBUG   ] matplotlib.font_manager - findfont: score(FontEntry(fname='C:\\Windows\\Fonts\\gadugi.ttf', name='Gadugi', style='normal', variant='normal', weight=400, stretch='normal', size='scalable')) = 10.05
15:55:47 [DEBUG   ] matplotlib.font_manager - findfont: score(FontEntry(fname='C:\\Windows\\Fonts\\segoepr.ttf', name='Segoe Print', style='normal', variant='normal', weight=400, stretch='normal', size='scalable')) = 10.05
15:55:47 [DEBUG   ] matplotlib.font_manager - findfont: score(FontEntry(fname='C:\\Windows\\Fonts\\tahoma.ttf', name='Tahoma', style='normal', variant='normal', weight=400, stretch='normal', size='scalable')) = 10.05
15:55:47 [DEBUG   ] matplotlib.font_manager - findfont: score(FontEntry(fname='C:\\Windows\\Fonts\\CALIFR.TTF', name='Californian FB', style='normal', variant='normal', weight=400, stretch='normal', size='scalable')) = 10.05
15:55:47 [DEBUG   ] matplotlib.font_manager - findfont: score(FontEntry(fname='C:\\Windows\\Fonts\\PRISTINA.TTF', name='Pristina', style='normal', variant='normal', weight=400, stretch='normal', size='scalable')) = 10.05
15:55:47 [DEBUG   ] matplotlib.font_manager - findfont: score(FontEntry(fname='C:\\Windows\\Fonts\\ANTQUAI.TTF', name='Book Antiqua', style='italic', variant='normal', weight=400, stretch='normal', size='scalable')) = 11.05
15:55:47 [DEBUG   ] matplotlib.font_manager - findfont: score(FontEntry(fname='C:\\Windows\\Fonts\\simsun.ttc', name='SimSun', style='normal', variant='normal', weight=400, stretch='normal', size='scalable')) = 10.05
15:55:47 [DEBUG   ] matplotlib.font_manager - findfont: score(FontEntry(fname='C:\\Windows\\Fonts\\GOUDOS.TTF', name='Goudy Old Style', style='normal', variant='normal', weight=400, stretch='normal', size='scalable')) = 10.05
15:55:47 [DEBUG   ] matplotlib.font_manager - findfont: score(FontEntry(fname='C:\\Windows\\Fonts\\msyhl.ttc', name='Microsoft YaHei', style='normal', variant='normal', weight=290, stretch='normal', size='scalable')) = 10.1545
15:55:47 [DEBUG   ] matplotlib.font_manager - findfont: score(FontEntry(fname='C:\\Windows\\Fonts\\timesbi.ttf', name='Times New Roman', style='italic', variant='normal', weight=700, stretch='normal', size='scalable')) = 11.335
15:55:47 [DEBUG   ] matplotlib.font_manager - findfont: score(FontEntry(fname='C:\\Windows\\Fonts\\CENTAUR.TTF', name='Centaur', style='normal', variant='normal', weight=400, stretch='normal', size='scalable')) = 10.05
15:55:47 [DEBUG   ] matplotlib.font_manager - findfont: score(FontEntry(fname='C:\\Windows\\Fonts\\comicz.ttf', name='Comic Sans MS', style='italic', variant='normal', weight=700, stretch='normal', size='scalable')) = 11.335
15:55:47 [DEBUG   ] matplotlib.font_manager - findfont: score(FontEntry(fname='C:\\Windows\\Fonts\\Gabriola.ttf', name='Gabriola', style='normal', variant='normal', weight=400, stretch='normal', size='scalable')) = 10.05
15:55:47 [DEBUG   ] matplotlib.font_manager - findfont: score(FontEntry(fname='C:\\Windows\\Fonts\\consolaz.ttf', name='Consolas', style='italic', variant='normal', weight=700, stretch='normal', size='scalable')) = 11.335
15:55:47 [DEBUG   ] matplotlib.font_manager - findfont: score(FontEntry(fname='C:\\Windows\\Fonts\\PARCHM.TTF', name='Parchment', style='normal', variant='normal', weight=400, stretch='normal', size='scalable')) = 10.05
15:55:47 [DEBUG   ] matplotlib.font_manager - findfont: score(FontEntry(fname='C:\\Windows\\Fonts\\BASKVILL.TTF', name='Baskerville Old Face', style='normal', variant='normal', weight=400, stretch='normal', size='scalable')) = 10.05
15:55:47 [DEBUG   ] matplotlib.font_manager - findfont: score(FontEntry(fname='C:\\Windows\\Fonts\\LeelUIsl.ttf', name='Leelawadee UI', style='normal', variant='normal', weight=350, stretch='normal', size='scalable')) = 10.0975
15:55:47 [DEBUG   ] matplotlib.font_manager - findfont: score(FontEntry(fname='C:\\Windows\\Fonts\\MTEXTRA.TTF', name='MT Extra', style='normal', variant='normal', weight=400, stretch='normal', size='scalable')) = 10.05
15:55:47 [DEBUG   ] matplotlib.font_manager - findfont: score(FontEntry(fname='C:\\Windows\\Fonts\\COOPBL.TTF', name='Cooper Black', style='normal', variant='normal', weight=400, stretch='normal', size='scalable')) = 10.05
15:55:47 [DEBUG   ] matplotlib.font_manager - findfont: score(FontEntry(fname='C:\\Windows\\Fonts\\verdanab.ttf', name='Verdana', style='normal', variant='normal', weight=700, stretch='normal', size='scalable')) = 3.9713636363636367
15:55:47 [DEBUG   ] matplotlib.font_manager - findfont: score(FontEntry(fname='C:\\Windows\\Fonts\\seguisb.ttf', name='Segoe UI', style='normal', variant='normal', weight=600, stretch='normal', size='scalable')) = 10.24
15:55:47 [DEBUG   ] matplotlib.font_manager - findfont: score(FontEntry(fname='C:\\Windows\\Fonts\\consolai.ttf', name='Consolas', style='italic', variant='normal', weight=400, stretch='normal', size='scalable')) = 11.05
15:55:47 [DEBUG   ] matplotlib.font_manager - findfont: score(FontEntry(fname='C:\\Program Files (x86)\\IBM\\SPSS\\Amos\\24\\JRE\\lib\\fonts\\LucidaSansRegular.ttf', name='Lucida Sans', style='normal', variant='normal', weight=400, stretch='normal', size='scalable')) = 10.05
15:55:47 [DEBUG   ] matplotlib.font_manager - findfont: score(FontEntry(fname='C:\\Windows\\Fonts\\GOTHICBI.TTF', name='Century Gothic', style='italic', variant='normal', weight=700, stretch='normal', size='scalable')) = 11.335
15:55:47 [DEBUG   ] matplotlib.font_manager - findfont: score(FontEntry(fname='C:\\Windows\\Fonts\\courbi.ttf', name='Courier New', style='italic', variant='normal', weight=700, stretch='normal', size='scalable')) = 11.335
15:55:47 [DEBUG   ] matplotlib.font_manager - findfont: score(FontEntry(fname='C:\\Windows\\Fonts\\corbel.ttf', name='Corbel', style='normal', variant='normal', weight=400, stretch='normal', size='scalable')) = 10.05
15:55:47 [DEBUG   ] matplotlib.font_manager - findfont: score(FontEntry(fname='C:\\Windows\\Fonts\\BKANT.TTF', name='Book Antiqua', style='normal', variant='normal', weight=400, stretch='normal', size='scalable')) = 10.05
15:55:47 [DEBUG   ] matplotlib.font_manager - findfont: score(FontEntry(fname='C:\\Windows\\Fonts\\LSANSD.TTF', name='Lucida Sans', style='normal', variant='normal', weight=600, stretch='normal', size='scalable')) = 10.24
15:55:47 [DEBUG   ] matplotlib.font_manager - findfont: score(FontEntry(fname='C:\\Windows\\Fonts\\BOD_BLAR.TTF', name='Bodoni MT', style='normal', variant='normal', weight=900, stretch='normal', size='scalable')) = 10.525
15:55:47 [DEBUG   ] matplotlib.font_manager - findfont: score(FontEntry(fname='C:\\Windows\\Fonts\\GOTHIC.TTF', name='Century Gothic', style='normal', variant='normal', weight=400, stretch='normal', size='scalable')) = 10.05
15:55:47 [DEBUG   ] matplotlib.font_manager - findfont: score(FontEntry(fname='C:\\Windows\\Fonts\\verdanai.ttf', name='Verdana', style='italic', variant='normal', weight=400, stretch='normal', size='scalable')) = 4.6863636363636365
15:55:47 [DEBUG   ] matplotlib.font_manager - findfont: score(FontEntry(fname='C:\\Windows\\Fonts\\YuGothB.ttc', name='Yu Gothic', style='normal', variant='normal', weight=700, stretch='normal', size='scalable')) = 10.335
15:55:47 [DEBUG   ] matplotlib.font_manager - findfont: score(FontEntry(fname='C:\\Windows\\Fonts\\SansSerifCollection.ttf', name='Sans Serif Collection', style='normal', variant='normal', weight=400, stretch='normal', size='scalable')) = 10.05
15:55:47 [DEBUG   ] matplotlib.font_manager - findfont: score(FontEntry(fname='C:\\Windows\\Fonts\\TCCB____.TTF', name='Tw Cen MT Condensed', style='normal', variant='normal', weight=700, stretch='condensed', size='scalable')) = 10.535
15:55:47 [DEBUG   ] matplotlib.font_manager - findfont: score(FontEntry(fname='C:\\Windows\\Fonts\\LSANSI.TTF', name='Lucida Sans', style='italic', variant='normal', weight=400, stretch='normal', size='scalable')) = 11.05
15:55:47 [DEBUG   ] matplotlib.font_manager - findfont: score(FontEntry(fname='C:\\Windows\\Fonts\\RAGE.TTF', name='Rage Italic', style='italic', variant='normal', weight=400, stretch='normal', size='scalable')) = 11.05
15:55:47 [DEBUG   ] matplotlib.font_manager - findfont: score(FontEntry(fname='C:\\Program Files (x86)\\IBM\\SPSS\\Amos\\24\\JRE\\lib\\fonts\\LucidaBrightDemiItalic.ttf', name='Lucida Bright', style='italic', variant='normal', weight=700, stretch='normal', size='scalable')) = 11.335
15:55:47 [DEBUG   ] matplotlib.font_manager - findfont: score(FontEntry(fname='C:\\Windows\\Fonts\\timesbd.ttf', name='Times New Roman', style='normal', variant='normal', weight=700, stretch='normal', size='scalable')) = 10.335
15:55:47 [DEBUG   ] matplotlib.font_manager - findfont: score(FontEntry(fname='C:\\Windows\\Fonts\\webdings.ttf', name='Webdings', style='normal', variant='normal', weight=400, stretch='normal', size='scalable')) = 10.05
15:55:47 [DEBUG   ] matplotlib.font_manager - findfont: score(FontEntry(fname='C:\\Windows\\Fonts\\ERASLGHT.TTF', name='Eras Light ITC', style='normal', variant='normal', weight=400, stretch='normal', size='scalable')) = 10.05
15:55:47 [DEBUG   ] matplotlib.font_manager - findfont: score(FontEntry(fname='C:\\Windows\\Fonts\\segoesc.ttf', name='Segoe Script', style='normal', variant='normal', weight=400, stretch='normal', size='scalable')) = 10.05
15:55:47 [DEBUG   ] matplotlib.font_manager - findfont: score(FontEntry(fname='C:\\Windows\\Fonts\\BRADHITC.TTF', name='Bradley Hand ITC', style='normal', variant='normal', weight=400, stretch='normal', size='scalable')) = 10.05
15:55:47 [DEBUG   ] matplotlib.font_manager - findfont: score(FontEntry(fname='C:\\Windows\\Fonts\\timesi.ttf', name='Times New Roman', style='italic', variant='normal', weight=400, stretch='normal', size='scalable')) = 11.05
15:55:47 [DEBUG   ] matplotlib.font_manager - findfont: score(FontEntry(fname='C:\\Windows\\Fonts\\ROCKB.TTF', name='Rockwell', style='normal', variant='normal', weight=700, stretch='normal', size='scalable')) = 10.335
15:55:47 [DEBUG   ] matplotlib.font_manager - findfont: score(FontEntry(fname='C:\\Windows\\Fonts\\SHOWG.TTF', name='Showcard Gothic', style='normal', variant='normal', weight=400, stretch='normal', size='scalable')) = 10.05
15:55:47 [DEBUG   ] matplotlib.font_manager - findfont: score(FontEntry(fname='C:\\Windows\\Fonts\\trebucbd.ttf', name='Trebuchet MS', style='normal', variant='normal', weight=700, stretch='normal', size='scalable')) = 10.335
15:55:47 [DEBUG   ] matplotlib.font_manager - findfont: score(FontEntry(fname='C:\\Windows\\Fonts\\BOOKOSBI.TTF', name='Bookman Old Style', style='italic', variant='normal', weight=600, stretch='normal', size='scalable')) = 11.24
15:55:47 [DEBUG   ] matplotlib.font_manager - findfont: score(FontEntry(fname='C:\\Windows\\Fonts\\TCCEB.TTF', name='Tw Cen MT Condensed Extra Bold', style='normal', variant='normal', weight=400, stretch='condensed', size='scalable')) = 10.25
15:55:47 [DEBUG   ] matplotlib.font_manager - findfont: score(FontEntry(fname='C:\\Windows\\Fonts\\constan.ttf', name='Constantia', style='normal', variant='normal', weight=400, stretch='normal', size='scalable')) = 10.05
15:55:47 [DEBUG   ] matplotlib.font_manager - findfont: score(FontEntry(fname='C:\\Windows\\Fonts\\CALISTBI.TTF', name='Calisto MT', style='italic', variant='normal', weight=700, stretch='normal', size='scalable')) = 11.335
15:55:47 [DEBUG   ] matplotlib.font_manager - findfont: score(FontEntry(fname='C:\\Windows\\Fonts\\FRABK.TTF', name='Franklin Gothic Book', style='normal', variant='normal', weight=400, stretch='normal', size='scalable')) = 10.05
15:55:47 [DEBUG   ] matplotlib.font_manager - findfont: score(FontEntry(fname='C:\\Windows\\Fonts\\HATTEN.TTF', name='Haettenschweiler', style='normal', variant='normal', weight=400, stretch='normal', size='scalable')) = 10.05
15:55:47 [DEBUG   ] matplotlib.font_manager - findfont: score(FontEntry(fname='C:\\Windows\\Fonts\\ARIALNB.TTF', name='Arial', style='normal', variant='normal', weight=700, stretch='condensed', size='scalable')) = 6.8986363636363635
15:55:47 [DEBUG   ] matplotlib.font_manager - findfont: score(FontEntry(fname='C:\\Windows\\Fonts\\malgunbd.ttf', name='Malgun Gothic', style='normal', variant='normal', weight=700, stretch='normal', size='scalable')) = 10.335
15:55:47 [DEBUG   ] matplotlib.font_manager - findfont: score(FontEntry(fname='C:\\Windows\\Fonts\\calibri.ttf', name='Calibri', style='normal', variant='normal', weight=400, stretch='normal', size='scalable')) = 10.05
15:55:47 [DEBUG   ] matplotlib.font_manager - findfont: score(FontEntry(fname='C:\\Windows\\Fonts\\TCBI____.TTF', name='Tw Cen MT', style='italic', variant='normal', weight=700, stretch='normal', size='scalable')) = 11.335
15:55:47 [DEBUG   ] matplotlib.font_manager - findfont: score(FontEntry(fname='C:\\Windows\\Fonts\\LEELAWDB.TTF', name='Leelawadee', style='normal', variant='normal', weight=700, stretch='normal', size='scalable')) = 10.335
15:55:47 [DEBUG   ] matplotlib.font_manager - findfont: score(FontEntry(fname='C:\\Windows\\Fonts\\verdanaz.ttf', name='Verdana', style='italic', variant='normal', weight=700, stretch='normal', size='scalable')) = 4.971363636363637
15:55:47 [DEBUG   ] matplotlib.font_manager - findfont: score(FontEntry(fname='C:\\Windows\\Fonts\\SimsunExtG.ttf', name='SimSun-ExtG', style='normal', variant='normal', weight=400, stretch='normal', size='scalable')) = 10.05
15:55:47 [DEBUG   ] matplotlib.font_manager - findfont: score(FontEntry(fname='C:\\Windows\\Fonts\\DUBAI-MEDIUM.TTF', name='Dubai', style='normal', variant='normal', weight=500, stretch='normal', size='scalable')) = 10.145
15:55:47 [DEBUG   ] matplotlib.font_manager - findfont: score(FontEntry(fname='C:\\Windows\\Fonts\\seguisym.ttf', name='Segoe UI Symbol', style='normal', variant='normal', weight=400, stretch='normal', size='scalable')) = 10.05
15:55:47 [DEBUG   ] matplotlib.font_manager - findfont: score(FontEntry(fname='C:\\Windows\\Fonts\\cambriai.ttf', name='Cambria', style='italic', variant='normal', weight=400, stretch='normal', size='scalable')) = 11.05
15:55:47 [DEBUG   ] matplotlib.font_manager - findfont: score(FontEntry(fname='C:\\Windows\\Fonts\\PAPYRUS.TTF', name='Papyrus', style='normal', variant='normal', weight=400, stretch='normal', size='scalable')) = 10.05
15:55:47 [DEBUG   ] matplotlib.font_manager - findfont: score(FontEntry(fname='C:\\Windows\\Fonts\\MSUIGHUB.TTF', name='Microsoft Uighur', style='normal', variant='normal', weight=700, stretch='normal', size='scalable')) = 10.335
15:55:47 [DEBUG   ] matplotlib.font_manager - findfont: score(FontEntry(fname='C:\\Windows\\Fonts\\MOD20.TTF', name='Modern No. 20', style='normal', variant='normal', weight=400, stretch='normal', size='scalable')) = 10.05
15:55:47 [DEBUG   ] matplotlib.font_manager - findfont: score(FontEntry(fname='C:\\Program Files (x86)\\IBM\\SPSS\\Amos\\24\\JRE\\lib\\fonts\\LucidaSansDemiBold.ttf', name='Lucida Sans', style='normal', variant='normal', weight=700, stretch='normal', size='scalable')) = 10.335
15:55:47 [DEBUG   ] matplotlib.font_manager - findfont: score(FontEntry(fname='C:\\Windows\\Fonts\\RAVIE.TTF', name='Ravie', style='normal', variant='normal', weight=400, stretch='normal', size='scalable')) = 10.05
15:55:47 [DEBUG   ] matplotlib.font_manager - findfont: score(FontEntry(fname='C:\\Windows\\Fonts\\PERTIBD.TTF', name='Perpetua Titling MT', style='normal', variant='normal', weight=700, stretch='normal', size='scalable')) = 10.335
15:55:47 [DEBUG   ] matplotlib.font_manager - findfont: score(FontEntry(fname='C:\\Windows\\Fonts\\LHANDW.TTF', name='Lucida Handwriting', style='italic', variant='normal', weight=400, stretch='normal', size='scalable')) = 11.05
15:55:47 [DEBUG   ] matplotlib.font_manager - findfont: score(FontEntry(fname='C:\\Windows\\Fonts\\FRABKIT.TTF', name='Franklin Gothic Book', style='italic', variant='normal', weight=400, stretch='normal', size='scalable')) = 11.05
15:55:47 [DEBUG   ] matplotlib.font_manager - findfont: score(FontEntry(fname='C:\\Program Files (x86)\\Adobe\\Acrobat DC\\Resource\\Font\\AdobeDevanagari-Italic.otf', name='Adobe Devanagari', style='italic', variant='normal', weight=400, stretch='normal', size='scalable')) = 11.05
15:55:47 [DEBUG   ] matplotlib.font_manager - findfont: score(FontEntry(fname='C:\\Windows\\Fonts\\taile.ttf', name='Microsoft Tai Le', style='normal', variant='normal', weight=400, stretch='normal', size='scalable')) = 10.05
15:55:47 [DEBUG   ] matplotlib.font_manager - findfont: score(FontEntry(fname='C:\\Windows\\Fonts\\segoeuisl.ttf', name='Segoe UI', style='normal', variant='normal', weight=350, stretch='normal', size='scalable')) = 10.0975
15:55:47 [DEBUG   ] matplotlib.font_manager - findfont: score(FontEntry(fname='C:\\Windows\\Fonts\\MSUIGHUR.TTF', name='Microsoft Uighur', style='normal', variant='normal', weight=400, stretch='normal', size='scalable')) = 10.05
15:55:47 [DEBUG   ] matplotlib.font_manager - findfont: score(FontEntry(fname='C:\\Windows\\Fonts\\NIAGENG.TTF', name='Niagara Engraved', style='normal', variant='normal', weight=400, stretch='normal', size='scalable')) = 10.05
15:55:47 [DEBUG   ] matplotlib.font_manager - findfont: score(FontEntry(fname='C:\\Windows\\Fonts\\KUNSTLER.TTF', name='Kunstler Script', style='normal', variant='normal', weight=400, stretch='normal', size='scalable')) = 10.05
15:55:47 [DEBUG   ] matplotlib.font_manager - findfont: score(FontEntry(fname='C:\\Windows\\Fonts\\PERBI___.TTF', name='Perpetua', style='italic', variant='normal', weight=700, stretch='normal', size='scalable')) = 11.335
15:55:47 [DEBUG   ] matplotlib.font_manager - findfont: score(FontEntry(fname='C:\\Windows\\Fonts\\ELEPHNT.TTF', name='Elephant', style='normal', variant='normal', weight=400, stretch='normal', size='scalable')) = 10.05
15:55:47 [DEBUG   ] matplotlib.font_manager - findfont: score(FontEntry(fname='C:\\Windows\\Fonts\\GARA.TTF', name='Garamond', style='normal', variant='normal', weight=400, stretch='normal', size='scalable')) = 10.05
15:55:47 [DEBUG   ] matplotlib.font_manager - findfont: score(FontEntry(fname='C:\\Windows\\Fonts\\msyh.ttc', name='Microsoft YaHei', style='normal', variant='normal', weight=400, stretch='normal', size='scalable')) = 10.05
15:55:47 [DEBUG   ] matplotlib.font_manager - findfont: score(FontEntry(fname='C:\\Windows\\Fonts\\LEELAWAD.TTF', name='Leelawadee', style='normal', variant='normal', weight=400, stretch='normal', size='scalable')) = 10.05
15:55:47 [DEBUG   ] matplotlib.font_manager - findfont: score(FontEntry(fname='C:\\Windows\\Fonts\\constanb.ttf', name='Constantia', style='normal', variant='normal', weight=700, stretch='normal', size='scalable')) = 10.335
15:55:47 [DEBUG   ] matplotlib.font_manager - findfont: score(FontEntry(fname='C:\\Windows\\Fonts\\BOD_CR.TTF', name='Bodoni MT', style='normal', variant='normal', weight=400, stretch='condensed', size='scalable')) = 10.25
15:55:47 [DEBUG   ] matplotlib.font_manager - findfont: score(FontEntry(fname='C:\\Windows\\Fonts\\TCCM____.TTF', name='Tw Cen MT Condensed', style='normal', variant='normal', weight=400, stretch='condensed', size='scalable')) = 10.25
15:55:47 [DEBUG   ] matplotlib.font_manager - findfont: score(FontEntry(fname='C:\\Windows\\Fonts\\OCRAEXT.TTF', name='OCR A Extended', style='normal', variant='normal', weight=400, stretch='expanded', size='scalable')) = 10.25
15:55:47 [DEBUG   ] matplotlib.font_manager - findfont: score(FontEntry(fname='C:\\Windows\\Fonts\\IMPRISHA.TTF', name='Imprint MT Shadow', style='normal', variant='normal', weight=400, stretch='normal', size='scalable')) = 10.05
15:55:47 [DEBUG   ] matplotlib.font_manager - findfont: score(FontEntry(fname='C:\\Windows\\Fonts\\symbol.ttf', name='Symbol', style='normal', variant='normal', weight=400, stretch='normal', size='scalable')) = 10.05
15:55:47 [DEBUG   ] matplotlib.font_manager - findfont: score(FontEntry(fname='C:\\Windows\\Fonts\\constanz.ttf', name='Constantia', style='italic', variant='normal', weight=700, stretch='normal', size='scalable')) = 11.335
15:55:47 [DEBUG   ] matplotlib.font_manager - findfont: score(FontEntry(fname='C:\\Windows\\Fonts\\Inkfree.ttf', name='Ink Free', style='normal', variant='normal', weight=400, stretch='normal', size='scalable')) = 10.05
15:55:47 [DEBUG   ] matplotlib.font_manager - findfont: score(FontEntry(fname='C:\\Windows\\Fonts\\GILLUBCD.TTF', name='Gill Sans Ultra Bold Condensed', style='normal', variant='normal', weight=400, stretch='condensed', size='scalable')) = 10.25
15:55:47 [DEBUG   ] matplotlib.font_manager - findfont: score(FontEntry(fname='C:\\Windows\\Fonts\\HARLOWSI.TTF', name='Harlow Solid Italic', style='italic', variant='normal', weight=400, stretch='normal', size='scalable')) = 11.05
15:55:47 [DEBUG   ] matplotlib.font_manager - findfont: score(FontEntry(fname='C:\\Windows\\Fonts\\taileb.ttf', name='Microsoft Tai Le', style='normal', variant='normal', weight=700, stretch='normal', size='scalable')) = 10.335
15:55:47 [DEBUG   ] matplotlib.font_manager - findfont: score(FontEntry(fname='C:\\Program Files (x86)\\IBM\\SPSS\\Amos\\24\\JRE\\lib\\fonts\\LucidaBrightDemiBold.ttf', name='Lucida Bright', style='normal', variant='normal', weight=700, stretch='normal', size='scalable')) = 10.335
15:55:47 [DEBUG   ] matplotlib.font_manager - findfont: score(FontEntry(fname='C:\\Windows\\Fonts\\STENCIL.TTF', name='Stencil', style='normal', variant='normal', weight=400, stretch='normal', size='scalable')) = 10.05
15:55:47 [DEBUG   ] matplotlib.font_manager - findfont: score(FontEntry(fname='C:\\Windows\\Fonts\\BRITANIC.TTF', name='Britannic Bold', style='normal', variant='normal', weight=400, stretch='normal', size='scalable')) = 10.05
15:55:47 [DEBUG   ] matplotlib.font_manager - findfont: score(FontEntry(fname='C:\\Windows\\Fonts\\malgun.ttf', name='Malgun Gothic', style='normal', variant='normal', weight=400, stretch='normal', size='scalable')) = 10.05
15:55:47 [DEBUG   ] matplotlib.font_manager - findfont: score(FontEntry(fname='C:\\Windows\\Fonts\\ntailu.ttf', name='Microsoft New Tai Lue', style='normal', variant='normal', weight=400, stretch='normal', size='scalable')) = 10.05
15:55:47 [DEBUG   ] matplotlib.font_manager - findfont: score(FontEntry(fname='C:\\Windows\\Fonts\\BRLNSR.TTF', name='Berlin Sans FB', style='normal', variant='normal', weight=400, stretch='normal', size='scalable')) = 10.05
15:55:47 [DEBUG   ] matplotlib.font_manager - findfont: score(FontEntry(fname='C:\\Windows\\Fonts\\mingliub.ttc', name='MingLiU-ExtB', style='normal', variant='normal', weight=400, stretch='normal', size='scalable')) = 10.05
15:55:47 [DEBUG   ] matplotlib.font_manager - findfont: score(FontEntry(fname='C:\\Windows\\Fonts\\BOOKOS.TTF', name='Bookman Old Style', style='normal', variant='normal', weight=300, stretch='normal', size='scalable')) = 10.145
15:55:47 [DEBUG   ] matplotlib.font_manager - findfont: score(FontEntry(fname='C:\\Windows\\Fonts\\GILSANUB.TTF', name='Gill Sans Ultra Bold', style='normal', variant='normal', weight=400, stretch='normal', size='scalable')) = 10.05
15:55:47 [DEBUG   ] matplotlib.font_manager - findfont: score(FontEntry(fname='C:\\Windows\\Fonts\\calibril.ttf', name='Calibri', style='normal', variant='normal', weight=300, stretch='normal', size='scalable')) = 10.145
15:55:47 [DEBUG   ] matplotlib.font_manager - findfont: score(FontEntry(fname='C:\\Windows\\Fonts\\WINGDNG2.TTF', name='Wingdings 2', style='normal', variant='normal', weight=400, stretch='normal', size='scalable')) = 10.05
15:55:47 [DEBUG   ] matplotlib.font_manager - findfont: score(FontEntry(fname='C:\\Windows\\Fonts\\FRAMDCN.TTF', name='Franklin Gothic Medium Cond', style='normal', variant='normal', weight=400, stretch='condensed', size='scalable')) = 10.25
15:55:47 [DEBUG   ] matplotlib.font_manager - findfont: score(FontEntry(fname='C:\\Windows\\Fonts\\BAUHS93.TTF', name='Bauhaus 93', style='normal', variant='normal', weight=400, stretch='normal', size='scalable')) = 10.05
15:55:47 [DEBUG   ] matplotlib.font_manager - findfont: score(FontEntry(fname='C:\\Windows\\Fonts\\ebrimabd.ttf', name='Ebrima', style='normal', variant='normal', weight=700, stretch='normal', size='scalable')) = 10.335
15:55:47 [DEBUG   ] matplotlib.font_manager - findfont: score(FontEntry(fname='C:\\Windows\\Fonts\\LFAXD.TTF', name='Lucida Fax', style='normal', variant='normal', weight=600, stretch='normal', size='scalable')) = 10.24
15:55:47 [DEBUG   ] matplotlib.font_manager - findfont: score(FontEntry(fname='C:\\Windows\\Fonts\\framd.ttf', name='Franklin Gothic Medium', style='normal', variant='normal', weight=400, stretch='normal', size='scalable')) = 10.05
15:55:47 [DEBUG   ] matplotlib.font_manager - findfont: score(FontEntry(fname='C:\\Windows\\Fonts\\ANTQUABI.TTF', name='Book Antiqua', style='italic', variant='normal', weight=700, stretch='normal', size='scalable')) = 11.335
15:55:47 [DEBUG   ] matplotlib.font_manager - findfont: score(FontEntry(fname='C:\\Windows\\Fonts\\mmrtext.ttf', name='Myanmar Text', style='normal', variant='normal', weight=400, stretch='normal', size='scalable')) = 10.05
15:55:47 [DEBUG   ] matplotlib.font_manager - findfont: score(FontEntry(fname='C:\\Windows\\Fonts\\GOTHICI.TTF', name='Century Gothic', style='italic', variant='normal', weight=400, stretch='normal', size='scalable')) = 11.05
15:55:47 [DEBUG   ] matplotlib.font_manager - findfont: score(FontEntry(fname='C:\\Windows\\Fonts\\ANTQUAB.TTF', name='Book Antiqua', style='normal', variant='normal', weight=700, stretch='normal', size='scalable')) = 10.335
15:55:47 [DEBUG   ] matplotlib.font_manager - findfont: score(FontEntry(fname='C:\\Windows\\Fonts\\GOTHICB.TTF', name='Century Gothic', style='normal', variant='normal', weight=700, stretch='normal', size='scalable')) = 10.335
15:55:47 [DEBUG   ] matplotlib.font_manager - findfont: score(FontEntry(fname='C:\\Windows\\Fonts\\arialbi.ttf', name='Arial', style='italic', variant='normal', weight=700, stretch='normal', size='scalable')) = 7.698636363636363
15:55:47 [DEBUG   ] matplotlib.font_manager - findfont: score(FontEntry(fname='C:\\Windows\\Fonts\\WINGDNG3.TTF', name='Wingdings 3', style='normal', variant='normal', weight=400, stretch='normal', size='scalable')) = 10.05
15:55:47 [DEBUG   ] matplotlib.font_manager - findfont: score(FontEntry(fname='C:\\Windows\\Fonts\\cour.ttf', name='Courier New', style='normal', variant='normal', weight=400, stretch='normal', size='scalable')) = 10.05
15:55:47 [DEBUG   ] matplotlib.font_manager - findfont: score(FontEntry(fname='C:\\Windows\\Fonts\\verdana.ttf', name='Verdana', style='normal', variant='normal', weight=400, stretch='normal', size='scalable')) = 3.6863636363636365
15:55:47 [DEBUG   ] matplotlib.font_manager - findfont: score(FontEntry(fname='C:\\Windows\\Fonts\\SegoeIcons.ttf', name='Segoe Fluent Icons', style='normal', variant='normal', weight=400, stretch='normal', size='scalable')) = 10.05
15:55:47 [DEBUG   ] matplotlib.font_manager - findfont: score(FontEntry(fname='C:\\Windows\\Fonts\\VINERITC.TTF', name='Viner Hand ITC', style='normal', variant='normal', weight=400, stretch='normal', size='scalable')) = 10.05
15:55:47 [DEBUG   ] matplotlib.font_manager - findfont: score(FontEntry(fname='C:\\Windows\\Fonts\\msjhl.ttc', name='Microsoft JhengHei', style='normal', variant='normal', weight=290, stretch='normal', size='scalable')) = 10.1545
15:55:47 [DEBUG   ] matplotlib.font_manager - findfont: score(FontEntry(fname='C:\\Windows\\Fonts\\segoeuiz.ttf', name='Segoe UI', style='italic', variant='normal', weight=700, stretch='normal', size='scalable')) = 11.335
15:55:47 [DEBUG   ] matplotlib.font_manager - findfont: score(FontEntry(fname='C:\\Windows\\Fonts\\simsunb.ttf', name='SimSun-ExtB', style='normal', variant='normal', weight=400, stretch='normal', size='scalable')) = 10.05
15:55:47 [DEBUG   ] matplotlib.font_manager - findfont: score(FontEntry(fname='C:\\Program Files (x86)\\Adobe\\Acrobat DC\\Resource\\Font\\AdobeDevanagari-BoldItalic.otf', name='Adobe Devanagari', style='italic', variant='normal', weight=700, stretch='normal', size='scalable')) = 11.335
15:55:47 [DEBUG   ] matplotlib.font_manager - findfont: score(FontEntry(fname='C:\\Windows\\Fonts\\ebrima.ttf', name='Ebrima', style='normal', variant='normal', weight=400, stretch='normal', size='scalable')) = 10.05
15:55:47 [DEBUG   ] matplotlib.font_manager - findfont: score(FontEntry(fname='C:\\Windows\\Fonts\\seguibl.ttf', name='Segoe UI', style='normal', variant='normal', weight=900, stretch='normal', size='scalable')) = 10.525
15:55:47 [DEBUG   ] matplotlib.font_manager - findfont: score(FontEntry(fname='C:\\Windows\\Fonts\\OLDENGL.TTF', name='Old English Text MT', style='normal', variant='normal', weight=400, stretch='normal', size='scalable')) = 10.05
15:55:47 [DEBUG   ] matplotlib.font_manager - findfont: score(FontEntry(fname='C:\\Windows\\Fonts\\MISTRAL.TTF', name='Mistral', style='normal', variant='normal', weight=400, stretch='normal', size='scalable')) = 10.05
15:55:47 [DEBUG   ] matplotlib.font_manager - findfont: score(FontEntry(fname='C:\\Windows\\Fonts\\LATINWD.TTF', name='Wide Latin', style='normal', variant='normal', weight=400, stretch='expanded', size='scalable')) = 10.25
15:55:47 [DEBUG   ] matplotlib.font_manager - findfont: score(FontEntry(fname='C:\\Windows\\Fonts\\ariali.ttf', name='Arial', style='italic', variant='normal', weight=400, stretch='normal', size='scalable')) = 7.413636363636363
15:55:47 [DEBUG   ] matplotlib.font_manager - findfont: score(FontEntry(fname='C:\\Windows\\Fonts\\bahnschrift.ttf', name='Bahnschrift', style='normal', variant='normal', weight=400, stretch='normal', size='scalable')) = 10.05
15:55:47 [DEBUG   ] matplotlib.font_manager - findfont: score(FontEntry(fname='C:\\Windows\\Fonts\\gadugib.ttf', name='Gadugi', style='normal', variant='normal', weight=700, stretch='normal', size='scalable')) = 10.335
15:55:47 [DEBUG   ] matplotlib.font_manager - findfont: score(FontEntry(fname='C:\\Windows\\Fonts\\BELL.TTF', name='Bell MT', style='normal', variant='normal', weight=400, stretch='normal', size='scalable')) = 10.05
15:55:47 [DEBUG   ] matplotlib.font_manager - findfont: score(FontEntry(fname='C:\\Windows\\Fonts\\FREESCPT.TTF', name='Freestyle Script', style='normal', variant='normal', weight=400, stretch='normal', size='scalable')) = 10.05
15:55:47 [DEBUG   ] matplotlib.font_manager - findfont: score(FontEntry(fname='C:\\Windows\\Fonts\\ROCKBI.TTF', name='Rockwell', style='italic', variant='normal', weight=700, stretch='normal', size='scalable')) = 11.335
15:55:47 [DEBUG   ] matplotlib.font_manager - findfont: score(FontEntry(fname='C:\\Windows\\Fonts\\MAGNETOB.TTF', name='Magneto', style='normal', variant='normal', weight=700, stretch='normal', size='scalable')) = 10.335
15:55:47 [DEBUG   ] matplotlib.font_manager - findfont: score(FontEntry(fname='C:\\Windows\\Fonts\\msjhbd.ttc', name='Microsoft JhengHei', style='normal', variant='normal', weight=700, stretch='normal', size='scalable')) = 10.335
15:55:47 [DEBUG   ] matplotlib.font_manager - findfont: score(FontEntry(fname='C:\\Windows\\Fonts\\palab.ttf', name='Palatino Linotype', style='normal', variant='normal', weight=700, stretch='normal', size='scalable')) = 10.335
15:55:47 [DEBUG   ] matplotlib.font_manager - findfont: score(FontEntry(fname='C:\\Windows\\Fonts\\DUBAI-REGULAR.TTF', name='Dubai', style='normal', variant='normal', weight=400, stretch='normal', size='scalable')) = 10.05
15:55:47 [DEBUG   ] matplotlib.font_manager - findfont: score(FontEntry(fname='C:\\Windows\\Fonts\\msjh.ttc', name='Microsoft JhengHei', style='normal', variant='normal', weight=400, stretch='normal', size='scalable')) = 10.05
15:55:47 [DEBUG   ] matplotlib.font_manager - findfont: score(FontEntry(fname='C:\\Windows\\Fonts\\MAIAN.TTF', name='Maiandra GD', style='normal', variant='normal', weight=400, stretch='normal', size='scalable')) = 10.05
15:55:47 [DEBUG   ] matplotlib.font_manager - findfont: score(FontEntry(fname='C:\\Windows\\Fonts\\FRSCRIPT.TTF', name='French Script MT', style='normal', variant='normal', weight=400, stretch='normal', size='scalable')) = 10.05
15:55:47 [DEBUG   ] matplotlib.font_manager - findfont: score(FontEntry(fname='C:\\Program Files (x86)\\IBM\\SPSS\\Amos\\24\\JRE\\lib\\fonts\\LucidaTypewriterRegular.ttf', name='Lucida Sans Typewriter', style='normal', variant='normal', weight=400, stretch='normal', size='scalable')) = 10.05
15:55:47 [DEBUG   ] matplotlib.font_manager - findfont: score(FontEntry(fname='C:\\Windows\\Fonts\\cambria.ttc', name='Cambria', style='normal', variant='normal', weight=400, stretch='normal', size='scalable')) = 10.05
15:55:47 [DEBUG   ] matplotlib.font_manager - findfont: score(FontEntry(fname='C:\\Windows\\Fonts\\msyhbd.ttc', name='Microsoft YaHei', style='normal', variant='normal', weight=700, stretch='normal', size='scalable')) = 10.335
15:55:47 [DEBUG   ] matplotlib.font_manager - findfont: score(FontEntry(fname='C:\\Windows\\Fonts\\FRADMIT.TTF', name='Franklin Gothic Demi', style='italic', variant='normal', weight=400, stretch='normal', size='scalable')) = 11.05
15:55:47 [DEBUG   ] matplotlib.font_manager - findfont: score(FontEntry(fname='C:\\Windows\\Fonts\\phagspab.ttf', name='Microsoft PhagsPa', style='normal', variant='normal', weight=700, stretch='normal', size='scalable')) = 10.335
15:55:47 [DEBUG   ] matplotlib.font_manager - findfont: score(FontEntry(fname='C:\\Windows\\Fonts\\TCMI____.TTF', name='Tw Cen MT', style='italic', variant='normal', weight=400, stretch='normal', size='scalable')) = 11.05
15:55:47 [DEBUG   ] matplotlib.font_manager - findfont: score(FontEntry(fname='C:\\Windows\\Fonts\\BOD_CBI.TTF', name='Bodoni MT', style='italic', variant='normal', weight=700, stretch='condensed', size='scalable')) = 11.535
15:55:47 [DEBUG   ] matplotlib.font_manager - findfont: score(FontEntry(fname='C:\\Windows\\Fonts\\calibriz.ttf', name='Calibri', style='italic', variant='normal', weight=700, stretch='normal', size='scalable')) = 11.335
15:55:47 [DEBUG   ] matplotlib.font_manager - findfont: score(FontEntry(fname='C:\\Windows\\Fonts\\seguibli.ttf', name='Segoe UI', style='italic', variant='normal', weight=900, stretch='normal', size='scalable')) = 11.525
15:55:47 [DEBUG   ] matplotlib.font_manager - findfont: score(FontEntry(fname='C:\\Windows\\Fonts\\courbd.ttf', name='Courier New', style='normal', variant='normal', weight=700, stretch='normal', size='scalable')) = 10.335
15:55:47 [DEBUG   ] matplotlib.font_manager - findfont: score(FontEntry(fname='C:\\Windows\\Fonts\\BOD_PSTC.TTF', name='Bodoni MT', style='normal', variant='normal', weight=300, stretch='normal', size='scalable')) = 10.145
15:55:47 [DEBUG   ] matplotlib.font_manager - findfont: score(FontEntry(fname='C:\\Windows\\Fonts\\cambriab.ttf', name='Cambria', style='normal', variant='normal', weight=700, stretch='normal', size='scalable')) = 10.335
15:55:47 [DEBUG   ] matplotlib.font_manager - findfont: score(FontEntry(fname='C:\\Windows\\Fonts\\georgiai.ttf', name='Georgia', style='italic', variant='normal', weight=400, stretch='normal', size='scalable')) = 11.05
15:55:47 [DEBUG   ] matplotlib.font_manager - findfont: score(FontEntry(fname='C:\\Windows\\Fonts\\CALIFI.TTF', name='Californian FB', style='italic', variant='normal', weight=400, stretch='normal', size='scalable')) = 11.05
15:55:47 [DEBUG   ] matplotlib.font_manager - findfont: score(FontEntry(fname='C:\\Windows\\Fonts\\mmrtextb.ttf', name='Myanmar Text', style='normal', variant='normal', weight=700, stretch='normal', size='scalable')) = 10.335
15:55:47 [DEBUG   ] matplotlib.font_manager - findfont: score(FontEntry(fname='C:\\Windows\\Fonts\\SCHLBKB.TTF', name='Century Schoolbook', style='normal', variant='normal', weight=700, stretch='normal', size='scalable')) = 10.335
15:55:47 [DEBUG   ] matplotlib.font_manager - findfont: score(FontEntry(fname='C:\\Windows\\Fonts\\OUTLOOK.TTF', name='MS Outlook', style='normal', variant='normal', weight=400, stretch='normal', size='scalable')) = 10.05
15:55:47 [DEBUG   ] matplotlib.font_manager - findfont: score(FontEntry(fname='C:\\Windows\\Fonts\\georgia.ttf', name='Georgia', style='normal', variant='normal', weight=400, stretch='normal', size='scalable')) = 10.05
15:55:47 [DEBUG   ] matplotlib.font_manager - findfont: score(FontEntry(fname='C:\\Windows\\Fonts\\BELLB.TTF', name='Bell MT', style='normal', variant='normal', weight=700, stretch='normal', size='scalable')) = 10.335
15:55:47 [DEBUG   ] matplotlib.font_manager - findfont: score(FontEntry(fname='C:\\Windows\\Fonts\\ERASDEMI.TTF', name='Eras Demi ITC', style='normal', variant='normal', weight=400, stretch='normal', size='scalable')) = 10.05
15:55:47 [DEBUG   ] matplotlib.font_manager - findfont: score(FontEntry(fname='C:\\Windows\\Fonts\\framdit.ttf', name='Franklin Gothic Medium', style='italic', variant='normal', weight=400, stretch='normal', size='scalable')) = 11.05
15:55:47 [DEBUG   ] matplotlib.font_manager - findfont: score(FontEntry(fname='C:\\Windows\\Fonts\\GOUDYSTO.TTF', name='Goudy Stout', style='normal', variant='normal', weight=400, stretch='normal', size='scalable')) = 10.05
15:55:47 [DEBUG   ] matplotlib.font_manager - findfont: score(FontEntry(fname='C:\\Windows\\Fonts\\CALIST.TTF', name='Calisto MT', style='normal', variant='normal', weight=400, stretch='normal', size='scalable')) = 10.05
15:55:47 [DEBUG   ] matplotlib.font_manager - findfont: score(FontEntry(fname='C:\\Program Files (x86)\\IBM\\SPSS\\Amos\\24\\JRE\\lib\\fonts\\LucidaBrightItalic.ttf', name='Lucida Bright', style='italic', variant='normal', weight=400, stretch='normal', size='scalable')) = 11.05
15:55:47 [DEBUG   ] matplotlib.font_manager - findfont: score(FontEntry(fname='C:\\Windows\\Fonts\\CHILLER.TTF', name='Chiller', style='normal', variant='normal', weight=400, stretch='normal', size='scalable')) = 10.05
15:55:47 [DEBUG   ] matplotlib.font_manager - findfont: score(FontEntry(fname='C:\\Windows\\Fonts\\ZWAdobeF.TTF', name='ZWAdobeF', style='normal', variant='normal', weight=400, stretch='normal', size='scalable')) = 10.05
15:55:47 [DEBUG   ] matplotlib.font_manager - findfont: score(FontEntry(fname='C:\\Windows\\Fonts\\monbaiti.ttf', name='Mongolian Baiti', style='normal', variant='normal', weight=400, stretch='normal', size='scalable')) = 10.05
15:55:47 [DEBUG   ] matplotlib.font_manager - findfont: score(FontEntry(fname='C:\\Windows\\Fonts\\GILI____.TTF', name='Gill Sans MT', style='italic', variant='normal', weight=400, stretch='normal', size='scalable')) = 11.05
15:55:47 [DEBUG   ] matplotlib.font_manager - findfont: score(FontEntry(fname='C:\\Windows\\Fonts\\SCHLBKI.TTF', name='Century Schoolbook', style='italic', variant='normal', weight=400, stretch='normal', size='scalable')) = 11.05
15:55:47 [DEBUG   ] matplotlib.font_manager - findfont: score(FontEntry(fname='C:\\Windows\\Fonts\\BRUSHSCI.TTF', name='Brush Script MT', style='italic', variant='normal', weight=400, stretch='normal', size='scalable')) = 11.05
15:55:47 [DEBUG   ] matplotlib.font_manager - findfont: score(FontEntry(fname='C:\\Windows\\Fonts\\georgiaz.ttf', name='Georgia', style='italic', variant='normal', weight=700, stretch='normal', size='scalable')) = 11.335
15:55:47 [DEBUG   ] matplotlib.font_manager - findfont: score(FontEntry(fname='C:\\Windows\\Fonts\\corbelz.ttf', name='Corbel', style='italic', variant='normal', weight=700, stretch='normal', size='scalable')) = 11.335
15:55:47 [DEBUG   ] matplotlib.font_manager - findfont: score(FontEntry(fname='C:\\Windows\\Fonts\\INFROMAN.TTF', name='Informal Roman', style='normal', variant='normal', weight=400, stretch='normal', size='scalable')) = 10.05
15:55:47 [DEBUG   ] matplotlib.font_manager - findfont: score(FontEntry(fname='C:\\Windows\\Fonts\\Candarab.ttf', name='Candara', style='normal', variant='normal', weight=700, stretch='normal', size='scalable')) = 10.335
15:55:47 [DEBUG   ] matplotlib.font_manager - findfont: score(FontEntry(fname='C:\\Windows\\Fonts\\FRAHVIT.TTF', name='Franklin Gothic Heavy', style='italic', variant='normal', weight=400, stretch='normal', size='scalable')) = 11.05
15:55:47 [DEBUG   ] matplotlib.font_manager - findfont: score(FontEntry(fname='C:\\Windows\\Fonts\\Candaral.ttf', name='Candara', style='normal', variant='normal', weight=400, stretch='normal', size='scalable')) = 10.05
15:55:47 [DEBUG   ] matplotlib.font_manager - findfont: score(FontEntry(fname='C:\\Windows\\Fonts\\ITCKRIST.TTF', name='Kristen ITC', style='normal', variant='normal', weight=400, stretch='normal', size='scalable')) = 10.05
15:55:47 [DEBUG   ] matplotlib.font_manager - findfont: score(FontEntry(fname='C:\\Windows\\Fonts\\ENGR.TTF', name='Engravers MT', style='normal', variant='normal', weight=500, stretch='normal', size='scalable')) = 10.145
15:55:47 [DEBUG   ] matplotlib.font_manager - findfont: score(FontEntry(fname='C:\\Windows\\Fonts\\ITCBLKAD.TTF', name='Blackadder ITC', style='normal', variant='normal', weight=400, stretch='normal', size='scalable')) = 10.05
15:55:47 [DEBUG   ] matplotlib.font_manager - findfont: score(FontEntry(fname='C:\\Windows\\Fonts\\seguisbi.ttf', name='Segoe UI', style='italic', variant='normal', weight=600, stretch='normal', size='scalable')) = 11.24
15:55:47 [DEBUG   ] matplotlib.font_manager - findfont: score(FontEntry(fname='C:\\Windows\\Fonts\\GLSNECB.TTF', name='Gill Sans MT Ext Condensed Bold', style='normal', variant='normal', weight=400, stretch='condensed', size='scalable')) = 10.25
15:55:47 [DEBUG   ] matplotlib.font_manager - findfont: score(FontEntry(fname='C:\\Windows\\Fonts\\VIVALDII.TTF', name='Vivaldi', style='italic', variant='normal', weight=400, stretch='normal', size='scalable')) = 11.05
15:55:47 [DEBUG   ] matplotlib.font_manager - findfont: score(FontEntry(fname='C:\\Windows\\Fonts\\SegUIVar.ttf', name='Segoe UI Variable', style='normal', variant='normal', weight=400, stretch='normal', size='scalable')) = 10.05
15:55:47 [DEBUG   ] matplotlib.font_manager - findfont: score(FontEntry(fname='C:\\Windows\\Fonts\\LFAXDI.TTF', name='Lucida Fax', style='italic', variant='normal', weight=600, stretch='normal', size='scalable')) = 11.24
15:55:47 [DEBUG   ] matplotlib.font_manager - findfont: score(FontEntry(fname='C:\\Windows\\Fonts\\CALIFB.TTF', name='Californian FB', style='normal', variant='normal', weight=700, stretch='normal', size='scalable')) = 10.335
15:55:47 [DEBUG   ] matplotlib.font_manager - findfont: score(FontEntry(fname='C:\\Windows\\Fonts\\segmdl2.ttf', name='Segoe MDL2 Assets', style='normal', variant='normal', weight=400, stretch='normal', size='scalable')) = 10.05
15:55:47 [DEBUG   ] matplotlib.font_manager - findfont: score(FontEntry(fname='C:\\Windows\\Fonts\\LBRITE.TTF', name='Lucida Bright', style='normal', variant='normal', weight=400, stretch='normal', size='scalable')) = 10.05
15:55:47 [DEBUG   ] matplotlib.font_manager - findfont: score(FontEntry(fname='C:\\Windows\\Fonts\\AGENCYR.TTF', name='Agency FB', style='normal', variant='normal', weight=400, stretch='normal', size='scalable')) = 10.05
15:55:47 [DEBUG   ] matplotlib.font_manager - findfont: score(FontEntry(fname='C:\\Windows\\Fonts\\CURLZ___.TTF', name='Curlz MT', style='normal', variant='normal', weight=400, stretch='normal', size='scalable')) = 10.05
15:55:47 [DEBUG   ] matplotlib.font_manager - findfont: score(FontEntry(fname='C:\\Windows\\Fonts\\trebucit.ttf', name='Trebuchet MS', style='italic', variant='normal', weight=400, stretch='normal', size='scalable')) = 11.05
15:55:47 [DEBUG   ] matplotlib.font_manager - findfont: score(FontEntry(fname='C:\\Windows\\Fonts\\seguili.ttf', name='Segoe UI', style='italic', variant='normal', weight=300, stretch='normal', size='scalable')) = 11.145
15:55:47 [DEBUG   ] matplotlib.font_manager - findfont: score(FontEntry(fname='C:\\Windows\\Fonts\\GIGI.TTF', name='Gigi', style='normal', variant='normal', weight=400, stretch='normal', size='scalable')) = 10.05
15:55:47 [DEBUG   ] matplotlib.font_manager - findfont: score(FontEntry(fname='C:\\Windows\\Fonts\\cambriaz.ttf', name='Cambria', style='italic', variant='normal', weight=700, stretch='normal', size='scalable')) = 11.335
15:55:47 [DEBUG   ] matplotlib.font_manager - findfont: score(FontEntry(fname='C:\\Windows\\Fonts\\corbelli.ttf', name='Corbel', style='italic', variant='normal', weight=300, stretch='normal', size='scalable')) = 11.145
15:55:47 [DEBUG   ] matplotlib.font_manager - findfont: score(FontEntry(fname='C:\\Windows\\Fonts\\calibrili.ttf', name='Calibri', style='italic', variant='normal', weight=300, stretch='normal', size='scalable')) = 11.145
15:55:47 [DEBUG   ] matplotlib.font_manager - findfont: score(FontEntry(fname='C:\\Windows\\Fonts\\CENSCBK.TTF', name='Century Schoolbook', style='normal', variant='normal', weight=400, stretch='normal', size='scalable')) = 10.05
15:55:47 [DEBUG   ] matplotlib.font_manager - findfont: score(FontEntry(fname='C:\\Windows\\Fonts\\ariblk.ttf', name='Arial', style='normal', variant='normal', weight=900, stretch='normal', size='scalable')) = 6.888636363636364
15:55:47 [DEBUG   ] matplotlib.font_manager - findfont: score(FontEntry(fname='C:\\Windows\\Fonts\\SCRIPTBL.TTF', name='Script MT Bold', style='normal', variant='normal', weight=700, stretch='normal', size='scalable')) = 10.335
15:55:47 [DEBUG   ] matplotlib.font_manager - findfont: score(FontEntry(fname='C:\\Windows\\Fonts\\Candaraz.ttf', name='Candara', style='italic', variant='normal', weight=700, stretch='normal', size='scalable')) = 11.335
15:55:47 [DEBUG   ] matplotlib.font_manager - findfont: score(FontEntry(fname='C:\\Windows\\Fonts\\SitkaVF-Italic.ttf', name='Sitka', style='italic', variant='normal', weight=400, stretch='normal', size='scalable')) = 11.05
15:55:47 [DEBUG   ] matplotlib.font_manager - findfont: score(FontEntry(fname='C:\\Windows\\Fonts\\BRLNSDB.TTF', name='Berlin Sans FB Demi', style='normal', variant='normal', weight=700, stretch='normal', size='scalable')) = 10.335
15:55:47 [DEBUG   ] matplotlib.font_manager - findfont: score(FontEntry(fname='C:\\Program Files (x86)\\Adobe\\Acrobat DC\\Resource\\Font\\AdobeDevanagari-Regular.otf', name='Adobe Devanagari', style='normal', variant='normal', weight=400, stretch='normal', size='scalable')) = 10.05
15:55:47 [DEBUG   ] matplotlib.font_manager - findfont: score(FontEntry(fname='C:\\Windows\\Fonts\\trebuc.ttf', name='Trebuchet MS', style='normal', variant='normal', weight=400, stretch='normal', size='scalable')) = 10.05
15:55:47 [DEBUG   ] matplotlib.font_manager - findfont: score(FontEntry(fname='C:\\Windows\\Fonts\\arial.ttf', name='Arial', style='normal', variant='normal', weight=400, stretch='normal', size='scalable')) = 6.413636363636363
15:55:47 [DEBUG   ] matplotlib.font_manager - findfont: score(FontEntry(fname='C:\\Windows\\Fonts\\impact.ttf', name='Impact', style='normal', variant='normal', weight=400, stretch='normal', size='scalable')) = 10.05
15:55:47 [DEBUG   ] matplotlib.font_manager - findfont: score(FontEntry(fname='C:\\Windows\\Fonts\\comicbd.ttf', name='Comic Sans MS', style='normal', variant='normal', weight=700, stretch='normal', size='scalable')) = 10.335
15:55:47 [DEBUG   ] matplotlib.font_manager - findfont: score(FontEntry(fname='C:\\Windows\\Fonts\\FRADM.TTF', name='Franklin Gothic Demi', style='normal', variant='normal', weight=400, stretch='normal', size='scalable')) = 10.05
15:55:47 [DEBUG   ] matplotlib.font_manager - findfont: score(FontEntry(fname='C:\\Windows\\Fonts\\l_10646.ttf', name='Lucida Sans Unicode', style='normal', variant='normal', weight=400, stretch='normal', size='scalable')) = 10.05
15:55:47 [DEBUG   ] matplotlib.font_manager - findfont: score(FontEntry(fname='C:\\Windows\\Fonts\\BOOKOSI.TTF', name='Bookman Old Style', style='italic', variant='normal', weight=300, stretch='normal', size='scalable')) = 11.145
15:55:47 [DEBUG   ] matplotlib.font_manager - findfont: score(FontEntry(fname='C:\\Windows\\Fonts\\LFAX.TTF', name='Lucida Fax', style='normal', variant='normal', weight=400, stretch='normal', size='scalable')) = 10.05
15:55:47 [DEBUG   ] matplotlib.font_manager - findfont: score(FontEntry(fname='C:\\Windows\\Fonts\\SCHLBKBI.TTF', name='Century Schoolbook', style='italic', variant='normal', weight=700, stretch='normal', size='scalable')) = 11.335
15:55:47 [DEBUG   ] matplotlib.font_manager - findfont: score(FontEntry(fname='C:\\Windows\\Fonts\\segoeuii.ttf', name='Segoe UI', style='italic', variant='normal', weight=400, stretch='normal', size='scalable')) = 11.05
15:55:47 [DEBUG   ] matplotlib.font_manager - findfont: score(FontEntry(fname='C:\\Windows\\Fonts\\BOD_B.TTF', name='Bodoni MT', style='normal', variant='normal', weight=700, stretch='normal', size='scalable')) = 10.335
15:55:47 [DEBUG   ] matplotlib.font_manager - findfont: score(FontEntry(fname='C:\\Windows\\Fonts\\BOD_CI.TTF', name='Bodoni MT', style='italic', variant='normal', weight=400, stretch='condensed', size='scalable')) = 11.25
15:55:47 [DEBUG   ] matplotlib.font_manager - findfont: score(FontEntry(fname='C:\\Windows\\Fonts\\FRADMCN.TTF', name='Franklin Gothic Demi Cond', style='normal', variant='normal', weight=400, stretch='condensed', size='scalable')) = 10.25
15:55:47 [DEBUG   ] matplotlib.font_manager - findfont: score(FontEntry(fname='C:\\Windows\\Fonts\\corbell.ttf', name='Corbel', style='normal', variant='normal', weight=300, stretch='normal', size='scalable')) = 10.145
15:55:47 [DEBUG   ] matplotlib.font_manager - findfont: score(FontEntry(fname='C:\\Windows\\Fonts\\segoeuil.ttf', name='Segoe UI', style='normal', variant='normal', weight=300, stretch='normal', size='scalable')) = 10.145
15:55:47 [DEBUG   ] matplotlib.font_manager - findfont: score(FontEntry(fname='C:\\Windows\\Fonts\\consolab.ttf', name='Consolas', style='normal', variant='normal', weight=700, stretch='normal', size='scalable')) = 10.335
15:55:47 [DEBUG   ] matplotlib.font_manager - findfont: score(FontEntry(fname='C:\\Windows\\Fonts\\CALISTI.TTF', name='Calisto MT', style='italic', variant='normal', weight=400, stretch='normal', size='scalable')) = 11.05
15:55:47 [DEBUG   ] matplotlib.font_manager - findfont: score(FontEntry(fname='C:\\Windows\\Fonts\\malgunsl.ttf', name='Malgun Gothic', style='normal', variant='normal', weight=300, stretch='normal', size='scalable')) = 10.145
15:55:47 [DEBUG   ] matplotlib.font_manager - findfont: score(FontEntry(fname='C:\\Windows\\Fonts\\seguihis.ttf', name='Segoe UI Historic', style='normal', variant='normal', weight=400, stretch='normal', size='scalable')) = 10.05
15:55:47 [DEBUG   ] matplotlib.font_manager - findfont: score(FontEntry(fname='C:\\Windows\\Fonts\\ntailub.ttf', name='Microsoft New Tai Lue', style='normal', variant='normal', weight=700, stretch='normal', size='scalable')) = 10.335
15:55:47 [DEBUG   ] matplotlib.font_manager - findfont: score(FontEntry(fname='C:\\Windows\\Fonts\\GILBI___.TTF', name='Gill Sans MT', style='italic', variant='normal', weight=700, stretch='normal', size='scalable')) = 11.335
15:55:47 [DEBUG   ] matplotlib.font_manager - findfont: score(FontEntry(fname='C:\\Windows\\Fonts\\mvboli.ttf', name='MV Boli', style='normal', variant='normal', weight=400, stretch='normal', size='scalable')) = 10.05
15:55:47 [DEBUG   ] matplotlib.font_manager - findfont: score(FontEntry(fname='C:\\Windows\\Fonts\\trebucbi.ttf', name='Trebuchet MS', style='italic', variant='normal', weight=700, stretch='normal', size='scalable')) = 11.335
15:55:47 [DEBUG   ] matplotlib.font_manager - findfont: score(FontEntry(fname='C:\\Windows\\Fonts\\COPRGTB.TTF', name='Copperplate Gothic Bold', style='normal', variant='normal', weight=400, stretch='normal', size='scalable')) = 10.05
15:55:47 [DEBUG   ] matplotlib.font_manager - findfont: score(FontEntry(fname='C:\\Windows\\Fonts\\REFSPCL.TTF', name='MS Reference Specialty', style='normal', variant='normal', weight=400, stretch='normal', size='scalable')) = 10.05
15:55:47 [DEBUG   ] matplotlib.font_manager - findfont: score(FontEntry(fname='C:\\Windows\\Fonts\\LCALLIG.TTF', name='Lucida Calligraphy', style='italic', variant='normal', weight=400, stretch='normal', size='scalable')) = 11.05
15:55:47 [DEBUG   ] matplotlib.font_manager - findfont: score(FontEntry(fname='C:\\Windows\\Fonts\\PLAYBILL.TTF', name='Playbill', style='normal', variant='normal', weight=400, stretch='normal', size='scalable')) = 10.05
15:55:47 [DEBUG   ] matplotlib.font_manager - findfont: score(FontEntry(fname='C:\\Windows\\Fonts\\segoescb.ttf', name='Segoe Script', style='normal', variant='normal', weight=700, stretch='normal', size='scalable')) = 10.335
15:55:47 [DEBUG   ] matplotlib.font_manager - findfont: score(FontEntry(fname='C:\\Windows\\Fonts\\corbelb.ttf', name='Corbel', style='normal', variant='normal', weight=700, stretch='normal', size='scalable')) = 10.335
15:55:47 [DEBUG   ] matplotlib.font_manager - findfont: score(FontEntry(fname='C:\\Windows\\Fonts\\palai.ttf', name='Palatino Linotype', style='italic', variant='normal', weight=400, stretch='normal', size='scalable')) = 11.05
15:55:47 [DEBUG   ] matplotlib.font_manager - findfont: score(FontEntry(fname='C:\\Windows\\Fonts\\phagspa.ttf', name='Microsoft PhagsPa', style='normal', variant='normal', weight=400, stretch='normal', size='scalable')) = 10.05
15:55:47 [DEBUG   ] matplotlib.font_manager - findfont: score(FontEntry(fname='C:\\Windows\\Fonts\\himalaya.ttf', name='Microsoft Himalaya', style='normal', variant='normal', weight=400, stretch='normal', size='scalable')) = 10.05
15:55:47 [DEBUG   ] matplotlib.font_manager - findfont: score(FontEntry(fname='C:\\Windows\\Fonts\\HARNGTON.TTF', name='Harrington', style='normal', variant='normal', weight=400, stretch='normal', size='scalable')) = 10.05
15:55:47 [DEBUG   ] matplotlib.font_manager - findfont: score(FontEntry(fname='C:\\Windows\\Fonts\\ONYX.TTF', name='Onyx', style='normal', variant='normal', weight=400, stretch='normal', size='scalable')) = 10.05
15:55:47 [DEBUG   ] matplotlib.font_manager - findfont: score(FontEntry(fname='C:\\Windows\\Fonts\\CASTELAR.TTF', name='Castellar', style='normal', variant='normal', weight=400, stretch='normal', size='scalable')) = 10.05
15:55:47 [DEBUG   ] matplotlib.font_manager - findfont: score(FontEntry(fname='C:\\Windows\\Fonts\\GOUDOSI.TTF', name='Goudy Old Style', style='italic', variant='normal', weight=400, stretch='normal', size='scalable')) = 11.05
15:55:47 [DEBUG   ] matplotlib.font_manager - findfont: score(FontEntry(fname='C:\\Windows\\Fonts\\ALGER.TTF', name='Algerian', style='normal', variant='normal', weight=400, stretch='normal', size='scalable')) = 10.05
15:55:47 [DEBUG   ] matplotlib.font_manager - findfont: score(FontEntry(fname='C:\\Windows\\Fonts\\segoeui.ttf', name='Segoe UI', style='normal', variant='normal', weight=400, stretch='normal', size='scalable')) = 10.05
15:55:47 [DEBUG   ] matplotlib.font_manager - findfont: score(FontEntry(fname='C:\\Windows\\Fonts\\BRLNSB.TTF', name='Berlin Sans FB', style='normal', variant='normal', weight=700, stretch='normal', size='scalable')) = 10.335
15:55:47 [DEBUG   ] matplotlib.font_manager - findfont: score(FontEntry(fname='C:\\Windows\\Fonts\\javatext.ttf', name='Javanese Text', style='normal', variant='normal', weight=400, stretch='normal', size='scalable')) = 10.05
15:55:47 [DEBUG   ] matplotlib.font_manager - findfont: score(FontEntry(fname='C:\\Windows\\Fonts\\BROADW.TTF', name='Broadway', style='normal', variant='normal', weight=400, stretch='normal', size='scalable')) = 10.05
15:55:47 [DEBUG   ] matplotlib.font_manager - findfont: score(FontEntry(fname='C:\\Windows\\Fonts\\LTYPEO.TTF', name='Lucida Sans Typewriter', style='oblique', variant='normal', weight=400, stretch='normal', size='scalable')) = 11.05
15:55:47 [DEBUG   ] matplotlib.font_manager - findfont: score(FontEntry(fname='C:\\Windows\\Fonts\\ARIALN.TTF', name='Arial', style='normal', variant='normal', weight=400, stretch='condensed', size='scalable')) = 6.613636363636363
15:55:47 [DEBUG   ] matplotlib.font_manager - findfont: score(FontEntry(fname='C:\\Windows\\Fonts\\comic.ttf', name='Comic Sans MS', style='normal', variant='normal', weight=400, stretch='normal', size='scalable')) = 10.05
15:55:47 [DEBUG   ] matplotlib.font_manager - findfont: score(FontEntry(fname='C:\\Windows\\Fonts\\GARABD.TTF', name='Garamond', style='normal', variant='normal', weight=700, stretch='normal', size='scalable')) = 10.335
15:55:47 [DEBUG   ] matplotlib.font_manager - findfont: score(FontEntry(fname='C:\\Windows\\Fonts\\JOKERMAN.TTF', name='Jokerman', style='normal', variant='normal', weight=400, stretch='normal', size='scalable')) = 10.05
15:55:47 [DEBUG   ] matplotlib.font_manager - findfont: score(FontEntry(fname='C:\\Windows\\Fonts\\CascadiaCode.ttf', name='Cascadia Code', style='normal', variant='normal', weight=400, stretch='normal', size='scalable')) = 10.05
15:55:47 [DEBUG   ] matplotlib.font_manager - findfont: score(FontEntry(fname='C:\\Windows\\Fonts\\VLADIMIR.TTF', name='Vladimir Script', style='normal', variant='normal', weight=400, stretch='normal', size='scalable')) = 10.05
15:55:47 [DEBUG   ] matplotlib.font_manager - findfont: score(FontEntry(fname='C:\\Windows\\Fonts\\GILB____.TTF', name='Gill Sans MT', style='normal', variant='normal', weight=700, stretch='normal', size='scalable')) = 10.335
15:55:47 [DEBUG   ] matplotlib.font_manager - findfont: score(FontEntry(fname='C:\\Windows\\Fonts\\palabi.ttf', name='Palatino Linotype', style='italic', variant='normal', weight=700, stretch='normal', size='scalable')) = 11.335
15:55:47 [DEBUG   ] matplotlib.font_manager - findfont: score(FontEntry(fname='C:\\Windows\\Fonts\\BOD_CB.TTF', name='Bodoni MT', style='normal', variant='normal', weight=700, stretch='condensed', size='scalable')) = 10.535
15:55:47 [DEBUG   ] matplotlib.font_manager - findfont: score(FontEntry(fname='C:\\Windows\\Fonts\\GARAIT.TTF', name='Garamond', style='italic', variant='normal', weight=400, stretch='normal', size='scalable')) = 11.05
15:55:47 [DEBUG   ] matplotlib.font_manager - findfont: score(FontEntry(fname='C:\\Windows\\Fonts\\FRAHV.TTF', name='Franklin Gothic Heavy', style='normal', variant='normal', weight=400, stretch='normal', size='scalable')) = 10.05
15:55:47 [DEBUG   ] matplotlib.font_manager - findfont: score(FontEntry(fname='C:\\Windows\\Fonts\\BOD_BI.TTF', name='Bodoni MT', style='italic', variant='normal', weight=700, stretch='normal', size='scalable')) = 11.335
15:55:47 [DEBUG   ] matplotlib.font_manager - findfont: score(FontEntry(fname='C:\\Windows\\Fonts\\Candara.ttf', name='Candara', style='normal', variant='normal', weight=400, stretch='normal', size='scalable')) = 10.05
15:55:47 [DEBUG   ] matplotlib.font_manager - findfont: score(FontEntry(fname='C:\\Windows\\Fonts\\BERNHC.TTF', name='Bernard MT Condensed', style='normal', variant='normal', weight=400, stretch='condensed', size='scalable')) = 10.25
15:55:47 [DEBUG   ] matplotlib.font_manager - findfont: score(FontEntry(fname='C:\\Windows\\Fonts\\ERASBD.TTF', name='Eras Bold ITC', style='normal', variant='normal', weight=400, stretch='normal', size='scalable')) = 10.05
15:55:47 [DEBUG   ] matplotlib.font_manager - findfont: score(FontEntry(fname='C:\\Windows\\Fonts\\YuGothL.ttc', name='Yu Gothic', style='normal', variant='normal', weight=300, stretch='normal', size='scalable')) = 10.145
15:55:47 [DEBUG   ] matplotlib.font_manager - findfont: score(FontEntry(fname='C:\\Windows\\Fonts\\MATURASC.TTF', name='Matura MT Script Capitals', style='normal', variant='normal', weight=400, stretch='normal', size='scalable')) = 10.05
15:55:47 [DEBUG   ] matplotlib.font_manager - findfont: score(FontEntry(fname='C:\\Windows\\Fonts\\PALSCRI.TTF', name='Palace Script MT', style='normal', variant='normal', weight=400, stretch='normal', size='scalable')) = 10.05
15:55:47 [DEBUG   ] matplotlib.font_manager - findfont: score(FontEntry(fname='C:\\Windows\\Fonts\\GIL_____.TTF', name='Gill Sans MT', style='normal', variant='normal', weight=400, stretch='normal', size='scalable')) = 10.05
15:55:47 [DEBUG   ] matplotlib.font_manager - findfont: score(FontEntry(fname='C:\\Program Files (x86)\\IBM\\SPSS\\Amos\\24\\JRE\\lib\\fonts\\LucidaBrightRegular.ttf', name='Lucida Bright', style='normal', variant='normal', weight=400, stretch='normal', size='scalable')) = 10.05
15:55:47 [DEBUG   ] matplotlib.font_manager - findfont: score(FontEntry(fname='C:\\Windows\\Fonts\\LeelaUIb.ttf', name='Leelawadee UI', style='normal', variant='normal', weight=700, stretch='normal', size='scalable')) = 10.335
15:55:47 [DEBUG   ] matplotlib.font_manager - findfont: score(FontEntry(fname='C:\\Windows\\Fonts\\HTOWERT.TTF', name='High Tower Text', style='normal', variant='normal', weight=400, stretch='normal', size='scalable')) = 10.05
15:55:47 [DEBUG   ] matplotlib.font_manager - findfont: score(FontEntry(fname='C:\\Windows\\Fonts\\LTYPEBO.TTF', name='Lucida Sans Typewriter', style='oblique', variant='normal', weight=600, stretch='normal', size='scalable')) = 11.24
15:55:47 [DEBUG   ] matplotlib.font_manager - findfont: score(FontEntry(fname='C:\\Windows\\Fonts\\micross.ttf', name='Microsoft Sans Serif', style='normal', variant='normal', weight=400, stretch='normal', size='scalable')) = 10.05
15:55:47 [DEBUG   ] matplotlib.font_manager - findfont: score(FontEntry(fname='C:\\Windows\\Fonts\\TCM_____.TTF', name='Tw Cen MT', style='normal', variant='normal', weight=400, stretch='normal', size='scalable')) = 10.05
15:55:47 [DEBUG   ] matplotlib.font_manager - findfont: score(FontEntry(fname='C:\\Windows\\Fonts\\BOOKOSB.TTF', name='Bookman Old Style', style='normal', variant='normal', weight=600, stretch='normal', size='scalable')) = 10.24
15:55:47 [DEBUG   ] matplotlib.font_manager - findfont: score(FontEntry(fname='C:\\Windows\\Fonts\\consola.ttf', name='Consolas', style='normal', variant='normal', weight=400, stretch='normal', size='scalable')) = 10.05
15:55:47 [DEBUG   ] matplotlib.font_manager - findfont: score(FontEntry(fname='C:\\Windows\\Fonts\\ERASMD.TTF', name='Eras Medium ITC', style='normal', variant='normal', weight=400, stretch='normal', size='scalable')) = 10.05
15:55:47 [DEBUG   ] matplotlib.font_manager - findfont: score(FontEntry(fname='C:\\Windows\\Fonts\\BOD_BLAI.TTF', name='Bodoni MT', style='italic', variant='normal', weight=900, stretch='normal', size='scalable')) = 11.525
15:55:47 [DEBUG   ] matplotlib.font_manager - findfont: score(FontEntry(fname='C:\\Windows\\Fonts\\couri.ttf', name='Courier New', style='italic', variant='normal', weight=400, stretch='normal', size='scalable')) = 11.05
15:55:47 [DEBUG   ] matplotlib.font_manager - findfont: score(FontEntry(fname='C:\\Windows\\Fonts\\calibrib.ttf', name='Calibri', style='normal', variant='normal', weight=700, stretch='normal', size='scalable')) = 10.335
15:55:47 [DEBUG   ] matplotlib.font_manager - findfont: score(FontEntry(fname='C:\\Windows\\Fonts\\segoeuib.ttf', name='Segoe UI', style='normal', variant='normal', weight=700, stretch='normal', size='scalable')) = 10.335
15:55:47 [DEBUG   ] matplotlib.font_manager - findfont: score(FontEntry(fname='C:\\Windows\\Fonts\\HTOWERTI.TTF', name='High Tower Text', style='italic', variant='normal', weight=400, stretch='normal', size='scalable')) = 11.05
15:55:47 [DEBUG   ] matplotlib.font_manager - findfont: score(FontEntry(fname='C:\\Windows\\Fonts\\seguiemj.ttf', name='Segoe UI Emoji', style='normal', variant='normal', weight=400, stretch='normal', size='scalable')) = 10.05
15:55:47 [DEBUG   ] matplotlib.font_manager - findfont: score(FontEntry(fname='C:\\Windows\\Fonts\\ROCC____.TTF', name='Rockwell Condensed', style='normal', variant='normal', weight=400, stretch='condensed', size='scalable')) = 10.25
15:55:47 [DEBUG   ] matplotlib.font_manager - findfont: score(FontEntry(fname='C:\\Windows\\Fonts\\LeelawUI.ttf', name='Leelawadee UI', style='normal', variant='normal', weight=400, stretch='normal', size='scalable')) = 10.05
15:55:47 [DEBUG   ] matplotlib.font_manager - findfont: score(FontEntry(fname='C:\\Windows\\Fonts\\TEMPSITC.TTF', name='Tempus Sans ITC', style='normal', variant='normal', weight=400, stretch='normal', size='scalable')) = 10.05
15:55:47 [DEBUG   ] matplotlib.font_manager - findfont: score(FontEntry(fname='C:\\Windows\\Fonts\\tahomabd.ttf', name='Tahoma', style='normal', variant='normal', weight=700, stretch='normal', size='scalable')) = 10.335
15:55:47 [DEBUG   ] matplotlib.font_manager - findfont: score(FontEntry(fname='C:\\Windows\\Fonts\\comici.ttf', name='Comic Sans MS', style='italic', variant='normal', weight=400, stretch='normal', size='scalable')) = 11.05
15:55:47 [DEBUG   ] matplotlib.font_manager - findfont: score(FontEntry(fname='C:\\Windows\\Fonts\\YuGothR.ttc', name='Yu Gothic', style='normal', variant='normal', weight=400, stretch='normal', size='scalable')) = 10.05
15:55:47 [DEBUG   ] matplotlib.font_manager - findfont: score(FontEntry(fname='C:\\Windows\\Fonts\\PERB____.TTF', name='Perpetua', style='normal', variant='normal', weight=700, stretch='normal', size='scalable')) = 10.335
15:55:47 [DEBUG   ] matplotlib.font_manager - findfont: score(FontEntry(fname='C:\\Windows\\Fonts\\BSSYM7.TTF', name='Bookshelf Symbol 7', style='normal', variant='normal', weight=400, stretch='normal', size='scalable')) = 10.05
15:55:47 [DEBUG   ] matplotlib.font_manager - findfont: score(FontEntry(fname='C:\\Windows\\Fonts\\PERI____.TTF', name='Perpetua', style='italic', variant='normal', weight=400, stretch='normal', size='scalable')) = 11.05
15:55:47 [DEBUG   ] matplotlib.font_manager - findfont: score(FontEntry(fname='C:\\Windows\\Fonts\\segoeprb.ttf', name='Segoe Print', style='normal', variant='normal', weight=700, stretch='normal', size='scalable')) = 10.335
15:55:47 [DEBUG   ] matplotlib.font_manager - findfont: score(FontEntry(fname='C:\\Windows\\Fonts\\DUBAI-LIGHT.TTF', name='Dubai', style='normal', variant='normal', weight=300, stretch='normal', size='scalable')) = 10.145
15:55:47 [DEBUG   ] matplotlib.font_manager - findfont: score(FontEntry(fname='C:\\Windows\\Fonts\\LFAXI.TTF', name='Lucida Fax', style='italic', variant='normal', weight=400, stretch='normal', size='scalable')) = 11.05
15:55:47 [DEBUG   ] matplotlib.font_manager - findfont: score(FontEntry(fname='C:\\Windows\\Fonts\\Candarai.ttf', name='Candara', style='italic', variant='normal', weight=400, stretch='normal', size='scalable')) = 11.05
15:55:47 [DEBUG   ] matplotlib.font_manager - findfont: score(FontEntry(fname='C:\\Windows\\Fonts\\CALISTB.TTF', name='Calisto MT', style='normal', variant='normal', weight=700, stretch='normal', size='scalable')) = 10.335
15:55:47 [DEBUG   ] matplotlib.font_manager - findfont: score(FontEntry(fname='C:\\Windows\\Fonts\\Nirmala.ttc', name='Nirmala UI', style='normal', variant='normal', weight=400, stretch='normal', size='scalable')) = 10.05
15:55:47 [DEBUG   ] matplotlib.font_manager - findfont: score(FontEntry(fname='C:\\Windows\\Fonts\\FTLTLT.TTF', name='Footlight MT Light', style='normal', variant='normal', weight=300, stretch='normal', size='scalable')) = 10.145
15:55:47 [DEBUG   ] matplotlib.font_manager - findfont: score(FontEntry(fname='C:\\Windows\\Fonts\\Candarali.ttf', name='Candara', style='italic', variant='normal', weight=400, stretch='normal', size='scalable')) = 11.05
15:55:47 [DEBUG   ] matplotlib.font_manager - findfont: score(FontEntry(fname='C:\\Windows\\Fonts\\lucon.ttf', name='Lucida Console', style='normal', variant='normal', weight=400, stretch='normal', size='scalable')) = 10.05
15:55:47 [DEBUG   ] matplotlib.font_manager - findfont: score(FontEntry(fname='C:\\Windows\\Fonts\\FORTE.TTF', name='Forte', style='normal', variant='normal', weight=400, stretch='normal', size='scalable')) = 10.05
15:55:47 [DEBUG   ] matplotlib.font_manager - findfont: score(FontEntry(fname='C:\\Windows\\Fonts\\BELLI.TTF', name='Bell MT', style='italic', variant='normal', weight=400, stretch='normal', size='scalable')) = 11.05
15:55:47 [DEBUG   ] matplotlib.font_manager - findfont: score(FontEntry(fname='C:\\Windows\\Fonts\\ARIALNI.TTF', name='Arial', style='italic', variant='normal', weight=400, stretch='condensed', size='scalable')) = 7.613636363636363
15:55:47 [DEBUG   ] matplotlib.font_manager - findfont: score(FontEntry(fname='C:\\Program Files (x86)\\IBM\\SPSS\\Amos\\24\\JRE\\lib\\fonts\\LucidaTypewriterBold.ttf', name='Lucida Sans Typewriter', style='normal', variant='normal', weight=700, stretch='normal', size='scalable')) = 10.335
15:55:47 [DEBUG   ] matplotlib.font_manager - findfont: score(FontEntry(fname='C:\\Windows\\Fonts\\ROCCB___.TTF', name='Rockwell Condensed', style='normal', variant='normal', weight=700, stretch='condensed', size='scalable')) = 10.535
15:55:47 [DEBUG   ] matplotlib.font_manager - findfont: score(FontEntry(fname='C:\\Windows\\Fonts\\ROCKI.TTF', name='Rockwell', style='italic', variant='normal', weight=400, stretch='normal', size='scalable')) = 11.05
15:55:47 [DEBUG   ] matplotlib.font_manager - findfont: score(FontEntry(fname='C:\\Windows\\Fonts\\ROCKEB.TTF', name='Rockwell Extra Bold', style='normal', variant='normal', weight=800, stretch='normal', size='scalable')) = 10.43
15:55:47 [DEBUG   ] matplotlib.font_manager - findfont: score(FontEntry(fname='C:\\Windows\\Fonts\\FELIXTI.TTF', name='Felix Titling', style='normal', variant='normal', weight=400, stretch='normal', size='scalable')) = 10.05
15:55:47 [DEBUG   ] matplotlib.font_manager - findfont: score(FontEntry(fname='C:\\Windows\\Fonts\\msgothic.ttc', name='MS Gothic', style='normal', variant='normal', weight=400, stretch='normal', size='scalable')) = 10.05
15:55:47 [DEBUG   ] matplotlib.font_manager - findfont: score(FontEntry(fname='C:\\Windows\\Fonts\\BOD_I.TTF', name='Bodoni MT', style='italic', variant='normal', weight=400, stretch='normal', size='scalable')) = 11.05
15:55:47 [DEBUG   ] matplotlib.font_manager - findfont: score(FontEntry(fname='C:\\Windows\\Fonts\\ROCK.TTF', name='Rockwell', style='normal', variant='normal', weight=400, stretch='normal', size='scalable')) = 10.05
15:55:47 [DEBUG   ] matplotlib.font_manager - findfont: score(FontEntry(fname='C:\\Program Files (x86)\\Adobe\\Acrobat DC\\Resource\\Font\\AdobeDevanagari-Bold.otf', name='Adobe Devanagari', style='normal', variant='normal', weight=700, stretch='normal', size='scalable')) = 10.335
15:55:47 [DEBUG   ] matplotlib.font_manager - findfont: score(FontEntry(fname='C:\\Windows\\Fonts\\PER_____.TTF', name='Perpetua', style='normal', variant='normal', weight=400, stretch='normal', size='scalable')) = 10.05
15:55:47 [DEBUG   ] matplotlib.font_manager - findfont: score(FontEntry(fname='C:\\Windows\\Fonts\\wingding.ttf', name='Wingdings', style='normal', variant='normal', weight=400, stretch='normal', size='scalable')) = 10.05
15:55:47 [DEBUG   ] matplotlib.font_manager - findfont: score(FontEntry(fname='C:\\Windows\\Fonts\\ITCEDSCR.TTF', name='Edwardian Script ITC', style='normal', variant='normal', weight=400, stretch='normal', size='scalable')) = 10.05
15:55:47 [DEBUG   ] matplotlib.font_manager - findfont: score(FontEntry(fname='C:\\Windows\\Fonts\\YuGothM.ttc', name='Yu Gothic', style='normal', variant='normal', weight=500, stretch='normal', size='scalable')) = 10.145
15:55:47 [DEBUG   ] matplotlib.font_manager - findfont: score(FontEntry(fname='C:\\Windows\\Fonts\\SNAP____.TTF', name='Snap ITC', style='normal', variant='normal', weight=400, stretch='normal', size='scalable')) = 10.05
15:55:47 [DEBUG   ] matplotlib.font_manager - findfont: score(FontEntry(fname='C:\\Windows\\Fonts\\ELEPHNTI.TTF', name='Elephant', style='italic', variant='normal', weight=400, stretch='normal', size='scalable')) = 11.05
15:55:47 [DEBUG   ] matplotlib.font_manager - findfont: score(FontEntry(fname='C:\\Windows\\Fonts\\GILC____.TTF', name='Gill Sans MT Condensed', style='normal', variant='normal', weight=400, stretch='condensed', size='scalable')) = 10.25
15:55:47 [DEBUG   ] matplotlib.font_manager - findfont: score(FontEntry(fname='C:\\Windows\\Fonts\\BOD_R.TTF', name='Bodoni MT', style='normal', variant='normal', weight=400, stretch='normal', size='scalable')) = 10.05
15:55:47 [DEBUG   ] matplotlib.font_manager - findfont: score(FontEntry(fname='C:\\Windows\\Fonts\\NIAGSOL.TTF', name='Niagara Solid', style='normal', variant='normal', weight=400, stretch='normal', size='scalable')) = 10.05
15:55:47 [DEBUG   ] matplotlib.font_manager - findfont: score(FontEntry(fname='C:\\Windows\\Fonts\\DUBAI-BOLD.TTF', name='Dubai', style='normal', variant='normal', weight=700, stretch='normal', size='scalable')) = 10.335
15:55:47 [DEBUG   ] matplotlib.font_manager - findfont: score(FontEntry(fname='C:\\Windows\\Fonts\\corbeli.ttf', name='Corbel', style='italic', variant='normal', weight=400, stretch='normal', size='scalable')) = 11.05
15:55:47 [DEBUG   ] matplotlib.font_manager - findfont: score(FontEntry(fname='C:\\Windows\\Fonts\\sylfaen.ttf', name='Sylfaen', style='normal', variant='normal', weight=400, stretch='normal', size='scalable')) = 10.05
15:55:47 [DEBUG   ] matplotlib.font_manager - findfont: score(FontEntry(fname='C:\\Windows\\Fonts\\georgiab.ttf', name='Georgia', style='normal', variant='normal', weight=700, stretch='normal', size='scalable')) = 10.335
15:55:47 [DEBUG   ] matplotlib.font_manager - findfont: score(FontEntry(fname='C:\\Windows\\Fonts\\COPRGTL.TTF', name='Copperplate Gothic Light', style='normal', variant='normal', weight=400, stretch='normal', size='scalable')) = 10.05
15:55:47 [DEBUG   ] matplotlib.font_manager - findfont: score(FontEntry(fname='C:\\Windows\\Fonts\\pala.ttf', name='Palatino Linotype', style='normal', variant='normal', weight=400, stretch='normal', size='scalable')) = 10.05
15:55:47 [DEBUG   ] matplotlib.font_manager - findfont: score(FontEntry(fname='C:\\Windows\\Fonts\\MTCORSVA.TTF', name='Monotype Corsiva', style='normal', variant='normal', weight=400, stretch='normal', size='scalable')) = 10.05
15:55:47 [DEBUG   ] matplotlib.font_manager - findfont: score(FontEntry(fname='C:\\Windows\\Fonts\\msyi.ttf', name='Microsoft Yi Baiti', style='normal', variant='normal', weight=400, stretch='normal', size='scalable')) = 10.05
15:55:47 [DEBUG   ] matplotlib.font_manager - findfont: score(FontEntry(fname='C:\\Windows\\Fonts\\arialbd.ttf', name='Arial', style='normal', variant='normal', weight=700, stretch='normal', size='scalable')) = 6.698636363636363
15:55:47 [DEBUG   ] matplotlib.font_manager - findfont: score(FontEntry(fname='C:\\Windows\\Fonts\\LSANSDI.TTF', name='Lucida Sans', style='italic', variant='normal', weight=600, stretch='normal', size='scalable')) = 11.24
15:55:47 [DEBUG   ] matplotlib.font_manager - findfont: score(FontEntry(fname='C:\\Windows\\Fonts\\SitkaVF.ttf', name='Sitka', style='normal', variant='normal', weight=400, stretch='normal', size='scalable')) = 10.05
15:55:47 [DEBUG   ] matplotlib.font_manager - findfont: score(FontEntry(fname='C:\\Windows\\Fonts\\PERTILI.TTF', name='Perpetua Titling MT', style='normal', variant='normal', weight=300, stretch='normal', size='scalable')) = 10.145
15:55:47 [DEBUG   ] matplotlib.font_manager - findfont: score(FontEntry(fname='C:\\Windows\\Fonts\\times.ttf', name='Times New Roman', style='normal', variant='normal', weight=400, stretch='normal', size='scalable')) = 10.05
15:55:47 [DEBUG   ] matplotlib.font_manager - findfont: score(FontEntry(fname='C:\\Windows\\Fonts\\ARIALNBI.TTF', name='Arial', style='italic', variant='normal', weight=700, stretch='condensed', size='scalable')) = 7.8986363636363635
15:55:47 [DEBUG   ] matplotlib.font_manager - findfont: score(FontEntry(fname='C:\\Windows\\Fonts\\POORICH.TTF', name='Poor Richard', style='normal', variant='normal', weight=400, stretch='normal', size='scalable')) = 10.05
15:55:47 [DEBUG   ] matplotlib.font_manager - findfont: score(FontEntry(fname='C:\\Windows\\Fonts\\calibrii.ttf', name='Calibri', style='italic', variant='normal', weight=400, stretch='normal', size='scalable')) = 11.05
15:55:47 [DEBUG   ] matplotlib.font_manager - findfont: score(FontEntry(fname='C:\\Windows\\Fonts\\ARLRDBD.TTF', name='Arial Rounded MT Bold', style='normal', variant='normal', weight=400, stretch='normal', size='scalable')) = 10.05
15:55:47 [DEBUG   ] matplotlib.font_manager - findfont: score(FontEntry(fname='C:\\Windows\\Fonts\\AGENCYB.TTF', name='Agency FB', style='normal', variant='normal', weight=700, stretch='normal', size='scalable')) = 10.335
15:55:47 [DEBUG   ] matplotlib.font_manager - findfont: score(FontEntry(fname='C:\\Windows\\Fonts\\seguisli.ttf', name='Segoe UI', style='italic', variant='normal', weight=350, stretch='normal', size='scalable')) = 11.0975
15:55:47 [DEBUG   ] matplotlib.font_manager - findfont: score(FontEntry(fname='C:\\Windows\\Fonts\\TCB_____.TTF', name='Tw Cen MT', style='normal', variant='normal', weight=700, stretch='normal', size='scalable')) = 10.335
15:55:47 [DEBUG   ] matplotlib.font_manager - findfont: score(FontEntry(fname='C:\\Windows\\Fonts\\CascadiaMono.ttf', name='Cascadia Mono', style='normal', variant='normal', weight=400, stretch='normal', size='scalable')) = 10.05
15:55:47 [DEBUG   ] matplotlib.font_manager - findfont: score(FontEntry(fname='C:\\Windows\\Fonts\\JUICE___.TTF', name='Juice ITC', style='normal', variant='normal', weight=400, stretch='normal', size='scalable')) = 10.05
15:55:47 [DEBUG   ] matplotlib.font_manager - findfont: score(FontEntry(fname='C:\\Windows\\Fonts\\REFSAN.TTF', name='MS Reference Sans Serif', style='normal', variant='normal', weight=400, stretch='normal', size='scalable')) = 10.05
15:55:47 [DEBUG   ] matplotlib.font_manager - findfont: Matching sans\-serif:style=normal:variant=normal:weight=normal:stretch=normal:size=7.5 to DejaVu Sans ('C:\\Users\\DELL\\AppData\\Local\\Programs\\Python\\Python314\\Lib\\site-packages\\matplotlib\\mpl-data\\fonts\\ttf\\DejaVuSans.ttf') with score of 0.050000.
15:55:47 [DEBUG   ] matplotlib.font_manager - findfont: Matching sans\-serif:style=normal:variant=normal:weight=normal:stretch=normal:size=8.0.
15:55:47 [DEBUG   ] matplotlib.font_manager - findfont: score(FontEntry(fname='C:\\Users\\DELL\\AppData\\Local\\Programs\\Python\\Python314\\Lib\\site-packages\\matplotlib\\mpl-data\\fonts\\ttf\\DejaVuSerif-Bold.ttf', name='DejaVu Serif', style='normal', variant='normal', weight=700, stretch='normal', size='scalable')) = 10.335
15:55:47 [DEBUG   ] matplotlib.font_manager - findfont: score(FontEntry(fname='C:\\Users\\DELL\\AppData\\Local\\Programs\\Python\\Python314\\Lib\\site-packages\\matplotlib\\mpl-data\\fonts\\ttf\\STIXSizFourSymBol.ttf', name='STIXSizeFourSym', style='normal', variant='normal', weight=700, stretch='normal', size='scalable')) = 10.335
15:55:47 [DEBUG   ] matplotlib.font_manager - findfont: score(FontEntry(fname='C:\\Users\\DELL\\AppData\\Local\\Programs\\Python\\Python314\\Lib\\site-packages\\matplotlib\\mpl-data\\fonts\\ttf\\STIXSizThreeSymReg.ttf', name='STIXSizeThreeSym', style='normal', variant='normal', weight=400, stretch='normal', size='scalable')) = 10.05
15:55:47 [DEBUG   ] matplotlib.font_manager - findfont: score(FontEntry(fname='C:\\Users\\DELL\\AppData\\Local\\Programs\\Python\\Python314\\Lib\\site-packages\\matplotlib\\mpl-data\\fonts\\ttf\\DejaVuSansMono.ttf', name='DejaVu Sans Mono', style='normal', variant='normal', weight=400, stretch='normal', size='scalable')) = 10.05
15:55:47 [DEBUG   ] matplotlib.font_manager - findfont: score(FontEntry(fname='C:\\Users\\DELL\\AppData\\Local\\Programs\\Python\\Python314\\Lib\\site-packages\\matplotlib\\mpl-data\\fonts\\ttf\\cmmi10.ttf', name='cmmi10', style='normal', variant='normal', weight=400, stretch='normal', size='scalable')) = 10.05
15:55:47 [DEBUG   ] matplotlib.font_manager - findfont: score(FontEntry(fname='C:\\Users\\DELL\\AppData\\Local\\Programs\\Python\\Python314\\Lib\\site-packages\\matplotlib\\mpl-data\\fonts\\ttf\\STIXNonUniIta.ttf', name='STIXNonUnicode', style='italic', variant='normal', weight=400, stretch='normal', size='scalable')) = 11.05
15:55:47 [DEBUG   ] matplotlib.font_manager - findfont: score(FontEntry(fname='C:\\Users\\DELL\\AppData\\Local\\Programs\\Python\\Python314\\Lib\\site-packages\\matplotlib\\mpl-data\\fonts\\ttf\\STIXSizTwoSymReg.ttf', name='STIXSizeTwoSym', style='normal', variant='normal', weight=400, stretch='normal', size='scalable')) = 10.05
15:55:47 [DEBUG   ] matplotlib.font_manager - findfont: score(FontEntry(fname='C:\\Users\\DELL\\AppData\\Local\\Programs\\Python\\Python314\\Lib\\site-packages\\matplotlib\\mpl-data\\fonts\\ttf\\DejaVuSans.ttf', name='DejaVu Sans', style='normal', variant='normal', weight=400, stretch='normal', size='scalable')) = 0.05
15:55:47 [DEBUG   ] matplotlib.font_manager - findfont: score(FontEntry(fname='C:\\Users\\DELL\\AppData\\Local\\Programs\\Python\\Python314\\Lib\\site-packages\\matplotlib\\mpl-data\\fonts\\ttf\\DejaVuSansMono-BoldOblique.ttf', name='DejaVu Sans Mono', style='oblique', variant='normal', weight=700, stretch='normal', size='scalable')) = 11.335
15:55:47 [DEBUG   ] matplotlib.font_manager - findfont: score(FontEntry(fname='C:\\Users\\DELL\\AppData\\Local\\Programs\\Python\\Python314\\Lib\\site-packages\\matplotlib\\mpl-data\\fonts\\ttf\\STIXGeneralBol.ttf', name='STIXGeneral', style='normal', variant='normal', weight=700, stretch='normal', size='scalable')) = 10.335
15:55:47 [DEBUG   ] matplotlib.font_manager - findfont: score(FontEntry(fname='C:\\Users\\DELL\\AppData\\Local\\Programs\\Python\\Python314\\Lib\\site-packages\\matplotlib\\mpl-data\\fonts\\ttf\\cmb10.ttf', name='cmb10', style='normal', variant='normal', weight=400, stretch='normal', size='scalable')) = 10.05
15:55:47 [DEBUG   ] matplotlib.font_manager - findfont: score(FontEntry(fname='C:\\Users\\DELL\\AppData\\Local\\Programs\\Python\\Python314\\Lib\\site-packages\\matplotlib\\mpl-data\\fonts\\ttf\\STIXGeneralBolIta.ttf', name='STIXGeneral', style='italic', variant='normal', weight=700, stretch='normal', size='scalable')) = 11.335
15:55:47 [DEBUG   ] matplotlib.font_manager - findfont: score(FontEntry(fname='C:\\Users\\DELL\\AppData\\Local\\Programs\\Python\\Python314\\Lib\\site-packages\\matplotlib\\mpl-data\\fonts\\ttf\\DejaVuSansMono-Oblique.ttf', name='DejaVu Sans Mono', style='oblique', variant='normal', weight=400, stretch='normal', size='scalable')) = 11.05
15:55:47 [DEBUG   ] matplotlib.font_manager - findfont: score(FontEntry(fname='C:\\Users\\DELL\\AppData\\Local\\Programs\\Python\\Python314\\Lib\\site-packages\\matplotlib\\mpl-data\\fonts\\ttf\\STIXSizFourSymReg.ttf', name='STIXSizeFourSym', style='normal', variant='normal', weight=400, stretch='normal', size='scalable')) = 10.05
15:55:47 [DEBUG   ] matplotlib.font_manager - findfont: score(FontEntry(fname='C:\\Users\\DELL\\AppData\\Local\\Programs\\Python\\Python314\\Lib\\site-packages\\matplotlib\\mpl-data\\fonts\\ttf\\STIXSizThreeSymBol.ttf', name='STIXSizeThreeSym', style='normal', variant='normal', weight=700, stretch='normal', size='scalable')) = 10.335
15:55:47 [DEBUG   ] matplotlib.font_manager - findfont: score(FontEntry(fname='C:\\Users\\DELL\\AppData\\Local\\Programs\\Python\\Python314\\Lib\\site-packages\\matplotlib\\mpl-data\\fonts\\ttf\\cmtt10.ttf', name='cmtt10', style='normal', variant='normal', weight=400, stretch='normal', size='scalable')) = 10.05
15:55:47 [DEBUG   ] matplotlib.font_manager - findfont: score(FontEntry(fname='C:\\Users\\DELL\\AppData\\Local\\Programs\\Python\\Python314\\Lib\\site-packages\\matplotlib\\mpl-data\\fonts\\ttf\\cmr10.ttf', name='cmr10', style='normal', variant='normal', weight=400, stretch='normal', size='scalable')) = 10.05
15:55:47 [DEBUG   ] matplotlib.font_manager - findfont: score(FontEntry(fname='C:\\Users\\DELL\\AppData\\Local\\Programs\\Python\\Python314\\Lib\\site-packages\\matplotlib\\mpl-data\\fonts\\ttf\\STIXSizFiveSymReg.ttf', name='STIXSizeFiveSym', style='normal', variant='normal', weight=400, stretch='normal', size='scalable')) = 10.05
15:55:47 [DEBUG   ] matplotlib.font_manager - findfont: score(FontEntry(fname='C:\\Users\\DELL\\AppData\\Local\\Programs\\Python\\Python314\\Lib\\site-packages\\matplotlib\\mpl-data\\fonts\\ttf\\cmsy10.ttf', name='cmsy10', style='normal', variant='normal', weight=400, stretch='normal', size='scalable')) = 10.05
15:55:47 [DEBUG   ] matplotlib.font_manager - findfont: score(FontEntry(fname='C:\\Users\\DELL\\AppData\\Local\\Programs\\Python\\Python314\\Lib\\site-packages\\matplotlib\\mpl-data\\fonts\\ttf\\DejaVuSansDisplay.ttf', name='DejaVu Sans Display', style='normal', variant='normal', weight=400, stretch='normal', size='scalable')) = 10.05
15:55:47 [DEBUG   ] matplotlib.font_manager - findfont: score(FontEntry(fname='C:\\Users\\DELL\\AppData\\Local\\Programs\\Python\\Python314\\Lib\\site-packages\\matplotlib\\mpl-data\\fonts\\ttf\\DejaVuSansMono-Bold.ttf', name='DejaVu Sans Mono', style='normal', variant='normal', weight=700, stretch='normal', size='scalable')) = 10.335
15:55:47 [DEBUG   ] matplotlib.font_manager - findfont: score(FontEntry(fname='C:\\Users\\DELL\\AppData\\Local\\Programs\\Python\\Python314\\Lib\\site-packages\\matplotlib\\mpl-data\\fonts\\ttf\\DejaVuSerifDisplay.ttf', name='DejaVu Serif Display', style='normal', variant='normal', weight=400, stretch='normal', size='scalable')) = 10.05
15:55:47 [DEBUG   ] matplotlib.font_manager - findfont: score(FontEntry(fname='C:\\Users\\DELL\\AppData\\Local\\Programs\\Python\\Python314\\Lib\\site-packages\\matplotlib\\mpl-data\\fonts\\ttf\\STIXSizOneSymBol.ttf', name='STIXSizeOneSym', style='normal', variant='normal', weight=700, stretch='normal', size='scalable')) = 10.335
15:55:47 [DEBUG   ] matplotlib.font_manager - findfont: score(FontEntry(fname='C:\\Users\\DELL\\AppData\\Local\\Programs\\Python\\Python314\\Lib\\site-packages\\matplotlib\\mpl-data\\fonts\\ttf\\STIXNonUniBol.ttf', name='STIXNonUnicode', style='normal', variant='normal', weight=700, stretch='normal', size='scalable')) = 10.335
15:55:47 [DEBUG   ] matplotlib.font_manager - findfont: score(FontEntry(fname='C:\\Users\\DELL\\AppData\\Local\\Programs\\Python\\Python314\\Lib\\site-packages\\matplotlib\\mpl-data\\fonts\\ttf\\DejaVuSans-BoldOblique.ttf', name='DejaVu Sans', style='oblique', variant='normal', weight=700, stretch='normal', size='scalable')) = 1.335
15:55:47 [DEBUG   ] matplotlib.font_manager - findfont: score(FontEntry(fname='C:\\Users\\DELL\\AppData\\Local\\Programs\\Python\\Python314\\Lib\\site-packages\\matplotlib\\mpl-data\\fonts\\ttf\\STIXNonUniBolIta.ttf', name='STIXNonUnicode', style='italic', variant='normal', weight=700, stretch='normal', size='scalable')) = 11.335
15:55:47 [DEBUG   ] matplotlib.font_manager - findfont: score(FontEntry(fname='C:\\Users\\DELL\\AppData\\Local\\Programs\\Python\\Python314\\Lib\\site-packages\\matplotlib\\mpl-data\\fonts\\ttf\\DejaVuSerif-Italic.ttf', name='DejaVu Serif', style='italic', variant='normal', weight=400, stretch='normal', size='scalable')) = 11.05
15:55:47 [DEBUG   ] matplotlib.font_manager - findfont: score(FontEntry(fname='C:\\Users\\DELL\\AppData\\Local\\Programs\\Python\\Python314\\Lib\\site-packages\\matplotlib\\mpl-data\\fonts\\ttf\\cmex10.ttf', name='cmex10', style='normal', variant='normal', weight=400, stretch='normal', size='scalable')) = 10.05
15:55:47 [DEBUG   ] matplotlib.font_manager - findfont: score(FontEntry(fname='C:\\Users\\DELL\\AppData\\Local\\Programs\\Python\\Python314\\Lib\\site-packages\\matplotlib\\mpl-data\\fonts\\ttf\\cmss10.ttf', name='cmss10', style='normal', variant='normal', weight=400, stretch='normal', size='scalable')) = 10.05
15:55:47 [DEBUG   ] matplotlib.font_manager - findfont: score(FontEntry(fname='C:\\Users\\DELL\\AppData\\Local\\Programs\\Python\\Python314\\Lib\\site-packages\\matplotlib\\mpl-data\\fonts\\ttf\\DejaVuSans-Bold.ttf', name='DejaVu Sans', style='normal', variant='normal', weight=700, stretch='normal', size='scalable')) = 0.33499999999999996
15:55:47 [DEBUG   ] matplotlib.font_manager - findfont: score(FontEntry(fname='C:\\Users\\DELL\\AppData\\Local\\Programs\\Python\\Python314\\Lib\\site-packages\\matplotlib\\mpl-data\\fonts\\ttf\\DejaVuSans-Oblique.ttf', name='DejaVu Sans', style='oblique', variant='normal', weight=400, stretch='normal', size='scalable')) = 1.05
15:55:47 [DEBUG   ] matplotlib.font_manager - findfont: score(FontEntry(fname='C:\\Users\\DELL\\AppData\\Local\\Programs\\Python\\Python314\\Lib\\site-packages\\matplotlib\\mpl-data\\fonts\\ttf\\STIXSizOneSymReg.ttf', name='STIXSizeOneSym', style='normal', variant='normal', weight=400, stretch='normal', size='scalable')) = 10.05
15:55:47 [DEBUG   ] matplotlib.font_manager - findfont: score(FontEntry(fname='C:\\Users\\DELL\\AppData\\Local\\Programs\\Python\\Python314\\Lib\\site-packages\\matplotlib\\mpl-data\\fonts\\ttf\\DejaVuSerif-BoldItalic.ttf', name='DejaVu Serif', style='italic', variant='normal', weight=700, stretch='normal', size='scalable')) = 11.335
15:55:47 [DEBUG   ] matplotlib.font_manager - findfont: score(FontEntry(fname='C:\\Users\\DELL\\AppData\\Local\\Programs\\Python\\Python314\\Lib\\site-packages\\matplotlib\\mpl-data\\fonts\\ttf\\STIXNonUni.ttf', name='STIXNonUnicode', style='normal', variant='normal', weight=400, stretch='normal', size='scalable')) = 10.05
15:55:47 [DEBUG   ] matplotlib.font_manager - findfont: score(FontEntry(fname='C:\\Users\\DELL\\AppData\\Local\\Programs\\Python\\Python314\\Lib\\site-packages\\matplotlib\\mpl-data\\fonts\\ttf\\DejaVuSerif.ttf', name='DejaVu Serif', style='normal', variant='normal', weight=400, stretch='normal', size='scalable')) = 10.05
15:55:47 [DEBUG   ] matplotlib.font_manager - findfont: score(FontEntry(fname='C:\\Users\\DELL\\AppData\\Local\\Programs\\Python\\Python314\\Lib\\site-packages\\matplotlib\\mpl-data\\fonts\\ttf\\STIXGeneral.ttf', name='STIXGeneral', style='normal', variant='normal', weight=400, stretch='normal', size='scalable')) = 10.05
15:55:47 [DEBUG   ] matplotlib.font_manager - findfont: score(FontEntry(fname='C:\\Users\\DELL\\AppData\\Local\\Programs\\Python\\Python314\\Lib\\site-packages\\matplotlib\\mpl-data\\fonts\\ttf\\STIXGeneralItalic.ttf', name='STIXGeneral', style='italic', variant='normal', weight=400, stretch='normal', size='scalable')) = 11.05
15:55:47 [DEBUG   ] matplotlib.font_manager - findfont: score(FontEntry(fname='C:\\Users\\DELL\\AppData\\Local\\Programs\\Python\\Python314\\Lib\\site-packages\\matplotlib\\mpl-data\\fonts\\ttf\\STIXSizTwoSymBol.ttf', name='STIXSizeTwoSym', style='normal', variant='normal', weight=700, stretch='normal', size='scalable')) = 10.335
15:55:47 [DEBUG   ] matplotlib.font_manager - findfont: score(FontEntry(fname='C:\\Windows\\Fonts\\GOUDOSB.TTF', name='Goudy Old Style', style='normal', variant='normal', weight=700, stretch='normal', size='scalable')) = 10.335
15:55:47 [DEBUG   ] matplotlib.font_manager - findfont: score(FontEntry(fname='C:\\Windows\\Fonts\\GLECB.TTF', name='Gloucester MT Extra Condensed', style='normal', variant='normal', weight=400, stretch='condensed', size='scalable')) = 10.25
15:55:47 [DEBUG   ] matplotlib.font_manager - findfont: score(FontEntry(fname='C:\\Windows\\Fonts\\COLONNA.TTF', name='Colonna MT', style='normal', variant='normal', weight=400, stretch='normal', size='scalable')) = 10.05
15:55:47 [DEBUG   ] matplotlib.font_manager - findfont: score(FontEntry(fname='C:\\Windows\\Fonts\\CENTURY.TTF', name='Century', style='normal', variant='normal', weight=400, stretch='normal', size='scalable')) = 10.05
15:55:47 [DEBUG   ] matplotlib.font_manager - findfont: score(FontEntry(fname='C:\\Windows\\Fonts\\constani.ttf', name='Constantia', style='italic', variant='normal', weight=400, stretch='normal', size='scalable')) = 11.05
15:55:47 [DEBUG   ] matplotlib.font_manager - findfont: score(FontEntry(fname='C:\\Windows\\Fonts\\gadugi.ttf', name='Gadugi', style='normal', variant='normal', weight=400, stretch='normal', size='scalable')) = 10.05
15:55:47 [DEBUG   ] matplotlib.font_manager - findfont: score(FontEntry(fname='C:\\Windows\\Fonts\\segoepr.ttf', name='Segoe Print', style='normal', variant='normal', weight=400, stretch='normal', size='scalable')) = 10.05
15:55:47 [DEBUG   ] matplotlib.font_manager - findfont: score(FontEntry(fname='C:\\Windows\\Fonts\\tahoma.ttf', name='Tahoma', style='normal', variant='normal', weight=400, stretch='normal', size='scalable')) = 10.05
15:55:47 [DEBUG   ] matplotlib.font_manager - findfont: score(FontEntry(fname='C:\\Windows\\Fonts\\CALIFR.TTF', name='Californian FB', style='normal', variant='normal', weight=400, stretch='normal', size='scalable')) = 10.05
15:55:47 [DEBUG   ] matplotlib.font_manager - findfont: score(FontEntry(fname='C:\\Windows\\Fonts\\PRISTINA.TTF', name='Pristina', style='normal', variant='normal', weight=400, stretch='normal', size='scalable')) = 10.05
15:55:47 [DEBUG   ] matplotlib.font_manager - findfont: score(FontEntry(fname='C:\\Windows\\Fonts\\ANTQUAI.TTF', name='Book Antiqua', style='italic', variant='normal', weight=400, stretch='normal', size='scalable')) = 11.05
15:55:47 [DEBUG   ] matplotlib.font_manager - findfont: score(FontEntry(fname='C:\\Windows\\Fonts\\simsun.ttc', name='SimSun', style='normal', variant='normal', weight=400, stretch='normal', size='scalable')) = 10.05
15:55:47 [DEBUG   ] matplotlib.font_manager - findfont: score(FontEntry(fname='C:\\Windows\\Fonts\\GOUDOS.TTF', name='Goudy Old Style', style='normal', variant='normal', weight=400, stretch='normal', size='scalable')) = 10.05
15:55:47 [DEBUG   ] matplotlib.font_manager - findfont: score(FontEntry(fname='C:\\Windows\\Fonts\\msyhl.ttc', name='Microsoft YaHei', style='normal', variant='normal', weight=290, stretch='normal', size='scalable')) = 10.1545
15:55:47 [DEBUG   ] matplotlib.font_manager - findfont: score(FontEntry(fname='C:\\Windows\\Fonts\\timesbi.ttf', name='Times New Roman', style='italic', variant='normal', weight=700, stretch='normal', size='scalable')) = 11.335
15:55:47 [DEBUG   ] matplotlib.font_manager - findfont: score(FontEntry(fname='C:\\Windows\\Fonts\\CENTAUR.TTF', name='Centaur', style='normal', variant='normal', weight=400, stretch='normal', size='scalable')) = 10.05
15:55:47 [DEBUG   ] matplotlib.font_manager - findfont: score(FontEntry(fname='C:\\Windows\\Fonts\\comicz.ttf', name='Comic Sans MS', style='italic', variant='normal', weight=700, stretch='normal', size='scalable')) = 11.335
15:55:47 [DEBUG   ] matplotlib.font_manager - findfont: score(FontEntry(fname='C:\\Windows\\Fonts\\Gabriola.ttf', name='Gabriola', style='normal', variant='normal', weight=400, stretch='normal', size='scalable')) = 10.05
15:55:47 [DEBUG   ] matplotlib.font_manager - findfont: score(FontEntry(fname='C:\\Windows\\Fonts\\consolaz.ttf', name='Consolas', style='italic', variant='normal', weight=700, stretch='normal', size='scalable')) = 11.335
15:55:47 [DEBUG   ] matplotlib.font_manager - findfont: score(FontEntry(fname='C:\\Windows\\Fonts\\PARCHM.TTF', name='Parchment', style='normal', variant='normal', weight=400, stretch='normal', size='scalable')) = 10.05
15:55:47 [DEBUG   ] matplotlib.font_manager - findfont: score(FontEntry(fname='C:\\Windows\\Fonts\\BASKVILL.TTF', name='Baskerville Old Face', style='normal', variant='normal', weight=400, stretch='normal', size='scalable')) = 10.05
15:55:47 [DEBUG   ] matplotlib.font_manager - findfont: score(FontEntry(fname='C:\\Windows\\Fonts\\LeelUIsl.ttf', name='Leelawadee UI', style='normal', variant='normal', weight=350, stretch='normal', size='scalable')) = 10.0975
15:55:47 [DEBUG   ] matplotlib.font_manager - findfont: score(FontEntry(fname='C:\\Windows\\Fonts\\MTEXTRA.TTF', name='MT Extra', style='normal', variant='normal', weight=400, stretch='normal', size='scalable')) = 10.05
15:55:47 [DEBUG   ] matplotlib.font_manager - findfont: score(FontEntry(fname='C:\\Windows\\Fonts\\COOPBL.TTF', name='Cooper Black', style='normal', variant='normal', weight=400, stretch='normal', size='scalable')) = 10.05
15:55:47 [DEBUG   ] matplotlib.font_manager - findfont: score(FontEntry(fname='C:\\Windows\\Fonts\\verdanab.ttf', name='Verdana', style='normal', variant='normal', weight=700, stretch='normal', size='scalable')) = 3.9713636363636367
15:55:47 [DEBUG   ] matplotlib.font_manager - findfont: score(FontEntry(fname='C:\\Windows\\Fonts\\seguisb.ttf', name='Segoe UI', style='normal', variant='normal', weight=600, stretch='normal', size='scalable')) = 10.24
15:55:47 [DEBUG   ] matplotlib.font_manager - findfont: score(FontEntry(fname='C:\\Windows\\Fonts\\consolai.ttf', name='Consolas', style='italic', variant='normal', weight=400, stretch='normal', size='scalable')) = 11.05
15:55:47 [DEBUG   ] matplotlib.font_manager - findfont: score(FontEntry(fname='C:\\Program Files (x86)\\IBM\\SPSS\\Amos\\24\\JRE\\lib\\fonts\\LucidaSansRegular.ttf', name='Lucida Sans', style='normal', variant='normal', weight=400, stretch='normal', size='scalable')) = 10.05
15:55:47 [DEBUG   ] matplotlib.font_manager - findfont: score(FontEntry(fname='C:\\Windows\\Fonts\\GOTHICBI.TTF', name='Century Gothic', style='italic', variant='normal', weight=700, stretch='normal', size='scalable')) = 11.335
15:55:47 [DEBUG   ] matplotlib.font_manager - findfont: score(FontEntry(fname='C:\\Windows\\Fonts\\courbi.ttf', name='Courier New', style='italic', variant='normal', weight=700, stretch='normal', size='scalable')) = 11.335
15:55:47 [DEBUG   ] matplotlib.font_manager - findfont: score(FontEntry(fname='C:\\Windows\\Fonts\\corbel.ttf', name='Corbel', style='normal', variant='normal', weight=400, stretch='normal', size='scalable')) = 10.05
15:55:47 [DEBUG   ] matplotlib.font_manager - findfont: score(FontEntry(fname='C:\\Windows\\Fonts\\BKANT.TTF', name='Book Antiqua', style='normal', variant='normal', weight=400, stretch='normal', size='scalable')) = 10.05
15:55:47 [DEBUG   ] matplotlib.font_manager - findfont: score(FontEntry(fname='C:\\Windows\\Fonts\\LSANSD.TTF', name='Lucida Sans', style='normal', variant='normal', weight=600, stretch='normal', size='scalable')) = 10.24
15:55:47 [DEBUG   ] matplotlib.font_manager - findfont: score(FontEntry(fname='C:\\Windows\\Fonts\\BOD_BLAR.TTF', name='Bodoni MT', style='normal', variant='normal', weight=900, stretch='normal', size='scalable')) = 10.525
15:55:47 [DEBUG   ] matplotlib.font_manager - findfont: score(FontEntry(fname='C:\\Windows\\Fonts\\GOTHIC.TTF', name='Century Gothic', style='normal', variant='normal', weight=400, stretch='normal', size='scalable')) = 10.05
15:55:47 [DEBUG   ] matplotlib.font_manager - findfont: score(FontEntry(fname='C:\\Windows\\Fonts\\verdanai.ttf', name='Verdana', style='italic', variant='normal', weight=400, stretch='normal', size='scalable')) = 4.6863636363636365
15:55:47 [DEBUG   ] matplotlib.font_manager - findfont: score(FontEntry(fname='C:\\Windows\\Fonts\\YuGothB.ttc', name='Yu Gothic', style='normal', variant='normal', weight=700, stretch='normal', size='scalable')) = 10.335
15:55:47 [DEBUG   ] matplotlib.font_manager - findfont: score(FontEntry(fname='C:\\Windows\\Fonts\\SansSerifCollection.ttf', name='Sans Serif Collection', style='normal', variant='normal', weight=400, stretch='normal', size='scalable')) = 10.05
15:55:47 [DEBUG   ] matplotlib.font_manager - findfont: score(FontEntry(fname='C:\\Windows\\Fonts\\TCCB____.TTF', name='Tw Cen MT Condensed', style='normal', variant='normal', weight=700, stretch='condensed', size='scalable')) = 10.535
15:55:47 [DEBUG   ] matplotlib.font_manager - findfont: score(FontEntry(fname='C:\\Windows\\Fonts\\LSANSI.TTF', name='Lucida Sans', style='italic', variant='normal', weight=400, stretch='normal', size='scalable')) = 11.05
15:55:47 [DEBUG   ] matplotlib.font_manager - findfont: score(FontEntry(fname='C:\\Windows\\Fonts\\RAGE.TTF', name='Rage Italic', style='italic', variant='normal', weight=400, stretch='normal', size='scalable')) = 11.05
15:55:47 [DEBUG   ] matplotlib.font_manager - findfont: score(FontEntry(fname='C:\\Program Files (x86)\\IBM\\SPSS\\Amos\\24\\JRE\\lib\\fonts\\LucidaBrightDemiItalic.ttf', name='Lucida Bright', style='italic', variant='normal', weight=700, stretch='normal', size='scalable')) = 11.335
15:55:47 [DEBUG   ] matplotlib.font_manager - findfont: score(FontEntry(fname='C:\\Windows\\Fonts\\timesbd.ttf', name='Times New Roman', style='normal', variant='normal', weight=700, stretch='normal', size='scalable')) = 10.335
15:55:47 [DEBUG   ] matplotlib.font_manager - findfont: score(FontEntry(fname='C:\\Windows\\Fonts\\webdings.ttf', name='Webdings', style='normal', variant='normal', weight=400, stretch='normal', size='scalable')) = 10.05
15:55:47 [DEBUG   ] matplotlib.font_manager - findfont: score(FontEntry(fname='C:\\Windows\\Fonts\\ERASLGHT.TTF', name='Eras Light ITC', style='normal', variant='normal', weight=400, stretch='normal', size='scalable')) = 10.05
15:55:47 [DEBUG   ] matplotlib.font_manager - findfont: score(FontEntry(fname='C:\\Windows\\Fonts\\segoesc.ttf', name='Segoe Script', style='normal', variant='normal', weight=400, stretch='normal', size='scalable')) = 10.05
15:55:47 [DEBUG   ] matplotlib.font_manager - findfont: score(FontEntry(fname='C:\\Windows\\Fonts\\BRADHITC.TTF', name='Bradley Hand ITC', style='normal', variant='normal', weight=400, stretch='normal', size='scalable')) = 10.05
15:55:47 [DEBUG   ] matplotlib.font_manager - findfont: score(FontEntry(fname='C:\\Windows\\Fonts\\timesi.ttf', name='Times New Roman', style='italic', variant='normal', weight=400, stretch='normal', size='scalable')) = 11.05
15:55:47 [DEBUG   ] matplotlib.font_manager - findfont: score(FontEntry(fname='C:\\Windows\\Fonts\\ROCKB.TTF', name='Rockwell', style='normal', variant='normal', weight=700, stretch='normal', size='scalable')) = 10.335
15:55:47 [DEBUG   ] matplotlib.font_manager - findfont: score(FontEntry(fname='C:\\Windows\\Fonts\\SHOWG.TTF', name='Showcard Gothic', style='normal', variant='normal', weight=400, stretch='normal', size='scalable')) = 10.05
15:55:47 [DEBUG   ] matplotlib.font_manager - findfont: score(FontEntry(fname='C:\\Windows\\Fonts\\trebucbd.ttf', name='Trebuchet MS', style='normal', variant='normal', weight=700, stretch='normal', size='scalable')) = 10.335
15:55:47 [DEBUG   ] matplotlib.font_manager - findfont: score(FontEntry(fname='C:\\Windows\\Fonts\\BOOKOSBI.TTF', name='Bookman Old Style', style='italic', variant='normal', weight=600, stretch='normal', size='scalable')) = 11.24
15:55:47 [DEBUG   ] matplotlib.font_manager - findfont: score(FontEntry(fname='C:\\Windows\\Fonts\\TCCEB.TTF', name='Tw Cen MT Condensed Extra Bold', style='normal', variant='normal', weight=400, stretch='condensed', size='scalable')) = 10.25
15:55:47 [DEBUG   ] matplotlib.font_manager - findfont: score(FontEntry(fname='C:\\Windows\\Fonts\\constan.ttf', name='Constantia', style='normal', variant='normal', weight=400, stretch='normal', size='scalable')) = 10.05
15:55:47 [DEBUG   ] matplotlib.font_manager - findfont: score(FontEntry(fname='C:\\Windows\\Fonts\\CALISTBI.TTF', name='Calisto MT', style='italic', variant='normal', weight=700, stretch='normal', size='scalable')) = 11.335
15:55:47 [DEBUG   ] matplotlib.font_manager - findfont: score(FontEntry(fname='C:\\Windows\\Fonts\\FRABK.TTF', name='Franklin Gothic Book', style='normal', variant='normal', weight=400, stretch='normal', size='scalable')) = 10.05
15:55:47 [DEBUG   ] matplotlib.font_manager - findfont: score(FontEntry(fname='C:\\Windows\\Fonts\\HATTEN.TTF', name='Haettenschweiler', style='normal', variant='normal', weight=400, stretch='normal', size='scalable')) = 10.05
15:55:47 [DEBUG   ] matplotlib.font_manager - findfont: score(FontEntry(fname='C:\\Windows\\Fonts\\ARIALNB.TTF', name='Arial', style='normal', variant='normal', weight=700, stretch='condensed', size='scalable')) = 6.8986363636363635
15:55:47 [DEBUG   ] matplotlib.font_manager - findfont: score(FontEntry(fname='C:\\Windows\\Fonts\\malgunbd.ttf', name='Malgun Gothic', style='normal', variant='normal', weight=700, stretch='normal', size='scalable')) = 10.335
15:55:47 [DEBUG   ] matplotlib.font_manager - findfont: score(FontEntry(fname='C:\\Windows\\Fonts\\calibri.ttf', name='Calibri', style='normal', variant='normal', weight=400, stretch='normal', size='scalable')) = 10.05
15:55:47 [DEBUG   ] matplotlib.font_manager - findfont: score(FontEntry(fname='C:\\Windows\\Fonts\\TCBI____.TTF', name='Tw Cen MT', style='italic', variant='normal', weight=700, stretch='normal', size='scalable')) = 11.335
15:55:47 [DEBUG   ] matplotlib.font_manager - findfont: score(FontEntry(fname='C:\\Windows\\Fonts\\LEELAWDB.TTF', name='Leelawadee', style='normal', variant='normal', weight=700, stretch='normal', size='scalable')) = 10.335
15:55:47 [DEBUG   ] matplotlib.font_manager - findfont: score(FontEntry(fname='C:\\Windows\\Fonts\\verdanaz.ttf', name='Verdana', style='italic', variant='normal', weight=700, stretch='normal', size='scalable')) = 4.971363636363637
15:55:47 [DEBUG   ] matplotlib.font_manager - findfont: score(FontEntry(fname='C:\\Windows\\Fonts\\SimsunExtG.ttf', name='SimSun-ExtG', style='normal', variant='normal', weight=400, stretch='normal', size='scalable')) = 10.05
15:55:47 [DEBUG   ] matplotlib.font_manager - findfont: score(FontEntry(fname='C:\\Windows\\Fonts\\DUBAI-MEDIUM.TTF', name='Dubai', style='normal', variant='normal', weight=500, stretch='normal', size='scalable')) = 10.145
15:55:47 [DEBUG   ] matplotlib.font_manager - findfont: score(FontEntry(fname='C:\\Windows\\Fonts\\seguisym.ttf', name='Segoe UI Symbol', style='normal', variant='normal', weight=400, stretch='normal', size='scalable')) = 10.05
15:55:47 [DEBUG   ] matplotlib.font_manager - findfont: score(FontEntry(fname='C:\\Windows\\Fonts\\cambriai.ttf', name='Cambria', style='italic', variant='normal', weight=400, stretch='normal', size='scalable')) = 11.05
15:55:47 [DEBUG   ] matplotlib.font_manager - findfont: score(FontEntry(fname='C:\\Windows\\Fonts\\PAPYRUS.TTF', name='Papyrus', style='normal', variant='normal', weight=400, stretch='normal', size='scalable')) = 10.05
15:55:47 [DEBUG   ] matplotlib.font_manager - findfont: score(FontEntry(fname='C:\\Windows\\Fonts\\MSUIGHUB.TTF', name='Microsoft Uighur', style='normal', variant='normal', weight=700, stretch='normal', size='scalable')) = 10.335
15:55:47 [DEBUG   ] matplotlib.font_manager - findfont: score(FontEntry(fname='C:\\Windows\\Fonts\\MOD20.TTF', name='Modern No. 20', style='normal', variant='normal', weight=400, stretch='normal', size='scalable')) = 10.05
15:55:47 [DEBUG   ] matplotlib.font_manager - findfont: score(FontEntry(fname='C:\\Program Files (x86)\\IBM\\SPSS\\Amos\\24\\JRE\\lib\\fonts\\LucidaSansDemiBold.ttf', name='Lucida Sans', style='normal', variant='normal', weight=700, stretch='normal', size='scalable')) = 10.335
15:55:47 [DEBUG   ] matplotlib.font_manager - findfont: score(FontEntry(fname='C:\\Windows\\Fonts\\RAVIE.TTF', name='Ravie', style='normal', variant='normal', weight=400, stretch='normal', size='scalable')) = 10.05
15:55:47 [DEBUG   ] matplotlib.font_manager - findfont: score(FontEntry(fname='C:\\Windows\\Fonts\\PERTIBD.TTF', name='Perpetua Titling MT', style='normal', variant='normal', weight=700, stretch='normal', size='scalable')) = 10.335
15:55:47 [DEBUG   ] matplotlib.font_manager - findfont: score(FontEntry(fname='C:\\Windows\\Fonts\\LHANDW.TTF', name='Lucida Handwriting', style='italic', variant='normal', weight=400, stretch='normal', size='scalable')) = 11.05
15:55:47 [DEBUG   ] matplotlib.font_manager - findfont: score(FontEntry(fname='C:\\Windows\\Fonts\\FRABKIT.TTF', name='Franklin Gothic Book', style='italic', variant='normal', weight=400, stretch='normal', size='scalable')) = 11.05
15:55:47 [DEBUG   ] matplotlib.font_manager - findfont: score(FontEntry(fname='C:\\Program Files (x86)\\Adobe\\Acrobat DC\\Resource\\Font\\AdobeDevanagari-Italic.otf', name='Adobe Devanagari', style='italic', variant='normal', weight=400, stretch='normal', size='scalable')) = 11.05
15:55:47 [DEBUG   ] matplotlib.font_manager - findfont: score(FontEntry(fname='C:\\Windows\\Fonts\\taile.ttf', name='Microsoft Tai Le', style='normal', variant='normal', weight=400, stretch='normal', size='scalable')) = 10.05
15:55:47 [DEBUG   ] matplotlib.font_manager - findfont: score(FontEntry(fname='C:\\Windows\\Fonts\\segoeuisl.ttf', name='Segoe UI', style='normal', variant='normal', weight=350, stretch='normal', size='scalable')) = 10.0975
15:55:47 [DEBUG   ] matplotlib.font_manager - findfont: score(FontEntry(fname='C:\\Windows\\Fonts\\MSUIGHUR.TTF', name='Microsoft Uighur', style='normal', variant='normal', weight=400, stretch='normal', size='scalable')) = 10.05
15:55:47 [DEBUG   ] matplotlib.font_manager - findfont: score(FontEntry(fname='C:\\Windows\\Fonts\\NIAGENG.TTF', name='Niagara Engraved', style='normal', variant='normal', weight=400, stretch='normal', size='scalable')) = 10.05
15:55:47 [DEBUG   ] matplotlib.font_manager - findfont: score(FontEntry(fname='C:\\Windows\\Fonts\\KUNSTLER.TTF', name='Kunstler Script', style='normal', variant='normal', weight=400, stretch='normal', size='scalable')) = 10.05
15:55:47 [DEBUG   ] matplotlib.font_manager - findfont: score(FontEntry(fname='C:\\Windows\\Fonts\\PERBI___.TTF', name='Perpetua', style='italic', variant='normal', weight=700, stretch='normal', size='scalable')) = 11.335
15:55:47 [DEBUG   ] matplotlib.font_manager - findfont: score(FontEntry(fname='C:\\Windows\\Fonts\\ELEPHNT.TTF', name='Elephant', style='normal', variant='normal', weight=400, stretch='normal', size='scalable')) = 10.05
15:55:47 [DEBUG   ] matplotlib.font_manager - findfont: score(FontEntry(fname='C:\\Windows\\Fonts\\GARA.TTF', name='Garamond', style='normal', variant='normal', weight=400, stretch='normal', size='scalable')) = 10.05
15:55:47 [DEBUG   ] matplotlib.font_manager - findfont: score(FontEntry(fname='C:\\Windows\\Fonts\\msyh.ttc', name='Microsoft YaHei', style='normal', variant='normal', weight=400, stretch='normal', size='scalable')) = 10.05
15:55:47 [DEBUG   ] matplotlib.font_manager - findfont: score(FontEntry(fname='C:\\Windows\\Fonts\\LEELAWAD.TTF', name='Leelawadee', style='normal', variant='normal', weight=400, stretch='normal', size='scalable')) = 10.05
15:55:47 [DEBUG   ] matplotlib.font_manager - findfont: score(FontEntry(fname='C:\\Windows\\Fonts\\constanb.ttf', name='Constantia', style='normal', variant='normal', weight=700, stretch='normal', size='scalable')) = 10.335
15:55:47 [DEBUG   ] matplotlib.font_manager - findfont: score(FontEntry(fname='C:\\Windows\\Fonts\\BOD_CR.TTF', name='Bodoni MT', style='normal', variant='normal', weight=400, stretch='condensed', size='scalable')) = 10.25
15:55:47 [DEBUG   ] matplotlib.font_manager - findfont: score(FontEntry(fname='C:\\Windows\\Fonts\\TCCM____.TTF', name='Tw Cen MT Condensed', style='normal', variant='normal', weight=400, stretch='condensed', size='scalable')) = 10.25
15:55:47 [DEBUG   ] matplotlib.font_manager - findfont: score(FontEntry(fname='C:\\Windows\\Fonts\\OCRAEXT.TTF', name='OCR A Extended', style='normal', variant='normal', weight=400, stretch='expanded', size='scalable')) = 10.25
15:55:47 [DEBUG   ] matplotlib.font_manager - findfont: score(FontEntry(fname='C:\\Windows\\Fonts\\IMPRISHA.TTF', name='Imprint MT Shadow', style='normal', variant='normal', weight=400, stretch='normal', size='scalable')) = 10.05
15:55:47 [DEBUG   ] matplotlib.font_manager - findfont: score(FontEntry(fname='C:\\Windows\\Fonts\\symbol.ttf', name='Symbol', style='normal', variant='normal', weight=400, stretch='normal', size='scalable')) = 10.05
15:55:47 [DEBUG   ] matplotlib.font_manager - findfont: score(FontEntry(fname='C:\\Windows\\Fonts\\constanz.ttf', name='Constantia', style='italic', variant='normal', weight=700, stretch='normal', size='scalable')) = 11.335
15:55:47 [DEBUG   ] matplotlib.font_manager - findfont: score(FontEntry(fname='C:\\Windows\\Fonts\\Inkfree.ttf', name='Ink Free', style='normal', variant='normal', weight=400, stretch='normal', size='scalable')) = 10.05
15:55:47 [DEBUG   ] matplotlib.font_manager - findfont: score(FontEntry(fname='C:\\Windows\\Fonts\\GILLUBCD.TTF', name='Gill Sans Ultra Bold Condensed', style='normal', variant='normal', weight=400, stretch='condensed', size='scalable')) = 10.25
15:55:47 [DEBUG   ] matplotlib.font_manager - findfont: score(FontEntry(fname='C:\\Windows\\Fonts\\HARLOWSI.TTF', name='Harlow Solid Italic', style='italic', variant='normal', weight=400, stretch='normal', size='scalable')) = 11.05
15:55:47 [DEBUG   ] matplotlib.font_manager - findfont: score(FontEntry(fname='C:\\Windows\\Fonts\\taileb.ttf', name='Microsoft Tai Le', style='normal', variant='normal', weight=700, stretch='normal', size='scalable')) = 10.335
15:55:47 [DEBUG   ] matplotlib.font_manager - findfont: score(FontEntry(fname='C:\\Program Files (x86)\\IBM\\SPSS\\Amos\\24\\JRE\\lib\\fonts\\LucidaBrightDemiBold.ttf', name='Lucida Bright', style='normal', variant='normal', weight=700, stretch='normal', size='scalable')) = 10.335
15:55:47 [DEBUG   ] matplotlib.font_manager - findfont: score(FontEntry(fname='C:\\Windows\\Fonts\\STENCIL.TTF', name='Stencil', style='normal', variant='normal', weight=400, stretch='normal', size='scalable')) = 10.05
15:55:47 [DEBUG   ] matplotlib.font_manager - findfont: score(FontEntry(fname='C:\\Windows\\Fonts\\BRITANIC.TTF', name='Britannic Bold', style='normal', variant='normal', weight=400, stretch='normal', size='scalable')) = 10.05
15:55:47 [DEBUG   ] matplotlib.font_manager - findfont: score(FontEntry(fname='C:\\Windows\\Fonts\\malgun.ttf', name='Malgun Gothic', style='normal', variant='normal', weight=400, stretch='normal', size='scalable')) = 10.05
15:55:47 [DEBUG   ] matplotlib.font_manager - findfont: score(FontEntry(fname='C:\\Windows\\Fonts\\ntailu.ttf', name='Microsoft New Tai Lue', style='normal', variant='normal', weight=400, stretch='normal', size='scalable')) = 10.05
15:55:47 [DEBUG   ] matplotlib.font_manager - findfont: score(FontEntry(fname='C:\\Windows\\Fonts\\BRLNSR.TTF', name='Berlin Sans FB', style='normal', variant='normal', weight=400, stretch='normal', size='scalable')) = 10.05
15:55:47 [DEBUG   ] matplotlib.font_manager - findfont: score(FontEntry(fname='C:\\Windows\\Fonts\\mingliub.ttc', name='MingLiU-ExtB', style='normal', variant='normal', weight=400, stretch='normal', size='scalable')) = 10.05
15:55:47 [DEBUG   ] matplotlib.font_manager - findfont: score(FontEntry(fname='C:\\Windows\\Fonts\\BOOKOS.TTF', name='Bookman Old Style', style='normal', variant='normal', weight=300, stretch='normal', size='scalable')) = 10.145
15:55:47 [DEBUG   ] matplotlib.font_manager - findfont: score(FontEntry(fname='C:\\Windows\\Fonts\\GILSANUB.TTF', name='Gill Sans Ultra Bold', style='normal', variant='normal', weight=400, stretch='normal', size='scalable')) = 10.05
15:55:47 [DEBUG   ] matplotlib.font_manager - findfont: score(FontEntry(fname='C:\\Windows\\Fonts\\calibril.ttf', name='Calibri', style='normal', variant='normal', weight=300, stretch='normal', size='scalable')) = 10.145
15:55:47 [DEBUG   ] matplotlib.font_manager - findfont: score(FontEntry(fname='C:\\Windows\\Fonts\\WINGDNG2.TTF', name='Wingdings 2', style='normal', variant='normal', weight=400, stretch='normal', size='scalable')) = 10.05
15:55:47 [DEBUG   ] matplotlib.font_manager - findfont: score(FontEntry(fname='C:\\Windows\\Fonts\\FRAMDCN.TTF', name='Franklin Gothic Medium Cond', style='normal', variant='normal', weight=400, stretch='condensed', size='scalable')) = 10.25
15:55:47 [DEBUG   ] matplotlib.font_manager - findfont: score(FontEntry(fname='C:\\Windows\\Fonts\\BAUHS93.TTF', name='Bauhaus 93', style='normal', variant='normal', weight=400, stretch='normal', size='scalable')) = 10.05
15:55:47 [DEBUG   ] matplotlib.font_manager - findfont: score(FontEntry(fname='C:\\Windows\\Fonts\\ebrimabd.ttf', name='Ebrima', style='normal', variant='normal', weight=700, stretch='normal', size='scalable')) = 10.335
15:55:47 [DEBUG   ] matplotlib.font_manager - findfont: score(FontEntry(fname='C:\\Windows\\Fonts\\LFAXD.TTF', name='Lucida Fax', style='normal', variant='normal', weight=600, stretch='normal', size='scalable')) = 10.24
15:55:47 [DEBUG   ] matplotlib.font_manager - findfont: score(FontEntry(fname='C:\\Windows\\Fonts\\framd.ttf', name='Franklin Gothic Medium', style='normal', variant='normal', weight=400, stretch='normal', size='scalable')) = 10.05
15:55:47 [DEBUG   ] matplotlib.font_manager - findfont: score(FontEntry(fname='C:\\Windows\\Fonts\\ANTQUABI.TTF', name='Book Antiqua', style='italic', variant='normal', weight=700, stretch='normal', size='scalable')) = 11.335
15:55:47 [DEBUG   ] matplotlib.font_manager - findfont: score(FontEntry(fname='C:\\Windows\\Fonts\\mmrtext.ttf', name='Myanmar Text', style='normal', variant='normal', weight=400, stretch='normal', size='scalable')) = 10.05
15:55:47 [DEBUG   ] matplotlib.font_manager - findfont: score(FontEntry(fname='C:\\Windows\\Fonts\\GOTHICI.TTF', name='Century Gothic', style='italic', variant='normal', weight=400, stretch='normal', size='scalable')) = 11.05
15:55:47 [DEBUG   ] matplotlib.font_manager - findfont: score(FontEntry(fname='C:\\Windows\\Fonts\\ANTQUAB.TTF', name='Book Antiqua', style='normal', variant='normal', weight=700, stretch='normal', size='scalable')) = 10.335
15:55:47 [DEBUG   ] matplotlib.font_manager - findfont: score(FontEntry(fname='C:\\Windows\\Fonts\\GOTHICB.TTF', name='Century Gothic', style='normal', variant='normal', weight=700, stretch='normal', size='scalable')) = 10.335
15:55:47 [DEBUG   ] matplotlib.font_manager - findfont: score(FontEntry(fname='C:\\Windows\\Fonts\\arialbi.ttf', name='Arial', style='italic', variant='normal', weight=700, stretch='normal', size='scalable')) = 7.698636363636363
15:55:47 [DEBUG   ] matplotlib.font_manager - findfont: score(FontEntry(fname='C:\\Windows\\Fonts\\WINGDNG3.TTF', name='Wingdings 3', style='normal', variant='normal', weight=400, stretch='normal', size='scalable')) = 10.05
15:55:47 [DEBUG   ] matplotlib.font_manager - findfont: score(FontEntry(fname='C:\\Windows\\Fonts\\cour.ttf', name='Courier New', style='normal', variant='normal', weight=400, stretch='normal', size='scalable')) = 10.05
15:55:47 [DEBUG   ] matplotlib.font_manager - findfont: score(FontEntry(fname='C:\\Windows\\Fonts\\verdana.ttf', name='Verdana', style='normal', variant='normal', weight=400, stretch='normal', size='scalable')) = 3.6863636363636365
15:55:47 [DEBUG   ] matplotlib.font_manager - findfont: score(FontEntry(fname='C:\\Windows\\Fonts\\SegoeIcons.ttf', name='Segoe Fluent Icons', style='normal', variant='normal', weight=400, stretch='normal', size='scalable')) = 10.05
15:55:47 [DEBUG   ] matplotlib.font_manager - findfont: score(FontEntry(fname='C:\\Windows\\Fonts\\VINERITC.TTF', name='Viner Hand ITC', style='normal', variant='normal', weight=400, stretch='normal', size='scalable')) = 10.05
15:55:47 [DEBUG   ] matplotlib.font_manager - findfont: score(FontEntry(fname='C:\\Windows\\Fonts\\msjhl.ttc', name='Microsoft JhengHei', style='normal', variant='normal', weight=290, stretch='normal', size='scalable')) = 10.1545
15:55:47 [DEBUG   ] matplotlib.font_manager - findfont: score(FontEntry(fname='C:\\Windows\\Fonts\\segoeuiz.ttf', name='Segoe UI', style='italic', variant='normal', weight=700, stretch='normal', size='scalable')) = 11.335
15:55:47 [DEBUG   ] matplotlib.font_manager - findfont: score(FontEntry(fname='C:\\Windows\\Fonts\\simsunb.ttf', name='SimSun-ExtB', style='normal', variant='normal', weight=400, stretch='normal', size='scalable')) = 10.05
15:55:47 [DEBUG   ] matplotlib.font_manager - findfont: score(FontEntry(fname='C:\\Program Files (x86)\\Adobe\\Acrobat DC\\Resource\\Font\\AdobeDevanagari-BoldItalic.otf', name='Adobe Devanagari', style='italic', variant='normal', weight=700, stretch='normal', size='scalable')) = 11.335
15:55:47 [DEBUG   ] matplotlib.font_manager - findfont: score(FontEntry(fname='C:\\Windows\\Fonts\\ebrima.ttf', name='Ebrima', style='normal', variant='normal', weight=400, stretch='normal', size='scalable')) = 10.05
15:55:47 [DEBUG   ] matplotlib.font_manager - findfont: score(FontEntry(fname='C:\\Windows\\Fonts\\seguibl.ttf', name='Segoe UI', style='normal', variant='normal', weight=900, stretch='normal', size='scalable')) = 10.525
15:55:47 [DEBUG   ] matplotlib.font_manager - findfont: score(FontEntry(fname='C:\\Windows\\Fonts\\OLDENGL.TTF', name='Old English Text MT', style='normal', variant='normal', weight=400, stretch='normal', size='scalable')) = 10.05
15:55:47 [DEBUG   ] matplotlib.font_manager - findfont: score(FontEntry(fname='C:\\Windows\\Fonts\\MISTRAL.TTF', name='Mistral', style='normal', variant='normal', weight=400, stretch='normal', size='scalable')) = 10.05
15:55:47 [DEBUG   ] matplotlib.font_manager - findfont: score(FontEntry(fname='C:\\Windows\\Fonts\\LATINWD.TTF', name='Wide Latin', style='normal', variant='normal', weight=400, stretch='expanded', size='scalable')) = 10.25
15:55:47 [DEBUG   ] matplotlib.font_manager - findfont: score(FontEntry(fname='C:\\Windows\\Fonts\\ariali.ttf', name='Arial', style='italic', variant='normal', weight=400, stretch='normal', size='scalable')) = 7.413636363636363
15:55:47 [DEBUG   ] matplotlib.font_manager - findfont: score(FontEntry(fname='C:\\Windows\\Fonts\\bahnschrift.ttf', name='Bahnschrift', style='normal', variant='normal', weight=400, stretch='normal', size='scalable')) = 10.05
15:55:47 [DEBUG   ] matplotlib.font_manager - findfont: score(FontEntry(fname='C:\\Windows\\Fonts\\gadugib.ttf', name='Gadugi', style='normal', variant='normal', weight=700, stretch='normal', size='scalable')) = 10.335
15:55:47 [DEBUG   ] matplotlib.font_manager - findfont: score(FontEntry(fname='C:\\Windows\\Fonts\\BELL.TTF', name='Bell MT', style='normal', variant='normal', weight=400, stretch='normal', size='scalable')) = 10.05
15:55:47 [DEBUG   ] matplotlib.font_manager - findfont: score(FontEntry(fname='C:\\Windows\\Fonts\\FREESCPT.TTF', name='Freestyle Script', style='normal', variant='normal', weight=400, stretch='normal', size='scalable')) = 10.05
15:55:47 [DEBUG   ] matplotlib.font_manager - findfont: score(FontEntry(fname='C:\\Windows\\Fonts\\ROCKBI.TTF', name='Rockwell', style='italic', variant='normal', weight=700, stretch='normal', size='scalable')) = 11.335
15:55:47 [DEBUG   ] matplotlib.font_manager - findfont: score(FontEntry(fname='C:\\Windows\\Fonts\\MAGNETOB.TTF', name='Magneto', style='normal', variant='normal', weight=700, stretch='normal', size='scalable')) = 10.335
15:55:47 [DEBUG   ] matplotlib.font_manager - findfont: score(FontEntry(fname='C:\\Windows\\Fonts\\msjhbd.ttc', name='Microsoft JhengHei', style='normal', variant='normal', weight=700, stretch='normal', size='scalable')) = 10.335
15:55:47 [DEBUG   ] matplotlib.font_manager - findfont: score(FontEntry(fname='C:\\Windows\\Fonts\\palab.ttf', name='Palatino Linotype', style='normal', variant='normal', weight=700, stretch='normal', size='scalable')) = 10.335
15:55:47 [DEBUG   ] matplotlib.font_manager - findfont: score(FontEntry(fname='C:\\Windows\\Fonts\\DUBAI-REGULAR.TTF', name='Dubai', style='normal', variant='normal', weight=400, stretch='normal', size='scalable')) = 10.05
15:55:47 [DEBUG   ] matplotlib.font_manager - findfont: score(FontEntry(fname='C:\\Windows\\Fonts\\msjh.ttc', name='Microsoft JhengHei', style='normal', variant='normal', weight=400, stretch='normal', size='scalable')) = 10.05
15:55:47 [DEBUG   ] matplotlib.font_manager - findfont: score(FontEntry(fname='C:\\Windows\\Fonts\\MAIAN.TTF', name='Maiandra GD', style='normal', variant='normal', weight=400, stretch='normal', size='scalable')) = 10.05
15:55:47 [DEBUG   ] matplotlib.font_manager - findfont: score(FontEntry(fname='C:\\Windows\\Fonts\\FRSCRIPT.TTF', name='French Script MT', style='normal', variant='normal', weight=400, stretch='normal', size='scalable')) = 10.05
15:55:47 [DEBUG   ] matplotlib.font_manager - findfont: score(FontEntry(fname='C:\\Program Files (x86)\\IBM\\SPSS\\Amos\\24\\JRE\\lib\\fonts\\LucidaTypewriterRegular.ttf', name='Lucida Sans Typewriter', style='normal', variant='normal', weight=400, stretch='normal', size='scalable')) = 10.05
15:55:47 [DEBUG   ] matplotlib.font_manager - findfont: score(FontEntry(fname='C:\\Windows\\Fonts\\cambria.ttc', name='Cambria', style='normal', variant='normal', weight=400, stretch='normal', size='scalable')) = 10.05
15:55:47 [DEBUG   ] matplotlib.font_manager - findfont: score(FontEntry(fname='C:\\Windows\\Fonts\\msyhbd.ttc', name='Microsoft YaHei', style='normal', variant='normal', weight=700, stretch='normal', size='scalable')) = 10.335
15:55:47 [DEBUG   ] matplotlib.font_manager - findfont: score(FontEntry(fname='C:\\Windows\\Fonts\\FRADMIT.TTF', name='Franklin Gothic Demi', style='italic', variant='normal', weight=400, stretch='normal', size='scalable')) = 11.05
15:55:47 [DEBUG   ] matplotlib.font_manager - findfont: score(FontEntry(fname='C:\\Windows\\Fonts\\phagspab.ttf', name='Microsoft PhagsPa', style='normal', variant='normal', weight=700, stretch='normal', size='scalable')) = 10.335
15:55:47 [DEBUG   ] matplotlib.font_manager - findfont: score(FontEntry(fname='C:\\Windows\\Fonts\\TCMI____.TTF', name='Tw Cen MT', style='italic', variant='normal', weight=400, stretch='normal', size='scalable')) = 11.05
15:55:47 [DEBUG   ] matplotlib.font_manager - findfont: score(FontEntry(fname='C:\\Windows\\Fonts\\BOD_CBI.TTF', name='Bodoni MT', style='italic', variant='normal', weight=700, stretch='condensed', size='scalable')) = 11.535
15:55:47 [DEBUG   ] matplotlib.font_manager - findfont: score(FontEntry(fname='C:\\Windows\\Fonts\\calibriz.ttf', name='Calibri', style='italic', variant='normal', weight=700, stretch='normal', size='scalable')) = 11.335
15:55:47 [DEBUG   ] matplotlib.font_manager - findfont: score(FontEntry(fname='C:\\Windows\\Fonts\\seguibli.ttf', name='Segoe UI', style='italic', variant='normal', weight=900, stretch='normal', size='scalable')) = 11.525
15:55:47 [DEBUG   ] matplotlib.font_manager - findfont: score(FontEntry(fname='C:\\Windows\\Fonts\\courbd.ttf', name='Courier New', style='normal', variant='normal', weight=700, stretch='normal', size='scalable')) = 10.335
15:55:47 [DEBUG   ] matplotlib.font_manager - findfont: score(FontEntry(fname='C:\\Windows\\Fonts\\BOD_PSTC.TTF', name='Bodoni MT', style='normal', variant='normal', weight=300, stretch='normal', size='scalable')) = 10.145
15:55:47 [DEBUG   ] matplotlib.font_manager - findfont: score(FontEntry(fname='C:\\Windows\\Fonts\\cambriab.ttf', name='Cambria', style='normal', variant='normal', weight=700, stretch='normal', size='scalable')) = 10.335
15:55:47 [DEBUG   ] matplotlib.font_manager - findfont: score(FontEntry(fname='C:\\Windows\\Fonts\\georgiai.ttf', name='Georgia', style='italic', variant='normal', weight=400, stretch='normal', size='scalable')) = 11.05
15:55:47 [DEBUG   ] matplotlib.font_manager - findfont: score(FontEntry(fname='C:\\Windows\\Fonts\\CALIFI.TTF', name='Californian FB', style='italic', variant='normal', weight=400, stretch='normal', size='scalable')) = 11.05
15:55:47 [DEBUG   ] matplotlib.font_manager - findfont: score(FontEntry(fname='C:\\Windows\\Fonts\\mmrtextb.ttf', name='Myanmar Text', style='normal', variant='normal', weight=700, stretch='normal', size='scalable')) = 10.335
15:55:47 [DEBUG   ] matplotlib.font_manager - findfont: score(FontEntry(fname='C:\\Windows\\Fonts\\SCHLBKB.TTF', name='Century Schoolbook', style='normal', variant='normal', weight=700, stretch='normal', size='scalable')) = 10.335
15:55:47 [DEBUG   ] matplotlib.font_manager - findfont: score(FontEntry(fname='C:\\Windows\\Fonts\\OUTLOOK.TTF', name='MS Outlook', style='normal', variant='normal', weight=400, stretch='normal', size='scalable')) = 10.05
15:55:47 [DEBUG   ] matplotlib.font_manager - findfont: score(FontEntry(fname='C:\\Windows\\Fonts\\georgia.ttf', name='Georgia', style='normal', variant='normal', weight=400, stretch='normal', size='scalable')) = 10.05
15:55:47 [DEBUG   ] matplotlib.font_manager - findfont: score(FontEntry(fname='C:\\Windows\\Fonts\\BELLB.TTF', name='Bell MT', style='normal', variant='normal', weight=700, stretch='normal', size='scalable')) = 10.335
15:55:47 [DEBUG   ] matplotlib.font_manager - findfont: score(FontEntry(fname='C:\\Windows\\Fonts\\ERASDEMI.TTF', name='Eras Demi ITC', style='normal', variant='normal', weight=400, stretch='normal', size='scalable')) = 10.05
15:55:47 [DEBUG   ] matplotlib.font_manager - findfont: score(FontEntry(fname='C:\\Windows\\Fonts\\framdit.ttf', name='Franklin Gothic Medium', style='italic', variant='normal', weight=400, stretch='normal', size='scalable')) = 11.05
15:55:47 [DEBUG   ] matplotlib.font_manager - findfont: score(FontEntry(fname='C:\\Windows\\Fonts\\GOUDYSTO.TTF', name='Goudy Stout', style='normal', variant='normal', weight=400, stretch='normal', size='scalable')) = 10.05
15:55:47 [DEBUG   ] matplotlib.font_manager - findfont: score(FontEntry(fname='C:\\Windows\\Fonts\\CALIST.TTF', name='Calisto MT', style='normal', variant='normal', weight=400, stretch='normal', size='scalable')) = 10.05
15:55:47 [DEBUG   ] matplotlib.font_manager - findfont: score(FontEntry(fname='C:\\Program Files (x86)\\IBM\\SPSS\\Amos\\24\\JRE\\lib\\fonts\\LucidaBrightItalic.ttf', name='Lucida Bright', style='italic', variant='normal', weight=400, stretch='normal', size='scalable')) = 11.05
15:55:47 [DEBUG   ] matplotlib.font_manager - findfont: score(FontEntry(fname='C:\\Windows\\Fonts\\CHILLER.TTF', name='Chiller', style='normal', variant='normal', weight=400, stretch='normal', size='scalable')) = 10.05
15:55:47 [DEBUG   ] matplotlib.font_manager - findfont: score(FontEntry(fname='C:\\Windows\\Fonts\\ZWAdobeF.TTF', name='ZWAdobeF', style='normal', variant='normal', weight=400, stretch='normal', size='scalable')) = 10.05
15:55:47 [DEBUG   ] matplotlib.font_manager - findfont: score(FontEntry(fname='C:\\Windows\\Fonts\\monbaiti.ttf', name='Mongolian Baiti', style='normal', variant='normal', weight=400, stretch='normal', size='scalable')) = 10.05
15:55:47 [DEBUG   ] matplotlib.font_manager - findfont: score(FontEntry(fname='C:\\Windows\\Fonts\\GILI____.TTF', name='Gill Sans MT', style='italic', variant='normal', weight=400, stretch='normal', size='scalable')) = 11.05
15:55:47 [DEBUG   ] matplotlib.font_manager - findfont: score(FontEntry(fname='C:\\Windows\\Fonts\\SCHLBKI.TTF', name='Century Schoolbook', style='italic', variant='normal', weight=400, stretch='normal', size='scalable')) = 11.05
15:55:47 [DEBUG   ] matplotlib.font_manager - findfont: score(FontEntry(fname='C:\\Windows\\Fonts\\BRUSHSCI.TTF', name='Brush Script MT', style='italic', variant='normal', weight=400, stretch='normal', size='scalable')) = 11.05
15:55:47 [DEBUG   ] matplotlib.font_manager - findfont: score(FontEntry(fname='C:\\Windows\\Fonts\\georgiaz.ttf', name='Georgia', style='italic', variant='normal', weight=700, stretch='normal', size='scalable')) = 11.335
15:55:47 [DEBUG   ] matplotlib.font_manager - findfont: score(FontEntry(fname='C:\\Windows\\Fonts\\corbelz.ttf', name='Corbel', style='italic', variant='normal', weight=700, stretch='normal', size='scalable')) = 11.335
15:55:47 [DEBUG   ] matplotlib.font_manager - findfont: score(FontEntry(fname='C:\\Windows\\Fonts\\INFROMAN.TTF', name='Informal Roman', style='normal', variant='normal', weight=400, stretch='normal', size='scalable')) = 10.05
15:55:47 [DEBUG   ] matplotlib.font_manager - findfont: score(FontEntry(fname='C:\\Windows\\Fonts\\Candarab.ttf', name='Candara', style='normal', variant='normal', weight=700, stretch='normal', size='scalable')) = 10.335
15:55:47 [DEBUG   ] matplotlib.font_manager - findfont: score(FontEntry(fname='C:\\Windows\\Fonts\\FRAHVIT.TTF', name='Franklin Gothic Heavy', style='italic', variant='normal', weight=400, stretch='normal', size='scalable')) = 11.05
15:55:47 [DEBUG   ] matplotlib.font_manager - findfont: score(FontEntry(fname='C:\\Windows\\Fonts\\Candaral.ttf', name='Candara', style='normal', variant='normal', weight=400, stretch='normal', size='scalable')) = 10.05
15:55:47 [DEBUG   ] matplotlib.font_manager - findfont: score(FontEntry(fname='C:\\Windows\\Fonts\\ITCKRIST.TTF', name='Kristen ITC', style='normal', variant='normal', weight=400, stretch='normal', size='scalable')) = 10.05
15:55:47 [DEBUG   ] matplotlib.font_manager - findfont: score(FontEntry(fname='C:\\Windows\\Fonts\\ENGR.TTF', name='Engravers MT', style='normal', variant='normal', weight=500, stretch='normal', size='scalable')) = 10.145
15:55:47 [DEBUG   ] matplotlib.font_manager - findfont: score(FontEntry(fname='C:\\Windows\\Fonts\\ITCBLKAD.TTF', name='Blackadder ITC', style='normal', variant='normal', weight=400, stretch='normal', size='scalable')) = 10.05
15:55:47 [DEBUG   ] matplotlib.font_manager - findfont: score(FontEntry(fname='C:\\Windows\\Fonts\\seguisbi.ttf', name='Segoe UI', style='italic', variant='normal', weight=600, stretch='normal', size='scalable')) = 11.24
15:55:47 [DEBUG   ] matplotlib.font_manager - findfont: score(FontEntry(fname='C:\\Windows\\Fonts\\GLSNECB.TTF', name='Gill Sans MT Ext Condensed Bold', style='normal', variant='normal', weight=400, stretch='condensed', size='scalable')) = 10.25
15:55:47 [DEBUG   ] matplotlib.font_manager - findfont: score(FontEntry(fname='C:\\Windows\\Fonts\\VIVALDII.TTF', name='Vivaldi', style='italic', variant='normal', weight=400, stretch='normal', size='scalable')) = 11.05
15:55:47 [DEBUG   ] matplotlib.font_manager - findfont: score(FontEntry(fname='C:\\Windows\\Fonts\\SegUIVar.ttf', name='Segoe UI Variable', style='normal', variant='normal', weight=400, stretch='normal', size='scalable')) = 10.05
15:55:47 [DEBUG   ] matplotlib.font_manager - findfont: score(FontEntry(fname='C:\\Windows\\Fonts\\LFAXDI.TTF', name='Lucida Fax', style='italic', variant='normal', weight=600, stretch='normal', size='scalable')) = 11.24
15:55:47 [DEBUG   ] matplotlib.font_manager - findfont: score(FontEntry(fname='C:\\Windows\\Fonts\\CALIFB.TTF', name='Californian FB', style='normal', variant='normal', weight=700, stretch='normal', size='scalable')) = 10.335
15:55:47 [DEBUG   ] matplotlib.font_manager - findfont: score(FontEntry(fname='C:\\Windows\\Fonts\\segmdl2.ttf', name='Segoe MDL2 Assets', style='normal', variant='normal', weight=400, stretch='normal', size='scalable')) = 10.05
15:55:47 [DEBUG   ] matplotlib.font_manager - findfont: score(FontEntry(fname='C:\\Windows\\Fonts\\LBRITE.TTF', name='Lucida Bright', style='normal', variant='normal', weight=400, stretch='normal', size='scalable')) = 10.05
15:55:47 [DEBUG   ] matplotlib.font_manager - findfont: score(FontEntry(fname='C:\\Windows\\Fonts\\AGENCYR.TTF', name='Agency FB', style='normal', variant='normal', weight=400, stretch='normal', size='scalable')) = 10.05
15:55:47 [DEBUG   ] matplotlib.font_manager - findfont: score(FontEntry(fname='C:\\Windows\\Fonts\\CURLZ___.TTF', name='Curlz MT', style='normal', variant='normal', weight=400, stretch='normal', size='scalable')) = 10.05
15:55:47 [DEBUG   ] matplotlib.font_manager - findfont: score(FontEntry(fname='C:\\Windows\\Fonts\\trebucit.ttf', name='Trebuchet MS', style='italic', variant='normal', weight=400, stretch='normal', size='scalable')) = 11.05
15:55:47 [DEBUG   ] matplotlib.font_manager - findfont: score(FontEntry(fname='C:\\Windows\\Fonts\\seguili.ttf', name='Segoe UI', style='italic', variant='normal', weight=300, stretch='normal', size='scalable')) = 11.145
15:55:47 [DEBUG   ] matplotlib.font_manager - findfont: score(FontEntry(fname='C:\\Windows\\Fonts\\GIGI.TTF', name='Gigi', style='normal', variant='normal', weight=400, stretch='normal', size='scalable')) = 10.05
15:55:47 [DEBUG   ] matplotlib.font_manager - findfont: score(FontEntry(fname='C:\\Windows\\Fonts\\cambriaz.ttf', name='Cambria', style='italic', variant='normal', weight=700, stretch='normal', size='scalable')) = 11.335
15:55:47 [DEBUG   ] matplotlib.font_manager - findfont: score(FontEntry(fname='C:\\Windows\\Fonts\\corbelli.ttf', name='Corbel', style='italic', variant='normal', weight=300, stretch='normal', size='scalable')) = 11.145
15:55:47 [DEBUG   ] matplotlib.font_manager - findfont: score(FontEntry(fname='C:\\Windows\\Fonts\\calibrili.ttf', name='Calibri', style='italic', variant='normal', weight=300, stretch='normal', size='scalable')) = 11.145
15:55:47 [DEBUG   ] matplotlib.font_manager - findfont: score(FontEntry(fname='C:\\Windows\\Fonts\\CENSCBK.TTF', name='Century Schoolbook', style='normal', variant='normal', weight=400, stretch='normal', size='scalable')) = 10.05
15:55:47 [DEBUG   ] matplotlib.font_manager - findfont: score(FontEntry(fname='C:\\Windows\\Fonts\\ariblk.ttf', name='Arial', style='normal', variant='normal', weight=900, stretch='normal', size='scalable')) = 6.888636363636364
15:55:47 [DEBUG   ] matplotlib.font_manager - findfont: score(FontEntry(fname='C:\\Windows\\Fonts\\SCRIPTBL.TTF', name='Script MT Bold', style='normal', variant='normal', weight=700, stretch='normal', size='scalable')) = 10.335
15:55:47 [DEBUG   ] matplotlib.font_manager - findfont: score(FontEntry(fname='C:\\Windows\\Fonts\\Candaraz.ttf', name='Candara', style='italic', variant='normal', weight=700, stretch='normal', size='scalable')) = 11.335
15:55:47 [DEBUG   ] matplotlib.font_manager - findfont: score(FontEntry(fname='C:\\Windows\\Fonts\\SitkaVF-Italic.ttf', name='Sitka', style='italic', variant='normal', weight=400, stretch='normal', size='scalable')) = 11.05
15:55:47 [DEBUG   ] matplotlib.font_manager - findfont: score(FontEntry(fname='C:\\Windows\\Fonts\\BRLNSDB.TTF', name='Berlin Sans FB Demi', style='normal', variant='normal', weight=700, stretch='normal', size='scalable')) = 10.335
15:55:47 [DEBUG   ] matplotlib.font_manager - findfont: score(FontEntry(fname='C:\\Program Files (x86)\\Adobe\\Acrobat DC\\Resource\\Font\\AdobeDevanagari-Regular.otf', name='Adobe Devanagari', style='normal', variant='normal', weight=400, stretch='normal', size='scalable')) = 10.05
15:55:47 [DEBUG   ] matplotlib.font_manager - findfont: score(FontEntry(fname='C:\\Windows\\Fonts\\trebuc.ttf', name='Trebuchet MS', style='normal', variant='normal', weight=400, stretch='normal', size='scalable')) = 10.05
15:55:47 [DEBUG   ] matplotlib.font_manager - findfont: score(FontEntry(fname='C:\\Windows\\Fonts\\arial.ttf', name='Arial', style='normal', variant='normal', weight=400, stretch='normal', size='scalable')) = 6.413636363636363
15:55:47 [DEBUG   ] matplotlib.font_manager - findfont: score(FontEntry(fname='C:\\Windows\\Fonts\\impact.ttf', name='Impact', style='normal', variant='normal', weight=400, stretch='normal', size='scalable')) = 10.05
15:55:47 [DEBUG   ] matplotlib.font_manager - findfont: score(FontEntry(fname='C:\\Windows\\Fonts\\comicbd.ttf', name='Comic Sans MS', style='normal', variant='normal', weight=700, stretch='normal', size='scalable')) = 10.335
15:55:47 [DEBUG   ] matplotlib.font_manager - findfont: score(FontEntry(fname='C:\\Windows\\Fonts\\FRADM.TTF', name='Franklin Gothic Demi', style='normal', variant='normal', weight=400, stretch='normal', size='scalable')) = 10.05
15:55:47 [DEBUG   ] matplotlib.font_manager - findfont: score(FontEntry(fname='C:\\Windows\\Fonts\\l_10646.ttf', name='Lucida Sans Unicode', style='normal', variant='normal', weight=400, stretch='normal', size='scalable')) = 10.05
15:55:47 [DEBUG   ] matplotlib.font_manager - findfont: score(FontEntry(fname='C:\\Windows\\Fonts\\BOOKOSI.TTF', name='Bookman Old Style', style='italic', variant='normal', weight=300, stretch='normal', size='scalable')) = 11.145
15:55:47 [DEBUG   ] matplotlib.font_manager - findfont: score(FontEntry(fname='C:\\Windows\\Fonts\\LFAX.TTF', name='Lucida Fax', style='normal', variant='normal', weight=400, stretch='normal', size='scalable')) = 10.05
15:55:47 [DEBUG   ] matplotlib.font_manager - findfont: score(FontEntry(fname='C:\\Windows\\Fonts\\SCHLBKBI.TTF', name='Century Schoolbook', style='italic', variant='normal', weight=700, stretch='normal', size='scalable')) = 11.335
15:55:47 [DEBUG   ] matplotlib.font_manager - findfont: score(FontEntry(fname='C:\\Windows\\Fonts\\segoeuii.ttf', name='Segoe UI', style='italic', variant='normal', weight=400, stretch='normal', size='scalable')) = 11.05
15:55:47 [DEBUG   ] matplotlib.font_manager - findfont: score(FontEntry(fname='C:\\Windows\\Fonts\\BOD_B.TTF', name='Bodoni MT', style='normal', variant='normal', weight=700, stretch='normal', size='scalable')) = 10.335
15:55:47 [DEBUG   ] matplotlib.font_manager - findfont: score(FontEntry(fname='C:\\Windows\\Fonts\\BOD_CI.TTF', name='Bodoni MT', style='italic', variant='normal', weight=400, stretch='condensed', size='scalable')) = 11.25
15:55:47 [DEBUG   ] matplotlib.font_manager - findfont: score(FontEntry(fname='C:\\Windows\\Fonts\\FRADMCN.TTF', name='Franklin Gothic Demi Cond', style='normal', variant='normal', weight=400, stretch='condensed', size='scalable')) = 10.25
15:55:47 [DEBUG   ] matplotlib.font_manager - findfont: score(FontEntry(fname='C:\\Windows\\Fonts\\corbell.ttf', name='Corbel', style='normal', variant='normal', weight=300, stretch='normal', size='scalable')) = 10.145
15:55:47 [DEBUG   ] matplotlib.font_manager - findfont: score(FontEntry(fname='C:\\Windows\\Fonts\\segoeuil.ttf', name='Segoe UI', style='normal', variant='normal', weight=300, stretch='normal', size='scalable')) = 10.145
15:55:47 [DEBUG   ] matplotlib.font_manager - findfont: score(FontEntry(fname='C:\\Windows\\Fonts\\consolab.ttf', name='Consolas', style='normal', variant='normal', weight=700, stretch='normal', size='scalable')) = 10.335
15:55:47 [DEBUG   ] matplotlib.font_manager - findfont: score(FontEntry(fname='C:\\Windows\\Fonts\\CALISTI.TTF', name='Calisto MT', style='italic', variant='normal', weight=400, stretch='normal', size='scalable')) = 11.05
15:55:47 [DEBUG   ] matplotlib.font_manager - findfont: score(FontEntry(fname='C:\\Windows\\Fonts\\malgunsl.ttf', name='Malgun Gothic', style='normal', variant='normal', weight=300, stretch='normal', size='scalable')) = 10.145
15:55:47 [DEBUG   ] matplotlib.font_manager - findfont: score(FontEntry(fname='C:\\Windows\\Fonts\\seguihis.ttf', name='Segoe UI Historic', style='normal', variant='normal', weight=400, stretch='normal', size='scalable')) = 10.05
15:55:47 [DEBUG   ] matplotlib.font_manager - findfont: score(FontEntry(fname='C:\\Windows\\Fonts\\ntailub.ttf', name='Microsoft New Tai Lue', style='normal', variant='normal', weight=700, stretch='normal', size='scalable')) = 10.335
15:55:47 [DEBUG   ] matplotlib.font_manager - findfont: score(FontEntry(fname='C:\\Windows\\Fonts\\GILBI___.TTF', name='Gill Sans MT', style='italic', variant='normal', weight=700, stretch='normal', size='scalable')) = 11.335
15:55:47 [DEBUG   ] matplotlib.font_manager - findfont: score(FontEntry(fname='C:\\Windows\\Fonts\\mvboli.ttf', name='MV Boli', style='normal', variant='normal', weight=400, stretch='normal', size='scalable')) = 10.05
15:55:47 [DEBUG   ] matplotlib.font_manager - findfont: score(FontEntry(fname='C:\\Windows\\Fonts\\trebucbi.ttf', name='Trebuchet MS', style='italic', variant='normal', weight=700, stretch='normal', size='scalable')) = 11.335
15:55:47 [DEBUG   ] matplotlib.font_manager - findfont: score(FontEntry(fname='C:\\Windows\\Fonts\\COPRGTB.TTF', name='Copperplate Gothic Bold', style='normal', variant='normal', weight=400, stretch='normal', size='scalable')) = 10.05
15:55:47 [DEBUG   ] matplotlib.font_manager - findfont: score(FontEntry(fname='C:\\Windows\\Fonts\\REFSPCL.TTF', name='MS Reference Specialty', style='normal', variant='normal', weight=400, stretch='normal', size='scalable')) = 10.05
15:55:47 [DEBUG   ] matplotlib.font_manager - findfont: score(FontEntry(fname='C:\\Windows\\Fonts\\LCALLIG.TTF', name='Lucida Calligraphy', style='italic', variant='normal', weight=400, stretch='normal', size='scalable')) = 11.05
15:55:47 [DEBUG   ] matplotlib.font_manager - findfont: score(FontEntry(fname='C:\\Windows\\Fonts\\PLAYBILL.TTF', name='Playbill', style='normal', variant='normal', weight=400, stretch='normal', size='scalable')) = 10.05
15:55:47 [DEBUG   ] matplotlib.font_manager - findfont: score(FontEntry(fname='C:\\Windows\\Fonts\\segoescb.ttf', name='Segoe Script', style='normal', variant='normal', weight=700, stretch='normal', size='scalable')) = 10.335
15:55:47 [DEBUG   ] matplotlib.font_manager - findfont: score(FontEntry(fname='C:\\Windows\\Fonts\\corbelb.ttf', name='Corbel', style='normal', variant='normal', weight=700, stretch='normal', size='scalable')) = 10.335
15:55:47 [DEBUG   ] matplotlib.font_manager - findfont: score(FontEntry(fname='C:\\Windows\\Fonts\\palai.ttf', name='Palatino Linotype', style='italic', variant='normal', weight=400, stretch='normal', size='scalable')) = 11.05
15:55:47 [DEBUG   ] matplotlib.font_manager - findfont: score(FontEntry(fname='C:\\Windows\\Fonts\\phagspa.ttf', name='Microsoft PhagsPa', style='normal', variant='normal', weight=400, stretch='normal', size='scalable')) = 10.05
15:55:47 [DEBUG   ] matplotlib.font_manager - findfont: score(FontEntry(fname='C:\\Windows\\Fonts\\himalaya.ttf', name='Microsoft Himalaya', style='normal', variant='normal', weight=400, stretch='normal', size='scalable')) = 10.05
15:55:47 [DEBUG   ] matplotlib.font_manager - findfont: score(FontEntry(fname='C:\\Windows\\Fonts\\HARNGTON.TTF', name='Harrington', style='normal', variant='normal', weight=400, stretch='normal', size='scalable')) = 10.05
15:55:47 [DEBUG   ] matplotlib.font_manager - findfont: score(FontEntry(fname='C:\\Windows\\Fonts\\ONYX.TTF', name='Onyx', style='normal', variant='normal', weight=400, stretch='normal', size='scalable')) = 10.05
15:55:47 [DEBUG   ] matplotlib.font_manager - findfont: score(FontEntry(fname='C:\\Windows\\Fonts\\CASTELAR.TTF', name='Castellar', style='normal', variant='normal', weight=400, stretch='normal', size='scalable')) = 10.05
15:55:47 [DEBUG   ] matplotlib.font_manager - findfont: score(FontEntry(fname='C:\\Windows\\Fonts\\GOUDOSI.TTF', name='Goudy Old Style', style='italic', variant='normal', weight=400, stretch='normal', size='scalable')) = 11.05
15:55:47 [DEBUG   ] matplotlib.font_manager - findfont: score(FontEntry(fname='C:\\Windows\\Fonts\\ALGER.TTF', name='Algerian', style='normal', variant='normal', weight=400, stretch='normal', size='scalable')) = 10.05
15:55:47 [DEBUG   ] matplotlib.font_manager - findfont: score(FontEntry(fname='C:\\Windows\\Fonts\\segoeui.ttf', name='Segoe UI', style='normal', variant='normal', weight=400, stretch='normal', size='scalable')) = 10.05
15:55:47 [DEBUG   ] matplotlib.font_manager - findfont: score(FontEntry(fname='C:\\Windows\\Fonts\\BRLNSB.TTF', name='Berlin Sans FB', style='normal', variant='normal', weight=700, stretch='normal', size='scalable')) = 10.335
15:55:47 [DEBUG   ] matplotlib.font_manager - findfont: score(FontEntry(fname='C:\\Windows\\Fonts\\javatext.ttf', name='Javanese Text', style='normal', variant='normal', weight=400, stretch='normal', size='scalable')) = 10.05
15:55:47 [DEBUG   ] matplotlib.font_manager - findfont: score(FontEntry(fname='C:\\Windows\\Fonts\\BROADW.TTF', name='Broadway', style='normal', variant='normal', weight=400, stretch='normal', size='scalable')) = 10.05
15:55:47 [DEBUG   ] matplotlib.font_manager - findfont: score(FontEntry(fname='C:\\Windows\\Fonts\\LTYPEO.TTF', name='Lucida Sans Typewriter', style='oblique', variant='normal', weight=400, stretch='normal', size='scalable')) = 11.05
15:55:47 [DEBUG   ] matplotlib.font_manager - findfont: score(FontEntry(fname='C:\\Windows\\Fonts\\ARIALN.TTF', name='Arial', style='normal', variant='normal', weight=400, stretch='condensed', size='scalable')) = 6.613636363636363
15:55:47 [DEBUG   ] matplotlib.font_manager - findfont: score(FontEntry(fname='C:\\Windows\\Fonts\\comic.ttf', name='Comic Sans MS', style='normal', variant='normal', weight=400, stretch='normal', size='scalable')) = 10.05
15:55:47 [DEBUG   ] matplotlib.font_manager - findfont: score(FontEntry(fname='C:\\Windows\\Fonts\\GARABD.TTF', name='Garamond', style='normal', variant='normal', weight=700, stretch='normal', size='scalable')) = 10.335
15:55:47 [DEBUG   ] matplotlib.font_manager - findfont: score(FontEntry(fname='C:\\Windows\\Fonts\\JOKERMAN.TTF', name='Jokerman', style='normal', variant='normal', weight=400, stretch='normal', size='scalable')) = 10.05
15:55:47 [DEBUG   ] matplotlib.font_manager - findfont: score(FontEntry(fname='C:\\Windows\\Fonts\\CascadiaCode.ttf', name='Cascadia Code', style='normal', variant='normal', weight=400, stretch='normal', size='scalable')) = 10.05
15:55:47 [DEBUG   ] matplotlib.font_manager - findfont: score(FontEntry(fname='C:\\Windows\\Fonts\\VLADIMIR.TTF', name='Vladimir Script', style='normal', variant='normal', weight=400, stretch='normal', size='scalable')) = 10.05
15:55:47 [DEBUG   ] matplotlib.font_manager - findfont: score(FontEntry(fname='C:\\Windows\\Fonts\\GILB____.TTF', name='Gill Sans MT', style='normal', variant='normal', weight=700, stretch='normal', size='scalable')) = 10.335
15:55:47 [DEBUG   ] matplotlib.font_manager - findfont: score(FontEntry(fname='C:\\Windows\\Fonts\\palabi.ttf', name='Palatino Linotype', style='italic', variant='normal', weight=700, stretch='normal', size='scalable')) = 11.335
15:55:47 [DEBUG   ] matplotlib.font_manager - findfont: score(FontEntry(fname='C:\\Windows\\Fonts\\BOD_CB.TTF', name='Bodoni MT', style='normal', variant='normal', weight=700, stretch='condensed', size='scalable')) = 10.535
15:55:47 [DEBUG   ] matplotlib.font_manager - findfont: score(FontEntry(fname='C:\\Windows\\Fonts\\GARAIT.TTF', name='Garamond', style='italic', variant='normal', weight=400, stretch='normal', size='scalable')) = 11.05
15:55:47 [DEBUG   ] matplotlib.font_manager - findfont: score(FontEntry(fname='C:\\Windows\\Fonts\\FRAHV.TTF', name='Franklin Gothic Heavy', style='normal', variant='normal', weight=400, stretch='normal', size='scalable')) = 10.05
15:55:47 [DEBUG   ] matplotlib.font_manager - findfont: score(FontEntry(fname='C:\\Windows\\Fonts\\BOD_BI.TTF', name='Bodoni MT', style='italic', variant='normal', weight=700, stretch='normal', size='scalable')) = 11.335
15:55:47 [DEBUG   ] matplotlib.font_manager - findfont: score(FontEntry(fname='C:\\Windows\\Fonts\\Candara.ttf', name='Candara', style='normal', variant='normal', weight=400, stretch='normal', size='scalable')) = 10.05
15:55:47 [DEBUG   ] matplotlib.font_manager - findfont: score(FontEntry(fname='C:\\Windows\\Fonts\\BERNHC.TTF', name='Bernard MT Condensed', style='normal', variant='normal', weight=400, stretch='condensed', size='scalable')) = 10.25
15:55:47 [DEBUG   ] matplotlib.font_manager - findfont: score(FontEntry(fname='C:\\Windows\\Fonts\\ERASBD.TTF', name='Eras Bold ITC', style='normal', variant='normal', weight=400, stretch='normal', size='scalable')) = 10.05
15:55:47 [DEBUG   ] matplotlib.font_manager - findfont: score(FontEntry(fname='C:\\Windows\\Fonts\\YuGothL.ttc', name='Yu Gothic', style='normal', variant='normal', weight=300, stretch='normal', size='scalable')) = 10.145
15:55:47 [DEBUG   ] matplotlib.font_manager - findfont: score(FontEntry(fname='C:\\Windows\\Fonts\\MATURASC.TTF', name='Matura MT Script Capitals', style='normal', variant='normal', weight=400, stretch='normal', size='scalable')) = 10.05
15:55:47 [DEBUG   ] matplotlib.font_manager - findfont: score(FontEntry(fname='C:\\Windows\\Fonts\\PALSCRI.TTF', name='Palace Script MT', style='normal', variant='normal', weight=400, stretch='normal', size='scalable')) = 10.05
15:55:47 [DEBUG   ] matplotlib.font_manager - findfont: score(FontEntry(fname='C:\\Windows\\Fonts\\GIL_____.TTF', name='Gill Sans MT', style='normal', variant='normal', weight=400, stretch='normal', size='scalable')) = 10.05
15:55:47 [DEBUG   ] matplotlib.font_manager - findfont: score(FontEntry(fname='C:\\Program Files (x86)\\IBM\\SPSS\\Amos\\24\\JRE\\lib\\fonts\\LucidaBrightRegular.ttf', name='Lucida Bright', style='normal', variant='normal', weight=400, stretch='normal', size='scalable')) = 10.05
15:55:47 [DEBUG   ] matplotlib.font_manager - findfont: score(FontEntry(fname='C:\\Windows\\Fonts\\LeelaUIb.ttf', name='Leelawadee UI', style='normal', variant='normal', weight=700, stretch='normal', size='scalable')) = 10.335
15:55:47 [DEBUG   ] matplotlib.font_manager - findfont: score(FontEntry(fname='C:\\Windows\\Fonts\\HTOWERT.TTF', name='High Tower Text', style='normal', variant='normal', weight=400, stretch='normal', size='scalable')) = 10.05
15:55:47 [DEBUG   ] matplotlib.font_manager - findfont: score(FontEntry(fname='C:\\Windows\\Fonts\\LTYPEBO.TTF', name='Lucida Sans Typewriter', style='oblique', variant='normal', weight=600, stretch='normal', size='scalable')) = 11.24
15:55:47 [DEBUG   ] matplotlib.font_manager - findfont: score(FontEntry(fname='C:\\Windows\\Fonts\\micross.ttf', name='Microsoft Sans Serif', style='normal', variant='normal', weight=400, stretch='normal', size='scalable')) = 10.05
15:55:47 [DEBUG   ] matplotlib.font_manager - findfont: score(FontEntry(fname='C:\\Windows\\Fonts\\TCM_____.TTF', name='Tw Cen MT', style='normal', variant='normal', weight=400, stretch='normal', size='scalable')) = 10.05
15:55:47 [DEBUG   ] matplotlib.font_manager - findfont: score(FontEntry(fname='C:\\Windows\\Fonts\\BOOKOSB.TTF', name='Bookman Old Style', style='normal', variant='normal', weight=600, stretch='normal', size='scalable')) = 10.24
15:55:47 [DEBUG   ] matplotlib.font_manager - findfont: score(FontEntry(fname='C:\\Windows\\Fonts\\consola.ttf', name='Consolas', style='normal', variant='normal', weight=400, stretch='normal', size='scalable')) = 10.05
15:55:47 [DEBUG   ] matplotlib.font_manager - findfont: score(FontEntry(fname='C:\\Windows\\Fonts\\ERASMD.TTF', name='Eras Medium ITC', style='normal', variant='normal', weight=400, stretch='normal', size='scalable')) = 10.05
15:55:47 [DEBUG   ] matplotlib.font_manager - findfont: score(FontEntry(fname='C:\\Windows\\Fonts\\BOD_BLAI.TTF', name='Bodoni MT', style='italic', variant='normal', weight=900, stretch='normal', size='scalable')) = 11.525
15:55:47 [DEBUG   ] matplotlib.font_manager - findfont: score(FontEntry(fname='C:\\Windows\\Fonts\\couri.ttf', name='Courier New', style='italic', variant='normal', weight=400, stretch='normal', size='scalable')) = 11.05
15:55:47 [DEBUG   ] matplotlib.font_manager - findfont: score(FontEntry(fname='C:\\Windows\\Fonts\\calibrib.ttf', name='Calibri', style='normal', variant='normal', weight=700, stretch='normal', size='scalable')) = 10.335
15:55:47 [DEBUG   ] matplotlib.font_manager - findfont: score(FontEntry(fname='C:\\Windows\\Fonts\\segoeuib.ttf', name='Segoe UI', style='normal', variant='normal', weight=700, stretch='normal', size='scalable')) = 10.335
15:55:47 [DEBUG   ] matplotlib.font_manager - findfont: score(FontEntry(fname='C:\\Windows\\Fonts\\HTOWERTI.TTF', name='High Tower Text', style='italic', variant='normal', weight=400, stretch='normal', size='scalable')) = 11.05
15:55:47 [DEBUG   ] matplotlib.font_manager - findfont: score(FontEntry(fname='C:\\Windows\\Fonts\\seguiemj.ttf', name='Segoe UI Emoji', style='normal', variant='normal', weight=400, stretch='normal', size='scalable')) = 10.05
15:55:47 [DEBUG   ] matplotlib.font_manager - findfont: score(FontEntry(fname='C:\\Windows\\Fonts\\ROCC____.TTF', name='Rockwell Condensed', style='normal', variant='normal', weight=400, stretch='condensed', size='scalable')) = 10.25
15:55:47 [DEBUG   ] matplotlib.font_manager - findfont: score(FontEntry(fname='C:\\Windows\\Fonts\\LeelawUI.ttf', name='Leelawadee UI', style='normal', variant='normal', weight=400, stretch='normal', size='scalable')) = 10.05
15:55:47 [DEBUG   ] matplotlib.font_manager - findfont: score(FontEntry(fname='C:\\Windows\\Fonts\\TEMPSITC.TTF', name='Tempus Sans ITC', style='normal', variant='normal', weight=400, stretch='normal', size='scalable')) = 10.05
15:55:47 [DEBUG   ] matplotlib.font_manager - findfont: score(FontEntry(fname='C:\\Windows\\Fonts\\tahomabd.ttf', name='Tahoma', style='normal', variant='normal', weight=700, stretch='normal', size='scalable')) = 10.335
15:55:47 [DEBUG   ] matplotlib.font_manager - findfont: score(FontEntry(fname='C:\\Windows\\Fonts\\comici.ttf', name='Comic Sans MS', style='italic', variant='normal', weight=400, stretch='normal', size='scalable')) = 11.05
15:55:47 [DEBUG   ] matplotlib.font_manager - findfont: score(FontEntry(fname='C:\\Windows\\Fonts\\YuGothR.ttc', name='Yu Gothic', style='normal', variant='normal', weight=400, stretch='normal', size='scalable')) = 10.05
15:55:47 [DEBUG   ] matplotlib.font_manager - findfont: score(FontEntry(fname='C:\\Windows\\Fonts\\PERB____.TTF', name='Perpetua', style='normal', variant='normal', weight=700, stretch='normal', size='scalable')) = 10.335
15:55:47 [DEBUG   ] matplotlib.font_manager - findfont: score(FontEntry(fname='C:\\Windows\\Fonts\\BSSYM7.TTF', name='Bookshelf Symbol 7', style='normal', variant='normal', weight=400, stretch='normal', size='scalable')) = 10.05
15:55:47 [DEBUG   ] matplotlib.font_manager - findfont: score(FontEntry(fname='C:\\Windows\\Fonts\\PERI____.TTF', name='Perpetua', style='italic', variant='normal', weight=400, stretch='normal', size='scalable')) = 11.05
15:55:47 [DEBUG   ] matplotlib.font_manager - findfont: score(FontEntry(fname='C:\\Windows\\Fonts\\segoeprb.ttf', name='Segoe Print', style='normal', variant='normal', weight=700, stretch='normal', size='scalable')) = 10.335
15:55:47 [DEBUG   ] matplotlib.font_manager - findfont: score(FontEntry(fname='C:\\Windows\\Fonts\\DUBAI-LIGHT.TTF', name='Dubai', style='normal', variant='normal', weight=300, stretch='normal', size='scalable')) = 10.145
15:55:47 [DEBUG   ] matplotlib.font_manager - findfont: score(FontEntry(fname='C:\\Windows\\Fonts\\LFAXI.TTF', name='Lucida Fax', style='italic', variant='normal', weight=400, stretch='normal', size='scalable')) = 11.05
15:55:47 [DEBUG   ] matplotlib.font_manager - findfont: score(FontEntry(fname='C:\\Windows\\Fonts\\Candarai.ttf', name='Candara', style='italic', variant='normal', weight=400, stretch='normal', size='scalable')) = 11.05
15:55:47 [DEBUG   ] matplotlib.font_manager - findfont: score(FontEntry(fname='C:\\Windows\\Fonts\\CALISTB.TTF', name='Calisto MT', style='normal', variant='normal', weight=700, stretch='normal', size='scalable')) = 10.335
15:55:47 [DEBUG   ] matplotlib.font_manager - findfont: score(FontEntry(fname='C:\\Windows\\Fonts\\Nirmala.ttc', name='Nirmala UI', style='normal', variant='normal', weight=400, stretch='normal', size='scalable')) = 10.05
15:55:47 [DEBUG   ] matplotlib.font_manager - findfont: score(FontEntry(fname='C:\\Windows\\Fonts\\FTLTLT.TTF', name='Footlight MT Light', style='normal', variant='normal', weight=300, stretch='normal', size='scalable')) = 10.145
15:55:47 [DEBUG   ] matplotlib.font_manager - findfont: score(FontEntry(fname='C:\\Windows\\Fonts\\Candarali.ttf', name='Candara', style='italic', variant='normal', weight=400, stretch='normal', size='scalable')) = 11.05
15:55:47 [DEBUG   ] matplotlib.font_manager - findfont: score(FontEntry(fname='C:\\Windows\\Fonts\\lucon.ttf', name='Lucida Console', style='normal', variant='normal', weight=400, stretch='normal', size='scalable')) = 10.05
15:55:47 [DEBUG   ] matplotlib.font_manager - findfont: score(FontEntry(fname='C:\\Windows\\Fonts\\FORTE.TTF', name='Forte', style='normal', variant='normal', weight=400, stretch='normal', size='scalable')) = 10.05
15:55:47 [DEBUG   ] matplotlib.font_manager - findfont: score(FontEntry(fname='C:\\Windows\\Fonts\\BELLI.TTF', name='Bell MT', style='italic', variant='normal', weight=400, stretch='normal', size='scalable')) = 11.05
15:55:47 [DEBUG   ] matplotlib.font_manager - findfont: score(FontEntry(fname='C:\\Windows\\Fonts\\ARIALNI.TTF', name='Arial', style='italic', variant='normal', weight=400, stretch='condensed', size='scalable')) = 7.613636363636363
15:55:47 [DEBUG   ] matplotlib.font_manager - findfont: score(FontEntry(fname='C:\\Program Files (x86)\\IBM\\SPSS\\Amos\\24\\JRE\\lib\\fonts\\LucidaTypewriterBold.ttf', name='Lucida Sans Typewriter', style='normal', variant='normal', weight=700, stretch='normal', size='scalable')) = 10.335
15:55:47 [DEBUG   ] matplotlib.font_manager - findfont: score(FontEntry(fname='C:\\Windows\\Fonts\\ROCCB___.TTF', name='Rockwell Condensed', style='normal', variant='normal', weight=700, stretch='condensed', size='scalable')) = 10.535
15:55:47 [DEBUG   ] matplotlib.font_manager - findfont: score(FontEntry(fname='C:\\Windows\\Fonts\\ROCKI.TTF', name='Rockwell', style='italic', variant='normal', weight=400, stretch='normal', size='scalable')) = 11.05
15:55:47 [DEBUG   ] matplotlib.font_manager - findfont: score(FontEntry(fname='C:\\Windows\\Fonts\\ROCKEB.TTF', name='Rockwell Extra Bold', style='normal', variant='normal', weight=800, stretch='normal', size='scalable')) = 10.43
15:55:47 [DEBUG   ] matplotlib.font_manager - findfont: score(FontEntry(fname='C:\\Windows\\Fonts\\FELIXTI.TTF', name='Felix Titling', style='normal', variant='normal', weight=400, stretch='normal', size='scalable')) = 10.05
15:55:47 [DEBUG   ] matplotlib.font_manager - findfont: score(FontEntry(fname='C:\\Windows\\Fonts\\msgothic.ttc', name='MS Gothic', style='normal', variant='normal', weight=400, stretch='normal', size='scalable')) = 10.05
15:55:47 [DEBUG   ] matplotlib.font_manager - findfont: score(FontEntry(fname='C:\\Windows\\Fonts\\BOD_I.TTF', name='Bodoni MT', style='italic', variant='normal', weight=400, stretch='normal', size='scalable')) = 11.05
15:55:47 [DEBUG   ] matplotlib.font_manager - findfont: score(FontEntry(fname='C:\\Windows\\Fonts\\ROCK.TTF', name='Rockwell', style='normal', variant='normal', weight=400, stretch='normal', size='scalable')) = 10.05
15:55:47 [DEBUG   ] matplotlib.font_manager - findfont: score(FontEntry(fname='C:\\Program Files (x86)\\Adobe\\Acrobat DC\\Resource\\Font\\AdobeDevanagari-Bold.otf', name='Adobe Devanagari', style='normal', variant='normal', weight=700, stretch='normal', size='scalable')) = 10.335
15:55:47 [DEBUG   ] matplotlib.font_manager - findfont: score(FontEntry(fname='C:\\Windows\\Fonts\\PER_____.TTF', name='Perpetua', style='normal', variant='normal', weight=400, stretch='normal', size='scalable')) = 10.05
15:55:47 [DEBUG   ] matplotlib.font_manager - findfont: score(FontEntry(fname='C:\\Windows\\Fonts\\wingding.ttf', name='Wingdings', style='normal', variant='normal', weight=400, stretch='normal', size='scalable')) = 10.05
15:55:47 [DEBUG   ] matplotlib.font_manager - findfont: score(FontEntry(fname='C:\\Windows\\Fonts\\ITCEDSCR.TTF', name='Edwardian Script ITC', style='normal', variant='normal', weight=400, stretch='normal', size='scalable')) = 10.05
15:55:47 [DEBUG   ] matplotlib.font_manager - findfont: score(FontEntry(fname='C:\\Windows\\Fonts\\YuGothM.ttc', name='Yu Gothic', style='normal', variant='normal', weight=500, stretch='normal', size='scalable')) = 10.145
15:55:47 [DEBUG   ] matplotlib.font_manager - findfont: score(FontEntry(fname='C:\\Windows\\Fonts\\SNAP____.TTF', name='Snap ITC', style='normal', variant='normal', weight=400, stretch='normal', size='scalable')) = 10.05
15:55:47 [DEBUG   ] matplotlib.font_manager - findfont: score(FontEntry(fname='C:\\Windows\\Fonts\\ELEPHNTI.TTF', name='Elephant', style='italic', variant='normal', weight=400, stretch='normal', size='scalable')) = 11.05
15:55:47 [DEBUG   ] matplotlib.font_manager - findfont: score(FontEntry(fname='C:\\Windows\\Fonts\\GILC____.TTF', name='Gill Sans MT Condensed', style='normal', variant='normal', weight=400, stretch='condensed', size='scalable')) = 10.25
15:55:47 [DEBUG   ] matplotlib.font_manager - findfont: score(FontEntry(fname='C:\\Windows\\Fonts\\BOD_R.TTF', name='Bodoni MT', style='normal', variant='normal', weight=400, stretch='normal', size='scalable')) = 10.05
15:55:47 [DEBUG   ] matplotlib.font_manager - findfont: score(FontEntry(fname='C:\\Windows\\Fonts\\NIAGSOL.TTF', name='Niagara Solid', style='normal', variant='normal', weight=400, stretch='normal', size='scalable')) = 10.05
15:55:47 [DEBUG   ] matplotlib.font_manager - findfont: score(FontEntry(fname='C:\\Windows\\Fonts\\DUBAI-BOLD.TTF', name='Dubai', style='normal', variant='normal', weight=700, stretch='normal', size='scalable')) = 10.335
15:55:47 [DEBUG   ] matplotlib.font_manager - findfont: score(FontEntry(fname='C:\\Windows\\Fonts\\corbeli.ttf', name='Corbel', style='italic', variant='normal', weight=400, stretch='normal', size='scalable')) = 11.05
15:55:47 [DEBUG   ] matplotlib.font_manager - findfont: score(FontEntry(fname='C:\\Windows\\Fonts\\sylfaen.ttf', name='Sylfaen', style='normal', variant='normal', weight=400, stretch='normal', size='scalable')) = 10.05
15:55:47 [DEBUG   ] matplotlib.font_manager - findfont: score(FontEntry(fname='C:\\Windows\\Fonts\\georgiab.ttf', name='Georgia', style='normal', variant='normal', weight=700, stretch='normal', size='scalable')) = 10.335
15:55:47 [DEBUG   ] matplotlib.font_manager - findfont: score(FontEntry(fname='C:\\Windows\\Fonts\\COPRGTL.TTF', name='Copperplate Gothic Light', style='normal', variant='normal', weight=400, stretch='normal', size='scalable')) = 10.05
15:55:47 [DEBUG   ] matplotlib.font_manager - findfont: score(FontEntry(fname='C:\\Windows\\Fonts\\pala.ttf', name='Palatino Linotype', style='normal', variant='normal', weight=400, stretch='normal', size='scalable')) = 10.05
15:55:47 [DEBUG   ] matplotlib.font_manager - findfont: score(FontEntry(fname='C:\\Windows\\Fonts\\MTCORSVA.TTF', name='Monotype Corsiva', style='normal', variant='normal', weight=400, stretch='normal', size='scalable')) = 10.05
15:55:47 [DEBUG   ] matplotlib.font_manager - findfont: score(FontEntry(fname='C:\\Windows\\Fonts\\msyi.ttf', name='Microsoft Yi Baiti', style='normal', variant='normal', weight=400, stretch='normal', size='scalable')) = 10.05
15:55:47 [DEBUG   ] matplotlib.font_manager - findfont: score(FontEntry(fname='C:\\Windows\\Fonts\\arialbd.ttf', name='Arial', style='normal', variant='normal', weight=700, stretch='normal', size='scalable')) = 6.698636363636363
15:55:47 [DEBUG   ] matplotlib.font_manager - findfont: score(FontEntry(fname='C:\\Windows\\Fonts\\LSANSDI.TTF', name='Lucida Sans', style='italic', variant='normal', weight=600, stretch='normal', size='scalable')) = 11.24
15:55:47 [DEBUG   ] matplotlib.font_manager - findfont: score(FontEntry(fname='C:\\Windows\\Fonts\\SitkaVF.ttf', name='Sitka', style='normal', variant='normal', weight=400, stretch='normal', size='scalable')) = 10.05
15:55:47 [DEBUG   ] matplotlib.font_manager - findfont: score(FontEntry(fname='C:\\Windows\\Fonts\\PERTILI.TTF', name='Perpetua Titling MT', style='normal', variant='normal', weight=300, stretch='normal', size='scalable')) = 10.145
15:55:47 [DEBUG   ] matplotlib.font_manager - findfont: score(FontEntry(fname='C:\\Windows\\Fonts\\times.ttf', name='Times New Roman', style='normal', variant='normal', weight=400, stretch='normal', size='scalable')) = 10.05
15:55:47 [DEBUG   ] matplotlib.font_manager - findfont: score(FontEntry(fname='C:\\Windows\\Fonts\\ARIALNBI.TTF', name='Arial', style='italic', variant='normal', weight=700, stretch='condensed', size='scalable')) = 7.8986363636363635
15:55:47 [DEBUG   ] matplotlib.font_manager - findfont: score(FontEntry(fname='C:\\Windows\\Fonts\\POORICH.TTF', name='Poor Richard', style='normal', variant='normal', weight=400, stretch='normal', size='scalable')) = 10.05
15:55:47 [DEBUG   ] matplotlib.font_manager - findfont: score(FontEntry(fname='C:\\Windows\\Fonts\\calibrii.ttf', name='Calibri', style='italic', variant='normal', weight=400, stretch='normal', size='scalable')) = 11.05
15:55:47 [DEBUG   ] matplotlib.font_manager - findfont: score(FontEntry(fname='C:\\Windows\\Fonts\\ARLRDBD.TTF', name='Arial Rounded MT Bold', style='normal', variant='normal', weight=400, stretch='normal', size='scalable')) = 10.05
15:55:47 [DEBUG   ] matplotlib.font_manager - findfont: score(FontEntry(fname='C:\\Windows\\Fonts\\AGENCYB.TTF', name='Agency FB', style='normal', variant='normal', weight=700, stretch='normal', size='scalable')) = 10.335
15:55:47 [DEBUG   ] matplotlib.font_manager - findfont: score(FontEntry(fname='C:\\Windows\\Fonts\\seguisli.ttf', name='Segoe UI', style='italic', variant='normal', weight=350, stretch='normal', size='scalable')) = 11.0975
15:55:47 [DEBUG   ] matplotlib.font_manager - findfont: score(FontEntry(fname='C:\\Windows\\Fonts\\TCB_____.TTF', name='Tw Cen MT', style='normal', variant='normal', weight=700, stretch='normal', size='scalable')) = 10.335
15:55:47 [DEBUG   ] matplotlib.font_manager - findfont: score(FontEntry(fname='C:\\Windows\\Fonts\\CascadiaMono.ttf', name='Cascadia Mono', style='normal', variant='normal', weight=400, stretch='normal', size='scalable')) = 10.05
15:55:47 [DEBUG   ] matplotlib.font_manager - findfont: score(FontEntry(fname='C:\\Windows\\Fonts\\JUICE___.TTF', name='Juice ITC', style='normal', variant='normal', weight=400, stretch='normal', size='scalable')) = 10.05
15:55:47 [DEBUG   ] matplotlib.font_manager - findfont: score(FontEntry(fname='C:\\Windows\\Fonts\\REFSAN.TTF', name='MS Reference Sans Serif', style='normal', variant='normal', weight=400, stretch='normal', size='scalable')) = 10.05
15:55:47 [DEBUG   ] matplotlib.font_manager - findfont: Matching sans\-serif:style=normal:variant=normal:weight=normal:stretch=normal:size=8.0 to DejaVu Sans ('C:\\Users\\DELL\\AppData\\Local\\Programs\\Python\\Python314\\Lib\\site-packages\\matplotlib\\mpl-data\\fonts\\ttf\\DejaVuSans.ttf') with score of 0.050000.
15:55:47 [DEBUG   ] matplotlib.font_manager - findfont: Matching sans\-serif:style=normal:variant=normal:weight=bold:stretch=normal:size=13.0.
15:55:47 [DEBUG   ] matplotlib.font_manager - findfont: score(FontEntry(fname='C:\\Users\\DELL\\AppData\\Local\\Programs\\Python\\Python314\\Lib\\site-packages\\matplotlib\\mpl-data\\fonts\\ttf\\DejaVuSerif-Bold.ttf', name='DejaVu Serif', style='normal', variant='normal', weight=700, stretch='normal', size='scalable')) = 10.05
15:55:47 [DEBUG   ] matplotlib.font_manager - findfont: score(FontEntry(fname='C:\\Users\\DELL\\AppData\\Local\\Programs\\Python\\Python314\\Lib\\site-packages\\matplotlib\\mpl-data\\fonts\\ttf\\STIXSizFourSymBol.ttf', name='STIXSizeFourSym', style='normal', variant='normal', weight=700, stretch='normal', size='scalable')) = 10.05
15:55:47 [DEBUG   ] matplotlib.font_manager - findfont: score(FontEntry(fname='C:\\Users\\DELL\\AppData\\Local\\Programs\\Python\\Python314\\Lib\\site-packages\\matplotlib\\mpl-data\\fonts\\ttf\\STIXSizThreeSymReg.ttf', name='STIXSizeThreeSym', style='normal', variant='normal', weight=400, stretch='normal', size='scalable')) = 10.335
15:55:47 [DEBUG   ] matplotlib.font_manager - findfont: score(FontEntry(fname='C:\\Users\\DELL\\AppData\\Local\\Programs\\Python\\Python314\\Lib\\site-packages\\matplotlib\\mpl-data\\fonts\\ttf\\DejaVuSansMono.ttf', name='DejaVu Sans Mono', style='normal', variant='normal', weight=400, stretch='normal', size='scalable')) = 10.335
15:55:47 [DEBUG   ] matplotlib.font_manager - findfont: score(FontEntry(fname='C:\\Users\\DELL\\AppData\\Local\\Programs\\Python\\Python314\\Lib\\site-packages\\matplotlib\\mpl-data\\fonts\\ttf\\cmmi10.ttf', name='cmmi10', style='normal', variant='normal', weight=400, stretch='normal', size='scalable')) = 10.335
15:55:47 [DEBUG   ] matplotlib.font_manager - findfont: score(FontEntry(fname='C:\\Users\\DELL\\AppData\\Local\\Programs\\Python\\Python314\\Lib\\site-packages\\matplotlib\\mpl-data\\fonts\\ttf\\STIXNonUniIta.ttf', name='STIXNonUnicode', style='italic', variant='normal', weight=400, stretch='normal', size='scalable')) = 11.335
15:55:47 [DEBUG   ] matplotlib.font_manager - findfont: score(FontEntry(fname='C:\\Users\\DELL\\AppData\\Local\\Programs\\Python\\Python314\\Lib\\site-packages\\matplotlib\\mpl-data\\fonts\\ttf\\STIXSizTwoSymReg.ttf', name='STIXSizeTwoSym', style='normal', variant='normal', weight=400, stretch='normal', size='scalable')) = 10.335
15:55:47 [DEBUG   ] matplotlib.font_manager - findfont: score(FontEntry(fname='C:\\Users\\DELL\\AppData\\Local\\Programs\\Python\\Python314\\Lib\\site-packages\\matplotlib\\mpl-data\\fonts\\ttf\\DejaVuSans.ttf', name='DejaVu Sans', style='normal', variant='normal', weight=400, stretch='normal', size='scalable')) = 0.33499999999999996
15:55:47 [DEBUG   ] matplotlib.font_manager - findfont: score(FontEntry(fname='C:\\Users\\DELL\\AppData\\Local\\Programs\\Python\\Python314\\Lib\\site-packages\\matplotlib\\mpl-data\\fonts\\ttf\\DejaVuSansMono-BoldOblique.ttf', name='DejaVu Sans Mono', style='oblique', variant='normal', weight=700, stretch='normal', size='scalable')) = 11.05
15:55:47 [DEBUG   ] matplotlib.font_manager - findfont: score(FontEntry(fname='C:\\Users\\DELL\\AppData\\Local\\Programs\\Python\\Python314\\Lib\\site-packages\\matplotlib\\mpl-data\\fonts\\ttf\\STIXGeneralBol.ttf', name='STIXGeneral', style='normal', variant='normal', weight=700, stretch='normal', size='scalable')) = 10.05
15:55:47 [DEBUG   ] matplotlib.font_manager - findfont: score(FontEntry(fname='C:\\Users\\DELL\\AppData\\Local\\Programs\\Python\\Python314\\Lib\\site-packages\\matplotlib\\mpl-data\\fonts\\ttf\\cmb10.ttf', name='cmb10', style='normal', variant='normal', weight=400, stretch='normal', size='scalable')) = 10.335
15:55:47 [DEBUG   ] matplotlib.font_manager - findfont: score(FontEntry(fname='C:\\Users\\DELL\\AppData\\Local\\Programs\\Python\\Python314\\Lib\\site-packages\\matplotlib\\mpl-data\\fonts\\ttf\\STIXGeneralBolIta.ttf', name='STIXGeneral', style='italic', variant='normal', weight=700, stretch='normal', size='scalable')) = 11.05
15:55:47 [DEBUG   ] matplotlib.font_manager - findfont: score(FontEntry(fname='C:\\Users\\DELL\\AppData\\Local\\Programs\\Python\\Python314\\Lib\\site-packages\\matplotlib\\mpl-data\\fonts\\ttf\\DejaVuSansMono-Oblique.ttf', name='DejaVu Sans Mono', style='oblique', variant='normal', weight=400, stretch='normal', size='scalable')) = 11.335
15:55:47 [DEBUG   ] matplotlib.font_manager - findfont: score(FontEntry(fname='C:\\Users\\DELL\\AppData\\Local\\Programs\\Python\\Python314\\Lib\\site-packages\\matplotlib\\mpl-data\\fonts\\ttf\\STIXSizFourSymReg.ttf', name='STIXSizeFourSym', style='normal', variant='normal', weight=400, stretch='normal', size='scalable')) = 10.335
15:55:47 [DEBUG   ] matplotlib.font_manager - findfont: score(FontEntry(fname='C:\\Users\\DELL\\AppData\\Local\\Programs\\Python\\Python314\\Lib\\site-packages\\matplotlib\\mpl-data\\fonts\\ttf\\STIXSizThreeSymBol.ttf', name='STIXSizeThreeSym', style='normal', variant='normal', weight=700, stretch='normal', size='scalable')) = 10.05
15:55:47 [DEBUG   ] matplotlib.font_manager - findfont: score(FontEntry(fname='C:\\Users\\DELL\\AppData\\Local\\Programs\\Python\\Python314\\Lib\\site-packages\\matplotlib\\mpl-data\\fonts\\ttf\\cmtt10.ttf', name='cmtt10', style='normal', variant='normal', weight=400, stretch='normal', size='scalable')) = 10.335
15:55:47 [DEBUG   ] matplotlib.font_manager - findfont: score(FontEntry(fname='C:\\Users\\DELL\\AppData\\Local\\Programs\\Python\\Python314\\Lib\\site-packages\\matplotlib\\mpl-data\\fonts\\ttf\\cmr10.ttf', name='cmr10', style='normal', variant='normal', weight=400, stretch='normal', size='scalable')) = 10.335
15:55:47 [DEBUG   ] matplotlib.font_manager - findfont: score(FontEntry(fname='C:\\Users\\DELL\\AppData\\Local\\Programs\\Python\\Python314\\Lib\\site-packages\\matplotlib\\mpl-data\\fonts\\ttf\\STIXSizFiveSymReg.ttf', name='STIXSizeFiveSym', style='normal', variant='normal', weight=400, stretch='normal', size='scalable')) = 10.335
15:55:47 [DEBUG   ] matplotlib.font_manager - findfont: score(FontEntry(fname='C:\\Users\\DELL\\AppData\\Local\\Programs\\Python\\Python314\\Lib\\site-packages\\matplotlib\\mpl-data\\fonts\\ttf\\cmsy10.ttf', name='cmsy10', style='normal', variant='normal', weight=400, stretch='normal', size='scalable')) = 10.335
15:55:47 [DEBUG   ] matplotlib.font_manager - findfont: score(FontEntry(fname='C:\\Users\\DELL\\AppData\\Local\\Programs\\Python\\Python314\\Lib\\site-packages\\matplotlib\\mpl-data\\fonts\\ttf\\DejaVuSansDisplay.ttf', name='DejaVu Sans Display', style='normal', variant='normal', weight=400, stretch='normal', size='scalable')) = 10.335
15:55:47 [DEBUG   ] matplotlib.font_manager - findfont: score(FontEntry(fname='C:\\Users\\DELL\\AppData\\Local\\Programs\\Python\\Python314\\Lib\\site-packages\\matplotlib\\mpl-data\\fonts\\ttf\\DejaVuSansMono-Bold.ttf', name='DejaVu Sans Mono', style='normal', variant='normal', weight=700, stretch='normal', size='scalable')) = 10.05
15:55:47 [DEBUG   ] matplotlib.font_manager - findfont: score(FontEntry(fname='C:\\Users\\DELL\\AppData\\Local\\Programs\\Python\\Python314\\Lib\\site-packages\\matplotlib\\mpl-data\\fonts\\ttf\\DejaVuSerifDisplay.ttf', name='DejaVu Serif Display', style='normal', variant='normal', weight=400, stretch='normal', size='scalable')) = 10.335
15:55:47 [DEBUG   ] matplotlib.font_manager - findfont: score(FontEntry(fname='C:\\Users\\DELL\\AppData\\Local\\Programs\\Python\\Python314\\Lib\\site-packages\\matplotlib\\mpl-data\\fonts\\ttf\\STIXSizOneSymBol.ttf', name='STIXSizeOneSym', style='normal', variant='normal', weight=700, stretch='normal', size='scalable')) = 10.05
15:55:47 [DEBUG   ] matplotlib.font_manager - findfont: score(FontEntry(fname='C:\\Users\\DELL\\AppData\\Local\\Programs\\Python\\Python314\\Lib\\site-packages\\matplotlib\\mpl-data\\fonts\\ttf\\STIXNonUniBol.ttf', name='STIXNonUnicode', style='normal', variant='normal', weight=700, stretch='normal', size='scalable')) = 10.05
15:55:47 [DEBUG   ] matplotlib.font_manager - findfont: score(FontEntry(fname='C:\\Users\\DELL\\AppData\\Local\\Programs\\Python\\Python314\\Lib\\site-packages\\matplotlib\\mpl-data\\fonts\\ttf\\DejaVuSans-BoldOblique.ttf', name='DejaVu Sans', style='oblique', variant='normal', weight=700, stretch='normal', size='scalable')) = 1.05
15:55:47 [DEBUG   ] matplotlib.font_manager - findfont: score(FontEntry(fname='C:\\Users\\DELL\\AppData\\Local\\Programs\\Python\\Python314\\Lib\\site-packages\\matplotlib\\mpl-data\\fonts\\ttf\\STIXNonUniBolIta.ttf', name='STIXNonUnicode', style='italic', variant='normal', weight=700, stretch='normal', size='scalable')) = 11.05
15:55:47 [DEBUG   ] matplotlib.font_manager - findfont: score(FontEntry(fname='C:\\Users\\DELL\\AppData\\Local\\Programs\\Python\\Python314\\Lib\\site-packages\\matplotlib\\mpl-data\\fonts\\ttf\\DejaVuSerif-Italic.ttf', name='DejaVu Serif', style='italic', variant='normal', weight=400, stretch='normal', size='scalable')) = 11.335
15:55:47 [DEBUG   ] matplotlib.font_manager - findfont: score(FontEntry(fname='C:\\Users\\DELL\\AppData\\Local\\Programs\\Python\\Python314\\Lib\\site-packages\\matplotlib\\mpl-data\\fonts\\ttf\\cmex10.ttf', name='cmex10', style='normal', variant='normal', weight=400, stretch='normal', size='scalable')) = 10.335
15:55:47 [DEBUG   ] matplotlib.font_manager - findfont: score(FontEntry(fname='C:\\Users\\DELL\\AppData\\Local\\Programs\\Python\\Python314\\Lib\\site-packages\\matplotlib\\mpl-data\\fonts\\ttf\\cmss10.ttf', name='cmss10', style='normal', variant='normal', weight=400, stretch='normal', size='scalable')) = 10.335
15:55:47 [DEBUG   ] matplotlib.font_manager - findfont: score(FontEntry(fname='C:\\Users\\DELL\\AppData\\Local\\Programs\\Python\\Python314\\Lib\\site-packages\\matplotlib\\mpl-data\\fonts\\ttf\\DejaVuSans-Bold.ttf', name='DejaVu Sans', style='normal', variant='normal', weight=700, stretch='normal', size='scalable')) = 0.05
15:55:47 [DEBUG   ] matplotlib.font_manager - findfont: score(FontEntry(fname='C:\\Users\\DELL\\AppData\\Local\\Programs\\Python\\Python314\\Lib\\site-packages\\matplotlib\\mpl-data\\fonts\\ttf\\DejaVuSans-Oblique.ttf', name='DejaVu Sans', style='oblique', variant='normal', weight=400, stretch='normal', size='scalable')) = 1.335
15:55:47 [DEBUG   ] matplotlib.font_manager - findfont: score(FontEntry(fname='C:\\Users\\DELL\\AppData\\Local\\Programs\\Python\\Python314\\Lib\\site-packages\\matplotlib\\mpl-data\\fonts\\ttf\\STIXSizOneSymReg.ttf', name='STIXSizeOneSym', style='normal', variant='normal', weight=400, stretch='normal', size='scalable')) = 10.335
15:55:47 [DEBUG   ] matplotlib.font_manager - findfont: score(FontEntry(fname='C:\\Users\\DELL\\AppData\\Local\\Programs\\Python\\Python314\\Lib\\site-packages\\matplotlib\\mpl-data\\fonts\\ttf\\DejaVuSerif-BoldItalic.ttf', name='DejaVu Serif', style='italic', variant='normal', weight=700, stretch='normal', size='scalable')) = 11.05
15:55:47 [DEBUG   ] matplotlib.font_manager - findfont: score(FontEntry(fname='C:\\Users\\DELL\\AppData\\Local\\Programs\\Python\\Python314\\Lib\\site-packages\\matplotlib\\mpl-data\\fonts\\ttf\\STIXNonUni.ttf', name='STIXNonUnicode', style='normal', variant='normal', weight=400, stretch='normal', size='scalable')) = 10.335
15:55:47 [DEBUG   ] matplotlib.font_manager - findfont: score(FontEntry(fname='C:\\Users\\DELL\\AppData\\Local\\Programs\\Python\\Python314\\Lib\\site-packages\\matplotlib\\mpl-data\\fonts\\ttf\\DejaVuSerif.ttf', name='DejaVu Serif', style='normal', variant='normal', weight=400, stretch='normal', size='scalable')) = 10.335
15:55:47 [DEBUG   ] matplotlib.font_manager - findfont: score(FontEntry(fname='C:\\Users\\DELL\\AppData\\Local\\Programs\\Python\\Python314\\Lib\\site-packages\\matplotlib\\mpl-data\\fonts\\ttf\\STIXGeneral.ttf', name='STIXGeneral', style='normal', variant='normal', weight=400, stretch='normal', size='scalable')) = 10.335
15:55:47 [DEBUG   ] matplotlib.font_manager - findfont: score(FontEntry(fname='C:\\Users\\DELL\\AppData\\Local\\Programs\\Python\\Python314\\Lib\\site-packages\\matplotlib\\mpl-data\\fonts\\ttf\\STIXGeneralItalic.ttf', name='STIXGeneral', style='italic', variant='normal', weight=400, stretch='normal', size='scalable')) = 11.335
15:55:47 [DEBUG   ] matplotlib.font_manager - findfont: score(FontEntry(fname='C:\\Users\\DELL\\AppData\\Local\\Programs\\Python\\Python314\\Lib\\site-packages\\matplotlib\\mpl-data\\fonts\\ttf\\STIXSizTwoSymBol.ttf', name='STIXSizeTwoSym', style='normal', variant='normal', weight=700, stretch='normal', size='scalable')) = 10.05
15:55:47 [DEBUG   ] matplotlib.font_manager - findfont: score(FontEntry(fname='C:\\Windows\\Fonts\\GOUDOSB.TTF', name='Goudy Old Style', style='normal', variant='normal', weight=700, stretch='normal', size='scalable')) = 10.05
15:55:47 [DEBUG   ] matplotlib.font_manager - findfont: score(FontEntry(fname='C:\\Windows\\Fonts\\GLECB.TTF', name='Gloucester MT Extra Condensed', style='normal', variant='normal', weight=400, stretch='condensed', size='scalable')) = 10.535
15:55:47 [DEBUG   ] matplotlib.font_manager - findfont: score(FontEntry(fname='C:\\Windows\\Fonts\\COLONNA.TTF', name='Colonna MT', style='normal', variant='normal', weight=400, stretch='normal', size='scalable')) = 10.335
15:55:47 [DEBUG   ] matplotlib.font_manager - findfont: score(FontEntry(fname='C:\\Windows\\Fonts\\CENTURY.TTF', name='Century', style='normal', variant='normal', weight=400, stretch='normal', size='scalable')) = 10.335
15:55:47 [DEBUG   ] matplotlib.font_manager - findfont: score(FontEntry(fname='C:\\Windows\\Fonts\\constani.ttf', name='Constantia', style='italic', variant='normal', weight=400, stretch='normal', size='scalable')) = 11.335
15:55:47 [DEBUG   ] matplotlib.font_manager - findfont: score(FontEntry(fname='C:\\Windows\\Fonts\\gadugi.ttf', name='Gadugi', style='normal', variant='normal', weight=400, stretch='normal', size='scalable')) = 10.335
15:55:47 [DEBUG   ] matplotlib.font_manager - findfont: score(FontEntry(fname='C:\\Windows\\Fonts\\segoepr.ttf', name='Segoe Print', style='normal', variant='normal', weight=400, stretch='normal', size='scalable')) = 10.335
15:55:47 [DEBUG   ] matplotlib.font_manager - findfont: score(FontEntry(fname='C:\\Windows\\Fonts\\tahoma.ttf', name='Tahoma', style='normal', variant='normal', weight=400, stretch='normal', size='scalable')) = 10.335
15:55:47 [DEBUG   ] matplotlib.font_manager - findfont: score(FontEntry(fname='C:\\Windows\\Fonts\\CALIFR.TTF', name='Californian FB', style='normal', variant='normal', weight=400, stretch='normal', size='scalable')) = 10.335
15:55:47 [DEBUG   ] matplotlib.font_manager - findfont: score(FontEntry(fname='C:\\Windows\\Fonts\\PRISTINA.TTF', name='Pristina', style='normal', variant='normal', weight=400, stretch='normal', size='scalable')) = 10.335
15:55:47 [DEBUG   ] matplotlib.font_manager - findfont: score(FontEntry(fname='C:\\Windows\\Fonts\\ANTQUAI.TTF', name='Book Antiqua', style='italic', variant='normal', weight=400, stretch='normal', size='scalable')) = 11.335
15:55:47 [DEBUG   ] matplotlib.font_manager - findfont: score(FontEntry(fname='C:\\Windows\\Fonts\\simsun.ttc', name='SimSun', style='normal', variant='normal', weight=400, stretch='normal', size='scalable')) = 10.335
15:55:47 [DEBUG   ] matplotlib.font_manager - findfont: score(FontEntry(fname='C:\\Windows\\Fonts\\GOUDOS.TTF', name='Goudy Old Style', style='normal', variant='normal', weight=400, stretch='normal', size='scalable')) = 10.335
15:55:47 [DEBUG   ] matplotlib.font_manager - findfont: score(FontEntry(fname='C:\\Windows\\Fonts\\msyhl.ttc', name='Microsoft YaHei', style='normal', variant='normal', weight=290, stretch='normal', size='scalable')) = 10.4395
15:55:47 [DEBUG   ] matplotlib.font_manager - findfont: score(FontEntry(fname='C:\\Windows\\Fonts\\timesbi.ttf', name='Times New Roman', style='italic', variant='normal', weight=700, stretch='normal', size='scalable')) = 11.05
15:55:47 [DEBUG   ] matplotlib.font_manager - findfont: score(FontEntry(fname='C:\\Windows\\Fonts\\CENTAUR.TTF', name='Centaur', style='normal', variant='normal', weight=400, stretch='normal', size='scalable')) = 10.335
15:55:47 [DEBUG   ] matplotlib.font_manager - findfont: score(FontEntry(fname='C:\\Windows\\Fonts\\comicz.ttf', name='Comic Sans MS', style='italic', variant='normal', weight=700, stretch='normal', size='scalable')) = 11.05
15:55:47 [DEBUG   ] matplotlib.font_manager - findfont: score(FontEntry(fname='C:\\Windows\\Fonts\\Gabriola.ttf', name='Gabriola', style='normal', variant='normal', weight=400, stretch='normal', size='scalable')) = 10.335
15:55:47 [DEBUG   ] matplotlib.font_manager - findfont: score(FontEntry(fname='C:\\Windows\\Fonts\\consolaz.ttf', name='Consolas', style='italic', variant='normal', weight=700, stretch='normal', size='scalable')) = 11.05
15:55:47 [DEBUG   ] matplotlib.font_manager - findfont: score(FontEntry(fname='C:\\Windows\\Fonts\\PARCHM.TTF', name='Parchment', style='normal', variant='normal', weight=400, stretch='normal', size='scalable')) = 10.335
15:55:47 [DEBUG   ] matplotlib.font_manager - findfont: score(FontEntry(fname='C:\\Windows\\Fonts\\BASKVILL.TTF', name='Baskerville Old Face', style='normal', variant='normal', weight=400, stretch='normal', size='scalable')) = 10.335
15:55:47 [DEBUG   ] matplotlib.font_manager - findfont: score(FontEntry(fname='C:\\Windows\\Fonts\\LeelUIsl.ttf', name='Leelawadee UI', style='normal', variant='normal', weight=350, stretch='normal', size='scalable')) = 10.3825
15:55:47 [DEBUG   ] matplotlib.font_manager - findfont: score(FontEntry(fname='C:\\Windows\\Fonts\\MTEXTRA.TTF', name='MT Extra', style='normal', variant='normal', weight=400, stretch='normal', size='scalable')) = 10.335
15:55:47 [DEBUG   ] matplotlib.font_manager - findfont: score(FontEntry(fname='C:\\Windows\\Fonts\\COOPBL.TTF', name='Cooper Black', style='normal', variant='normal', weight=400, stretch='normal', size='scalable')) = 10.335
15:55:47 [DEBUG   ] matplotlib.font_manager - findfont: score(FontEntry(fname='C:\\Windows\\Fonts\\verdanab.ttf', name='Verdana', style='normal', variant='normal', weight=700, stretch='normal', size='scalable')) = 3.6863636363636365
15:55:47 [DEBUG   ] matplotlib.font_manager - findfont: score(FontEntry(fname='C:\\Windows\\Fonts\\seguisb.ttf', name='Segoe UI', style='normal', variant='normal', weight=600, stretch='normal', size='scalable')) = 10.145
15:55:47 [DEBUG   ] matplotlib.font_manager - findfont: score(FontEntry(fname='C:\\Windows\\Fonts\\consolai.ttf', name='Consolas', style='italic', variant='normal', weight=400, stretch='normal', size='scalable')) = 11.335
15:55:47 [DEBUG   ] matplotlib.font_manager - findfont: score(FontEntry(fname='C:\\Program Files (x86)\\IBM\\SPSS\\Amos\\24\\JRE\\lib\\fonts\\LucidaSansRegular.ttf', name='Lucida Sans', style='normal', variant='normal', weight=400, stretch='normal', size='scalable')) = 10.335
15:55:47 [DEBUG   ] matplotlib.font_manager - findfont: score(FontEntry(fname='C:\\Windows\\Fonts\\GOTHICBI.TTF', name='Century Gothic', style='italic', variant='normal', weight=700, stretch='normal', size='scalable')) = 11.05
15:55:47 [DEBUG   ] matplotlib.font_manager - findfont: score(FontEntry(fname='C:\\Windows\\Fonts\\courbi.ttf', name='Courier New', style='italic', variant='normal', weight=700, stretch='normal', size='scalable')) = 11.05
15:55:47 [DEBUG   ] matplotlib.font_manager - findfont: score(FontEntry(fname='C:\\Windows\\Fonts\\corbel.ttf', name='Corbel', style='normal', variant='normal', weight=400, stretch='normal', size='scalable')) = 10.335
15:55:47 [DEBUG   ] matplotlib.font_manager - findfont: score(FontEntry(fname='C:\\Windows\\Fonts\\BKANT.TTF', name='Book Antiqua', style='normal', variant='normal', weight=400, stretch='normal', size='scalable')) = 10.335
15:55:47 [DEBUG   ] matplotlib.font_manager - findfont: score(FontEntry(fname='C:\\Windows\\Fonts\\LSANSD.TTF', name='Lucida Sans', style='normal', variant='normal', weight=600, stretch='normal', size='scalable')) = 10.145
15:55:47 [DEBUG   ] matplotlib.font_manager - findfont: score(FontEntry(fname='C:\\Windows\\Fonts\\BOD_BLAR.TTF', name='Bodoni MT', style='normal', variant='normal', weight=900, stretch='normal', size='scalable')) = 10.24
15:55:47 [DEBUG   ] matplotlib.font_manager - findfont: score(FontEntry(fname='C:\\Windows\\Fonts\\GOTHIC.TTF', name='Century Gothic', style='normal', variant='normal', weight=400, stretch='normal', size='scalable')) = 10.335
15:55:47 [DEBUG   ] matplotlib.font_manager - findfont: score(FontEntry(fname='C:\\Windows\\Fonts\\verdanai.ttf', name='Verdana', style='italic', variant='normal', weight=400, stretch='normal', size='scalable')) = 4.971363636363637
15:55:47 [DEBUG   ] matplotlib.font_manager - findfont: score(FontEntry(fname='C:\\Windows\\Fonts\\YuGothB.ttc', name='Yu Gothic', style='normal', variant='normal', weight=700, stretch='normal', size='scalable')) = 10.05
15:55:47 [DEBUG   ] matplotlib.font_manager - findfont: score(FontEntry(fname='C:\\Windows\\Fonts\\SansSerifCollection.ttf', name='Sans Serif Collection', style='normal', variant='normal', weight=400, stretch='normal', size='scalable')) = 10.335
15:55:47 [DEBUG   ] matplotlib.font_manager - findfont: score(FontEntry(fname='C:\\Windows\\Fonts\\TCCB____.TTF', name='Tw Cen MT Condensed', style='normal', variant='normal', weight=700, stretch='condensed', size='scalable')) = 10.25
15:55:47 [DEBUG   ] matplotlib.font_manager - findfont: score(FontEntry(fname='C:\\Windows\\Fonts\\LSANSI.TTF', name='Lucida Sans', style='italic', variant='normal', weight=400, stretch='normal', size='scalable')) = 11.335
15:55:47 [DEBUG   ] matplotlib.font_manager - findfont: score(FontEntry(fname='C:\\Windows\\Fonts\\RAGE.TTF', name='Rage Italic', style='italic', variant='normal', weight=400, stretch='normal', size='scalable')) = 11.335
15:55:47 [DEBUG   ] matplotlib.font_manager - findfont: score(FontEntry(fname='C:\\Program Files (x86)\\IBM\\SPSS\\Amos\\24\\JRE\\lib\\fonts\\LucidaBrightDemiItalic.ttf', name='Lucida Bright', style='italic', variant='normal', weight=700, stretch='normal', size='scalable')) = 11.05
15:55:47 [DEBUG   ] matplotlib.font_manager - findfont: score(FontEntry(fname='C:\\Windows\\Fonts\\timesbd.ttf', name='Times New Roman', style='normal', variant='normal', weight=700, stretch='normal', size='scalable')) = 10.05
15:55:47 [DEBUG   ] matplotlib.font_manager - findfont: score(FontEntry(fname='C:\\Windows\\Fonts\\webdings.ttf', name='Webdings', style='normal', variant='normal', weight=400, stretch='normal', size='scalable')) = 10.335
15:55:47 [DEBUG   ] matplotlib.font_manager - findfont: score(FontEntry(fname='C:\\Windows\\Fonts\\ERASLGHT.TTF', name='Eras Light ITC', style='normal', variant='normal', weight=400, stretch='normal', size='scalable')) = 10.335
15:55:47 [DEBUG   ] matplotlib.font_manager - findfont: score(FontEntry(fname='C:\\Windows\\Fonts\\segoesc.ttf', name='Segoe Script', style='normal', variant='normal', weight=400, stretch='normal', size='scalable')) = 10.335
15:55:47 [DEBUG   ] matplotlib.font_manager - findfont: score(FontEntry(fname='C:\\Windows\\Fonts\\BRADHITC.TTF', name='Bradley Hand ITC', style='normal', variant='normal', weight=400, stretch='normal', size='scalable')) = 10.335
15:55:47 [DEBUG   ] matplotlib.font_manager - findfont: score(FontEntry(fname='C:\\Windows\\Fonts\\timesi.ttf', name='Times New Roman', style='italic', variant='normal', weight=400, stretch='normal', size='scalable')) = 11.335
15:55:47 [DEBUG   ] matplotlib.font_manager - findfont: score(FontEntry(fname='C:\\Windows\\Fonts\\ROCKB.TTF', name='Rockwell', style='normal', variant='normal', weight=700, stretch='normal', size='scalable')) = 10.05
15:55:47 [DEBUG   ] matplotlib.font_manager - findfont: score(FontEntry(fname='C:\\Windows\\Fonts\\SHOWG.TTF', name='Showcard Gothic', style='normal', variant='normal', weight=400, stretch='normal', size='scalable')) = 10.335
15:55:47 [DEBUG   ] matplotlib.font_manager - findfont: score(FontEntry(fname='C:\\Windows\\Fonts\\trebucbd.ttf', name='Trebuchet MS', style='normal', variant='normal', weight=700, stretch='normal', size='scalable')) = 10.05
15:55:47 [DEBUG   ] matplotlib.font_manager - findfont: score(FontEntry(fname='C:\\Windows\\Fonts\\BOOKOSBI.TTF', name='Bookman Old Style', style='italic', variant='normal', weight=600, stretch='normal', size='scalable')) = 11.145
15:55:47 [DEBUG   ] matplotlib.font_manager - findfont: score(FontEntry(fname='C:\\Windows\\Fonts\\TCCEB.TTF', name='Tw Cen MT Condensed Extra Bold', style='normal', variant='normal', weight=400, stretch='condensed', size='scalable')) = 10.535
15:55:47 [DEBUG   ] matplotlib.font_manager - findfont: score(FontEntry(fname='C:\\Windows\\Fonts\\constan.ttf', name='Constantia', style='normal', variant='normal', weight=400, stretch='normal', size='scalable')) = 10.335
15:55:47 [DEBUG   ] matplotlib.font_manager - findfont: score(FontEntry(fname='C:\\Windows\\Fonts\\CALISTBI.TTF', name='Calisto MT', style='italic', variant='normal', weight=700, stretch='normal', size='scalable')) = 11.05
15:55:47 [DEBUG   ] matplotlib.font_manager - findfont: score(FontEntry(fname='C:\\Windows\\Fonts\\FRABK.TTF', name='Franklin Gothic Book', style='normal', variant='normal', weight=400, stretch='normal', size='scalable')) = 10.335
15:55:47 [DEBUG   ] matplotlib.font_manager - findfont: score(FontEntry(fname='C:\\Windows\\Fonts\\HATTEN.TTF', name='Haettenschweiler', style='normal', variant='normal', weight=400, stretch='normal', size='scalable')) = 10.335
15:55:47 [DEBUG   ] matplotlib.font_manager - findfont: score(FontEntry(fname='C:\\Windows\\Fonts\\ARIALNB.TTF', name='Arial', style='normal', variant='normal', weight=700, stretch='condensed', size='scalable')) = 6.613636363636363
15:55:47 [DEBUG   ] matplotlib.font_manager - findfont: score(FontEntry(fname='C:\\Windows\\Fonts\\malgunbd.ttf', name='Malgun Gothic', style='normal', variant='normal', weight=700, stretch='normal', size='scalable')) = 10.05
15:55:47 [DEBUG   ] matplotlib.font_manager - findfont: score(FontEntry(fname='C:\\Windows\\Fonts\\calibri.ttf', name='Calibri', style='normal', variant='normal', weight=400, stretch='normal', size='scalable')) = 10.335
15:55:47 [DEBUG   ] matplotlib.font_manager - findfont: score(FontEntry(fname='C:\\Windows\\Fonts\\TCBI____.TTF', name='Tw Cen MT', style='italic', variant='normal', weight=700, stretch='normal', size='scalable')) = 11.05
15:55:47 [DEBUG   ] matplotlib.font_manager - findfont: score(FontEntry(fname='C:\\Windows\\Fonts\\LEELAWDB.TTF', name='Leelawadee', style='normal', variant='normal', weight=700, stretch='normal', size='scalable')) = 10.05
15:55:47 [DEBUG   ] matplotlib.font_manager - findfont: score(FontEntry(fname='C:\\Windows\\Fonts\\verdanaz.ttf', name='Verdana', style='italic', variant='normal', weight=700, stretch='normal', size='scalable')) = 4.6863636363636365
15:55:47 [DEBUG   ] matplotlib.font_manager - findfont: score(FontEntry(fname='C:\\Windows\\Fonts\\SimsunExtG.ttf', name='SimSun-ExtG', style='normal', variant='normal', weight=400, stretch='normal', size='scalable')) = 10.335
15:55:47 [DEBUG   ] matplotlib.font_manager - findfont: score(FontEntry(fname='C:\\Windows\\Fonts\\DUBAI-MEDIUM.TTF', name='Dubai', style='normal', variant='normal', weight=500, stretch='normal', size='scalable')) = 10.24
15:55:47 [DEBUG   ] matplotlib.font_manager - findfont: score(FontEntry(fname='C:\\Windows\\Fonts\\seguisym.ttf', name='Segoe UI Symbol', style='normal', variant='normal', weight=400, stretch='normal', size='scalable')) = 10.335
15:55:47 [DEBUG   ] matplotlib.font_manager - findfont: score(FontEntry(fname='C:\\Windows\\Fonts\\cambriai.ttf', name='Cambria', style='italic', variant='normal', weight=400, stretch='normal', size='scalable')) = 11.335
15:55:47 [DEBUG   ] matplotlib.font_manager - findfont: score(FontEntry(fname='C:\\Windows\\Fonts\\PAPYRUS.TTF', name='Papyrus', style='normal', variant='normal', weight=400, stretch='normal', size='scalable')) = 10.335
15:55:47 [DEBUG   ] matplotlib.font_manager - findfont: score(FontEntry(fname='C:\\Windows\\Fonts\\MSUIGHUB.TTF', name='Microsoft Uighur', style='normal', variant='normal', weight=700, stretch='normal', size='scalable')) = 10.05
15:55:47 [DEBUG   ] matplotlib.font_manager - findfont: score(FontEntry(fname='C:\\Windows\\Fonts\\MOD20.TTF', name='Modern No. 20', style='normal', variant='normal', weight=400, stretch='normal', size='scalable')) = 10.335
15:55:47 [DEBUG   ] matplotlib.font_manager - findfont: score(FontEntry(fname='C:\\Program Files (x86)\\IBM\\SPSS\\Amos\\24\\JRE\\lib\\fonts\\LucidaSansDemiBold.ttf', name='Lucida Sans', style='normal', variant='normal', weight=700, stretch='normal', size='scalable')) = 10.05
15:55:47 [DEBUG   ] matplotlib.font_manager - findfont: score(FontEntry(fname='C:\\Windows\\Fonts\\RAVIE.TTF', name='Ravie', style='normal', variant='normal', weight=400, stretch='normal', size='scalable')) = 10.335
15:55:47 [DEBUG   ] matplotlib.font_manager - findfont: score(FontEntry(fname='C:\\Windows\\Fonts\\PERTIBD.TTF', name='Perpetua Titling MT', style='normal', variant='normal', weight=700, stretch='normal', size='scalable')) = 10.05
15:55:47 [DEBUG   ] matplotlib.font_manager - findfont: score(FontEntry(fname='C:\\Windows\\Fonts\\LHANDW.TTF', name='Lucida Handwriting', style='italic', variant='normal', weight=400, stretch='normal', size='scalable')) = 11.335
15:55:47 [DEBUG   ] matplotlib.font_manager - findfont: score(FontEntry(fname='C:\\Windows\\Fonts\\FRABKIT.TTF', name='Franklin Gothic Book', style='italic', variant='normal', weight=400, stretch='normal', size='scalable')) = 11.335
15:55:47 [DEBUG   ] matplotlib.font_manager - findfont: score(FontEntry(fname='C:\\Program Files (x86)\\Adobe\\Acrobat DC\\Resource\\Font\\AdobeDevanagari-Italic.otf', name='Adobe Devanagari', style='italic', variant='normal', weight=400, stretch='normal', size='scalable')) = 11.335
15:55:47 [DEBUG   ] matplotlib.font_manager - findfont: score(FontEntry(fname='C:\\Windows\\Fonts\\taile.ttf', name='Microsoft Tai Le', style='normal', variant='normal', weight=400, stretch='normal', size='scalable')) = 10.335
15:55:47 [DEBUG   ] matplotlib.font_manager - findfont: score(FontEntry(fname='C:\\Windows\\Fonts\\segoeuisl.ttf', name='Segoe UI', style='normal', variant='normal', weight=350, stretch='normal', size='scalable')) = 10.3825
15:55:47 [DEBUG   ] matplotlib.font_manager - findfont: score(FontEntry(fname='C:\\Windows\\Fonts\\MSUIGHUR.TTF', name='Microsoft Uighur', style='normal', variant='normal', weight=400, stretch='normal', size='scalable')) = 10.335
15:55:47 [DEBUG   ] matplotlib.font_manager - findfont: score(FontEntry(fname='C:\\Windows\\Fonts\\NIAGENG.TTF', name='Niagara Engraved', style='normal', variant='normal', weight=400, stretch='normal', size='scalable')) = 10.335
15:55:47 [DEBUG   ] matplotlib.font_manager - findfont: score(FontEntry(fname='C:\\Windows\\Fonts\\KUNSTLER.TTF', name='Kunstler Script', style='normal', variant='normal', weight=400, stretch='normal', size='scalable')) = 10.335
15:55:47 [DEBUG   ] matplotlib.font_manager - findfont: score(FontEntry(fname='C:\\Windows\\Fonts\\PERBI___.TTF', name='Perpetua', style='italic', variant='normal', weight=700, stretch='normal', size='scalable')) = 11.05
15:55:47 [DEBUG   ] matplotlib.font_manager - findfont: score(FontEntry(fname='C:\\Windows\\Fonts\\ELEPHNT.TTF', name='Elephant', style='normal', variant='normal', weight=400, stretch='normal', size='scalable')) = 10.335
15:55:47 [DEBUG   ] matplotlib.font_manager - findfont: score(FontEntry(fname='C:\\Windows\\Fonts\\GARA.TTF', name='Garamond', style='normal', variant='normal', weight=400, stretch='normal', size='scalable')) = 10.335
15:55:47 [DEBUG   ] matplotlib.font_manager - findfont: score(FontEntry(fname='C:\\Windows\\Fonts\\msyh.ttc', name='Microsoft YaHei', style='normal', variant='normal', weight=400, stretch='normal', size='scalable')) = 10.335
15:55:47 [DEBUG   ] matplotlib.font_manager - findfont: score(FontEntry(fname='C:\\Windows\\Fonts\\LEELAWAD.TTF', name='Leelawadee', style='normal', variant='normal', weight=400, stretch='normal', size='scalable')) = 10.335
15:55:47 [DEBUG   ] matplotlib.font_manager - findfont: score(FontEntry(fname='C:\\Windows\\Fonts\\constanb.ttf', name='Constantia', style='normal', variant='normal', weight=700, stretch='normal', size='scalable')) = 10.05
15:55:47 [DEBUG   ] matplotlib.font_manager - findfont: score(FontEntry(fname='C:\\Windows\\Fonts\\BOD_CR.TTF', name='Bodoni MT', style='normal', variant='normal', weight=400, stretch='condensed', size='scalable')) = 10.535
15:55:47 [DEBUG   ] matplotlib.font_manager - findfont: score(FontEntry(fname='C:\\Windows\\Fonts\\TCCM____.TTF', name='Tw Cen MT Condensed', style='normal', variant='normal', weight=400, stretch='condensed', size='scalable')) = 10.535
15:55:47 [DEBUG   ] matplotlib.font_manager - findfont: score(FontEntry(fname='C:\\Windows\\Fonts\\OCRAEXT.TTF', name='OCR A Extended', style='normal', variant='normal', weight=400, stretch='expanded', size='scalable')) = 10.535
15:55:47 [DEBUG   ] matplotlib.font_manager - findfont: score(FontEntry(fname='C:\\Windows\\Fonts\\IMPRISHA.TTF', name='Imprint MT Shadow', style='normal', variant='normal', weight=400, stretch='normal', size='scalable')) = 10.335
15:55:47 [DEBUG   ] matplotlib.font_manager - findfont: score(FontEntry(fname='C:\\Windows\\Fonts\\symbol.ttf', name='Symbol', style='normal', variant='normal', weight=400, stretch='normal', size='scalable')) = 10.335
15:55:47 [DEBUG   ] matplotlib.font_manager - findfont: score(FontEntry(fname='C:\\Windows\\Fonts\\constanz.ttf', name='Constantia', style='italic', variant='normal', weight=700, stretch='normal', size='scalable')) = 11.05
15:55:47 [DEBUG   ] matplotlib.font_manager - findfont: score(FontEntry(fname='C:\\Windows\\Fonts\\Inkfree.ttf', name='Ink Free', style='normal', variant='normal', weight=400, stretch='normal', size='scalable')) = 10.335
15:55:47 [DEBUG   ] matplotlib.font_manager - findfont: score(FontEntry(fname='C:\\Windows\\Fonts\\GILLUBCD.TTF', name='Gill Sans Ultra Bold Condensed', style='normal', variant='normal', weight=400, stretch='condensed', size='scalable')) = 10.535
15:55:47 [DEBUG   ] matplotlib.font_manager - findfont: score(FontEntry(fname='C:\\Windows\\Fonts\\HARLOWSI.TTF', name='Harlow Solid Italic', style='italic', variant='normal', weight=400, stretch='normal', size='scalable')) = 11.335
15:55:47 [DEBUG   ] matplotlib.font_manager - findfont: score(FontEntry(fname='C:\\Windows\\Fonts\\taileb.ttf', name='Microsoft Tai Le', style='normal', variant='normal', weight=700, stretch='normal', size='scalable')) = 10.05
15:55:47 [DEBUG   ] matplotlib.font_manager - findfont: score(FontEntry(fname='C:\\Program Files (x86)\\IBM\\SPSS\\Amos\\24\\JRE\\lib\\fonts\\LucidaBrightDemiBold.ttf', name='Lucida Bright', style='normal', variant='normal', weight=700, stretch='normal', size='scalable')) = 10.05
15:55:47 [DEBUG   ] matplotlib.font_manager - findfont: score(FontEntry(fname='C:\\Windows\\Fonts\\STENCIL.TTF', name='Stencil', style='normal', variant='normal', weight=400, stretch='normal', size='scalable')) = 10.335
15:55:47 [DEBUG   ] matplotlib.font_manager - findfont: score(FontEntry(fname='C:\\Windows\\Fonts\\BRITANIC.TTF', name='Britannic Bold', style='normal', variant='normal', weight=400, stretch='normal', size='scalable')) = 10.335
15:55:47 [DEBUG   ] matplotlib.font_manager - findfont: score(FontEntry(fname='C:\\Windows\\Fonts\\malgun.ttf', name='Malgun Gothic', style='normal', variant='normal', weight=400, stretch='normal', size='scalable')) = 10.335
15:55:47 [DEBUG   ] matplotlib.font_manager - findfont: score(FontEntry(fname='C:\\Windows\\Fonts\\ntailu.ttf', name='Microsoft New Tai Lue', style='normal', variant='normal', weight=400, stretch='normal', size='scalable')) = 10.335
15:55:47 [DEBUG   ] matplotlib.font_manager - findfont: score(FontEntry(fname='C:\\Windows\\Fonts\\BRLNSR.TTF', name='Berlin Sans FB', style='normal', variant='normal', weight=400, stretch='normal', size='scalable')) = 10.335
15:55:47 [DEBUG   ] matplotlib.font_manager - findfont: score(FontEntry(fname='C:\\Windows\\Fonts\\mingliub.ttc', name='MingLiU-ExtB', style='normal', variant='normal', weight=400, stretch='normal', size='scalable')) = 10.335
15:55:47 [DEBUG   ] matplotlib.font_manager - findfont: score(FontEntry(fname='C:\\Windows\\Fonts\\BOOKOS.TTF', name='Bookman Old Style', style='normal', variant='normal', weight=300, stretch='normal', size='scalable')) = 10.43
15:55:47 [DEBUG   ] matplotlib.font_manager - findfont: score(FontEntry(fname='C:\\Windows\\Fonts\\GILSANUB.TTF', name='Gill Sans Ultra Bold', style='normal', variant='normal', weight=400, stretch='normal', size='scalable')) = 10.335
15:55:47 [DEBUG   ] matplotlib.font_manager - findfont: score(FontEntry(fname='C:\\Windows\\Fonts\\calibril.ttf', name='Calibri', style='normal', variant='normal', weight=300, stretch='normal', size='scalable')) = 10.43
15:55:47 [DEBUG   ] matplotlib.font_manager - findfont: score(FontEntry(fname='C:\\Windows\\Fonts\\WINGDNG2.TTF', name='Wingdings 2', style='normal', variant='normal', weight=400, stretch='normal', size='scalable')) = 10.335
15:55:47 [DEBUG   ] matplotlib.font_manager - findfont: score(FontEntry(fname='C:\\Windows\\Fonts\\FRAMDCN.TTF', name='Franklin Gothic Medium Cond', style='normal', variant='normal', weight=400, stretch='condensed', size='scalable')) = 10.535
15:55:47 [DEBUG   ] matplotlib.font_manager - findfont: score(FontEntry(fname='C:\\Windows\\Fonts\\BAUHS93.TTF', name='Bauhaus 93', style='normal', variant='normal', weight=400, stretch='normal', size='scalable')) = 10.335
15:55:47 [DEBUG   ] matplotlib.font_manager - findfont: score(FontEntry(fname='C:\\Windows\\Fonts\\ebrimabd.ttf', name='Ebrima', style='normal', variant='normal', weight=700, stretch='normal', size='scalable')) = 10.05
15:55:47 [DEBUG   ] matplotlib.font_manager - findfont: score(FontEntry(fname='C:\\Windows\\Fonts\\LFAXD.TTF', name='Lucida Fax', style='normal', variant='normal', weight=600, stretch='normal', size='scalable')) = 10.145
15:55:47 [DEBUG   ] matplotlib.font_manager - findfont: score(FontEntry(fname='C:\\Windows\\Fonts\\framd.ttf', name='Franklin Gothic Medium', style='normal', variant='normal', weight=400, stretch='normal', size='scalable')) = 10.335
15:55:47 [DEBUG   ] matplotlib.font_manager - findfont: score(FontEntry(fname='C:\\Windows\\Fonts\\ANTQUABI.TTF', name='Book Antiqua', style='italic', variant='normal', weight=700, stretch='normal', size='scalable')) = 11.05
15:55:47 [DEBUG   ] matplotlib.font_manager - findfont: score(FontEntry(fname='C:\\Windows\\Fonts\\mmrtext.ttf', name='Myanmar Text', style='normal', variant='normal', weight=400, stretch='normal', size='scalable')) = 10.335
15:55:47 [DEBUG   ] matplotlib.font_manager - findfont: score(FontEntry(fname='C:\\Windows\\Fonts\\GOTHICI.TTF', name='Century Gothic', style='italic', variant='normal', weight=400, stretch='normal', size='scalable')) = 11.335
15:55:47 [DEBUG   ] matplotlib.font_manager - findfont: score(FontEntry(fname='C:\\Windows\\Fonts\\ANTQUAB.TTF', name='Book Antiqua', style='normal', variant='normal', weight=700, stretch='normal', size='scalable')) = 10.05
15:55:47 [DEBUG   ] matplotlib.font_manager - findfont: score(FontEntry(fname='C:\\Windows\\Fonts\\GOTHICB.TTF', name='Century Gothic', style='normal', variant='normal', weight=700, stretch='normal', size='scalable')) = 10.05
15:55:47 [DEBUG   ] matplotlib.font_manager - findfont: score(FontEntry(fname='C:\\Windows\\Fonts\\arialbi.ttf', name='Arial', style='italic', variant='normal', weight=700, stretch='normal', size='scalable')) = 7.413636363636363
15:55:47 [DEBUG   ] matplotlib.font_manager - findfont: score(FontEntry(fname='C:\\Windows\\Fonts\\WINGDNG3.TTF', name='Wingdings 3', style='normal', variant='normal', weight=400, stretch='normal', size='scalable')) = 10.335
15:55:47 [DEBUG   ] matplotlib.font_manager - findfont: score(FontEntry(fname='C:\\Windows\\Fonts\\cour.ttf', name='Courier New', style='normal', variant='normal', weight=400, stretch='normal', size='scalable')) = 10.335
15:55:47 [DEBUG   ] matplotlib.font_manager - findfont: score(FontEntry(fname='C:\\Windows\\Fonts\\verdana.ttf', name='Verdana', style='normal', variant='normal', weight=400, stretch='normal', size='scalable')) = 3.9713636363636367
15:55:47 [DEBUG   ] matplotlib.font_manager - findfont: score(FontEntry(fname='C:\\Windows\\Fonts\\SegoeIcons.ttf', name='Segoe Fluent Icons', style='normal', variant='normal', weight=400, stretch='normal', size='scalable')) = 10.335
15:55:47 [DEBUG   ] matplotlib.font_manager - findfont: score(FontEntry(fname='C:\\Windows\\Fonts\\VINERITC.TTF', name='Viner Hand ITC', style='normal', variant='normal', weight=400, stretch='normal', size='scalable')) = 10.335
15:55:47 [DEBUG   ] matplotlib.font_manager - findfont: score(FontEntry(fname='C:\\Windows\\Fonts\\msjhl.ttc', name='Microsoft JhengHei', style='normal', variant='normal', weight=290, stretch='normal', size='scalable')) = 10.4395
15:55:47 [DEBUG   ] matplotlib.font_manager - findfont: score(FontEntry(fname='C:\\Windows\\Fonts\\segoeuiz.ttf', name='Segoe UI', style='italic', variant='normal', weight=700, stretch='normal', size='scalable')) = 11.05
15:55:47 [DEBUG   ] matplotlib.font_manager - findfont: score(FontEntry(fname='C:\\Windows\\Fonts\\simsunb.ttf', name='SimSun-ExtB', style='normal', variant='normal', weight=400, stretch='normal', size='scalable')) = 10.335
15:55:47 [DEBUG   ] matplotlib.font_manager - findfont: score(FontEntry(fname='C:\\Program Files (x86)\\Adobe\\Acrobat DC\\Resource\\Font\\AdobeDevanagari-BoldItalic.otf', name='Adobe Devanagari', style='italic', variant='normal', weight=700, stretch='normal', size='scalable')) = 11.05
15:55:47 [DEBUG   ] matplotlib.font_manager - findfont: score(FontEntry(fname='C:\\Windows\\Fonts\\ebrima.ttf', name='Ebrima', style='normal', variant='normal', weight=400, stretch='normal', size='scalable')) = 10.335
15:55:47 [DEBUG   ] matplotlib.font_manager - findfont: score(FontEntry(fname='C:\\Windows\\Fonts\\seguibl.ttf', name='Segoe UI', style='normal', variant='normal', weight=900, stretch='normal', size='scalable')) = 10.24
15:55:47 [DEBUG   ] matplotlib.font_manager - findfont: score(FontEntry(fname='C:\\Windows\\Fonts\\OLDENGL.TTF', name='Old English Text MT', style='normal', variant='normal', weight=400, stretch='normal', size='scalable')) = 10.335
15:55:47 [DEBUG   ] matplotlib.font_manager - findfont: score(FontEntry(fname='C:\\Windows\\Fonts\\MISTRAL.TTF', name='Mistral', style='normal', variant='normal', weight=400, stretch='normal', size='scalable')) = 10.335
15:55:47 [DEBUG   ] matplotlib.font_manager - findfont: score(FontEntry(fname='C:\\Windows\\Fonts\\LATINWD.TTF', name='Wide Latin', style='normal', variant='normal', weight=400, stretch='expanded', size='scalable')) = 10.535
15:55:47 [DEBUG   ] matplotlib.font_manager - findfont: score(FontEntry(fname='C:\\Windows\\Fonts\\ariali.ttf', name='Arial', style='italic', variant='normal', weight=400, stretch='normal', size='scalable')) = 7.698636363636363
15:55:47 [DEBUG   ] matplotlib.font_manager - findfont: score(FontEntry(fname='C:\\Windows\\Fonts\\bahnschrift.ttf', name='Bahnschrift', style='normal', variant='normal', weight=400, stretch='normal', size='scalable')) = 10.335
15:55:47 [DEBUG   ] matplotlib.font_manager - findfont: score(FontEntry(fname='C:\\Windows\\Fonts\\gadugib.ttf', name='Gadugi', style='normal', variant='normal', weight=700, stretch='normal', size='scalable')) = 10.05
15:55:47 [DEBUG   ] matplotlib.font_manager - findfont: score(FontEntry(fname='C:\\Windows\\Fonts\\BELL.TTF', name='Bell MT', style='normal', variant='normal', weight=400, stretch='normal', size='scalable')) = 10.335
15:55:47 [DEBUG   ] matplotlib.font_manager - findfont: score(FontEntry(fname='C:\\Windows\\Fonts\\FREESCPT.TTF', name='Freestyle Script', style='normal', variant='normal', weight=400, stretch='normal', size='scalable')) = 10.335
15:55:47 [DEBUG   ] matplotlib.font_manager - findfont: score(FontEntry(fname='C:\\Windows\\Fonts\\ROCKBI.TTF', name='Rockwell', style='italic', variant='normal', weight=700, stretch='normal', size='scalable')) = 11.05
15:55:47 [DEBUG   ] matplotlib.font_manager - findfont: score(FontEntry(fname='C:\\Windows\\Fonts\\MAGNETOB.TTF', name='Magneto', style='normal', variant='normal', weight=700, stretch='normal', size='scalable')) = 10.05
15:55:47 [DEBUG   ] matplotlib.font_manager - findfont: score(FontEntry(fname='C:\\Windows\\Fonts\\msjhbd.ttc', name='Microsoft JhengHei', style='normal', variant='normal', weight=700, stretch='normal', size='scalable')) = 10.05
15:55:47 [DEBUG   ] matplotlib.font_manager - findfont: score(FontEntry(fname='C:\\Windows\\Fonts\\palab.ttf', name='Palatino Linotype', style='normal', variant='normal', weight=700, stretch='normal', size='scalable')) = 10.05
15:55:47 [DEBUG   ] matplotlib.font_manager - findfont: score(FontEntry(fname='C:\\Windows\\Fonts\\DUBAI-REGULAR.TTF', name='Dubai', style='normal', variant='normal', weight=400, stretch='normal', size='scalable')) = 10.335
15:55:47 [DEBUG   ] matplotlib.font_manager - findfont: score(FontEntry(fname='C:\\Windows\\Fonts\\msjh.ttc', name='Microsoft JhengHei', style='normal', variant='normal', weight=400, stretch='normal', size='scalable')) = 10.335
15:55:47 [DEBUG   ] matplotlib.font_manager - findfont: score(FontEntry(fname='C:\\Windows\\Fonts\\MAIAN.TTF', name='Maiandra GD', style='normal', variant='normal', weight=400, stretch='normal', size='scalable')) = 10.335
15:55:47 [DEBUG   ] matplotlib.font_manager - findfont: score(FontEntry(fname='C:\\Windows\\Fonts\\FRSCRIPT.TTF', name='French Script MT', style='normal', variant='normal', weight=400, stretch='normal', size='scalable')) = 10.335
15:55:47 [DEBUG   ] matplotlib.font_manager - findfont: score(FontEntry(fname='C:\\Program Files (x86)\\IBM\\SPSS\\Amos\\24\\JRE\\lib\\fonts\\LucidaTypewriterRegular.ttf', name='Lucida Sans Typewriter', style='normal', variant='normal', weight=400, stretch='normal', size='scalable')) = 10.335
15:55:47 [DEBUG   ] matplotlib.font_manager - findfont: score(FontEntry(fname='C:\\Windows\\Fonts\\cambria.ttc', name='Cambria', style='normal', variant='normal', weight=400, stretch='normal', size='scalable')) = 10.335
15:55:47 [DEBUG   ] matplotlib.font_manager - findfont: score(FontEntry(fname='C:\\Windows\\Fonts\\msyhbd.ttc', name='Microsoft YaHei', style='normal', variant='normal', weight=700, stretch='normal', size='scalable')) = 10.05
15:55:47 [DEBUG   ] matplotlib.font_manager - findfont: score(FontEntry(fname='C:\\Windows\\Fonts\\FRADMIT.TTF', name='Franklin Gothic Demi', style='italic', variant='normal', weight=400, stretch='normal', size='scalable')) = 11.335
15:55:47 [DEBUG   ] matplotlib.font_manager - findfont: score(FontEntry(fname='C:\\Windows\\Fonts\\phagspab.ttf', name='Microsoft PhagsPa', style='normal', variant='normal', weight=700, stretch='normal', size='scalable')) = 10.05
15:55:47 [DEBUG   ] matplotlib.font_manager - findfont: score(FontEntry(fname='C:\\Windows\\Fonts\\TCMI____.TTF', name='Tw Cen MT', style='italic', variant='normal', weight=400, stretch='normal', size='scalable')) = 11.335
15:55:47 [DEBUG   ] matplotlib.font_manager - findfont: score(FontEntry(fname='C:\\Windows\\Fonts\\BOD_CBI.TTF', name='Bodoni MT', style='italic', variant='normal', weight=700, stretch='condensed', size='scalable')) = 11.25
15:55:47 [DEBUG   ] matplotlib.font_manager - findfont: score(FontEntry(fname='C:\\Windows\\Fonts\\calibriz.ttf', name='Calibri', style='italic', variant='normal', weight=700, stretch='normal', size='scalable')) = 11.05
15:55:47 [DEBUG   ] matplotlib.font_manager - findfont: score(FontEntry(fname='C:\\Windows\\Fonts\\seguibli.ttf', name='Segoe UI', style='italic', variant='normal', weight=900, stretch='normal', size='scalable')) = 11.24
15:55:47 [DEBUG   ] matplotlib.font_manager - findfont: score(FontEntry(fname='C:\\Windows\\Fonts\\courbd.ttf', name='Courier New', style='normal', variant='normal', weight=700, stretch='normal', size='scalable')) = 10.05
15:55:47 [DEBUG   ] matplotlib.font_manager - findfont: score(FontEntry(fname='C:\\Windows\\Fonts\\BOD_PSTC.TTF', name='Bodoni MT', style='normal', variant='normal', weight=300, stretch='normal', size='scalable')) = 10.43
15:55:47 [DEBUG   ] matplotlib.font_manager - findfont: score(FontEntry(fname='C:\\Windows\\Fonts\\cambriab.ttf', name='Cambria', style='normal', variant='normal', weight=700, stretch='normal', size='scalable')) = 10.05
15:55:47 [DEBUG   ] matplotlib.font_manager - findfont: score(FontEntry(fname='C:\\Windows\\Fonts\\georgiai.ttf', name='Georgia', style='italic', variant='normal', weight=400, stretch='normal', size='scalable')) = 11.335
15:55:47 [DEBUG   ] matplotlib.font_manager - findfont: score(FontEntry(fname='C:\\Windows\\Fonts\\CALIFI.TTF', name='Californian FB', style='italic', variant='normal', weight=400, stretch='normal', size='scalable')) = 11.335
15:55:47 [DEBUG   ] matplotlib.font_manager - findfont: score(FontEntry(fname='C:\\Windows\\Fonts\\mmrtextb.ttf', name='Myanmar Text', style='normal', variant='normal', weight=700, stretch='normal', size='scalable')) = 10.05
15:55:47 [DEBUG   ] matplotlib.font_manager - findfont: score(FontEntry(fname='C:\\Windows\\Fonts\\SCHLBKB.TTF', name='Century Schoolbook', style='normal', variant='normal', weight=700, stretch='normal', size='scalable')) = 10.05
15:55:47 [DEBUG   ] matplotlib.font_manager - findfont: score(FontEntry(fname='C:\\Windows\\Fonts\\OUTLOOK.TTF', name='MS Outlook', style='normal', variant='normal', weight=400, stretch='normal', size='scalable')) = 10.335
15:55:47 [DEBUG   ] matplotlib.font_manager - findfont: score(FontEntry(fname='C:\\Windows\\Fonts\\georgia.ttf', name='Georgia', style='normal', variant='normal', weight=400, stretch='normal', size='scalable')) = 10.335
15:55:47 [DEBUG   ] matplotlib.font_manager - findfont: score(FontEntry(fname='C:\\Windows\\Fonts\\BELLB.TTF', name='Bell MT', style='normal', variant='normal', weight=700, stretch='normal', size='scalable')) = 10.05
15:55:47 [DEBUG   ] matplotlib.font_manager - findfont: score(FontEntry(fname='C:\\Windows\\Fonts\\ERASDEMI.TTF', name='Eras Demi ITC', style='normal', variant='normal', weight=400, stretch='normal', size='scalable')) = 10.335
15:55:47 [DEBUG   ] matplotlib.font_manager - findfont: score(FontEntry(fname='C:\\Windows\\Fonts\\framdit.ttf', name='Franklin Gothic Medium', style='italic', variant='normal', weight=400, stretch='normal', size='scalable')) = 11.335
15:55:47 [DEBUG   ] matplotlib.font_manager - findfont: score(FontEntry(fname='C:\\Windows\\Fonts\\GOUDYSTO.TTF', name='Goudy Stout', style='normal', variant='normal', weight=400, stretch='normal', size='scalable')) = 10.335
15:55:47 [DEBUG   ] matplotlib.font_manager - findfont: score(FontEntry(fname='C:\\Windows\\Fonts\\CALIST.TTF', name='Calisto MT', style='normal', variant='normal', weight=400, stretch='normal', size='scalable')) = 10.335
15:55:47 [DEBUG   ] matplotlib.font_manager - findfont: score(FontEntry(fname='C:\\Program Files (x86)\\IBM\\SPSS\\Amos\\24\\JRE\\lib\\fonts\\LucidaBrightItalic.ttf', name='Lucida Bright', style='italic', variant='normal', weight=400, stretch='normal', size='scalable')) = 11.335
15:55:47 [DEBUG   ] matplotlib.font_manager - findfont: score(FontEntry(fname='C:\\Windows\\Fonts\\CHILLER.TTF', name='Chiller', style='normal', variant='normal', weight=400, stretch='normal', size='scalable')) = 10.335
15:55:47 [DEBUG   ] matplotlib.font_manager - findfont: score(FontEntry(fname='C:\\Windows\\Fonts\\ZWAdobeF.TTF', name='ZWAdobeF', style='normal', variant='normal', weight=400, stretch='normal', size='scalable')) = 10.335
15:55:47 [DEBUG   ] matplotlib.font_manager - findfont: score(FontEntry(fname='C:\\Windows\\Fonts\\monbaiti.ttf', name='Mongolian Baiti', style='normal', variant='normal', weight=400, stretch='normal', size='scalable')) = 10.335
15:55:47 [DEBUG   ] matplotlib.font_manager - findfont: score(FontEntry(fname='C:\\Windows\\Fonts\\GILI____.TTF', name='Gill Sans MT', style='italic', variant='normal', weight=400, stretch='normal', size='scalable')) = 11.335
15:55:47 [DEBUG   ] matplotlib.font_manager - findfont: score(FontEntry(fname='C:\\Windows\\Fonts\\SCHLBKI.TTF', name='Century Schoolbook', style='italic', variant='normal', weight=400, stretch='normal', size='scalable')) = 11.335
15:55:47 [DEBUG   ] matplotlib.font_manager - findfont: score(FontEntry(fname='C:\\Windows\\Fonts\\BRUSHSCI.TTF', name='Brush Script MT', style='italic', variant='normal', weight=400, stretch='normal', size='scalable')) = 11.335
15:55:47 [DEBUG   ] matplotlib.font_manager - findfont: score(FontEntry(fname='C:\\Windows\\Fonts\\georgiaz.ttf', name='Georgia', style='italic', variant='normal', weight=700, stretch='normal', size='scalable')) = 11.05
15:55:47 [DEBUG   ] matplotlib.font_manager - findfont: score(FontEntry(fname='C:\\Windows\\Fonts\\corbelz.ttf', name='Corbel', style='italic', variant='normal', weight=700, stretch='normal', size='scalable')) = 11.05
15:55:47 [DEBUG   ] matplotlib.font_manager - findfont: score(FontEntry(fname='C:\\Windows\\Fonts\\INFROMAN.TTF', name='Informal Roman', style='normal', variant='normal', weight=400, stretch='normal', size='scalable')) = 10.335
15:55:47 [DEBUG   ] matplotlib.font_manager - findfont: score(FontEntry(fname='C:\\Windows\\Fonts\\Candarab.ttf', name='Candara', style='normal', variant='normal', weight=700, stretch='normal', size='scalable')) = 10.05
15:55:47 [DEBUG   ] matplotlib.font_manager - findfont: score(FontEntry(fname='C:\\Windows\\Fonts\\FRAHVIT.TTF', name='Franklin Gothic Heavy', style='italic', variant='normal', weight=400, stretch='normal', size='scalable')) = 11.335
15:55:47 [DEBUG   ] matplotlib.font_manager - findfont: score(FontEntry(fname='C:\\Windows\\Fonts\\Candaral.ttf', name='Candara', style='normal', variant='normal', weight=400, stretch='normal', size='scalable')) = 10.335
15:55:47 [DEBUG   ] matplotlib.font_manager - findfont: score(FontEntry(fname='C:\\Windows\\Fonts\\ITCKRIST.TTF', name='Kristen ITC', style='normal', variant='normal', weight=400, stretch='normal', size='scalable')) = 10.335
15:55:47 [DEBUG   ] matplotlib.font_manager - findfont: score(FontEntry(fname='C:\\Windows\\Fonts\\ENGR.TTF', name='Engravers MT', style='normal', variant='normal', weight=500, stretch='normal', size='scalable')) = 10.24
15:55:47 [DEBUG   ] matplotlib.font_manager - findfont: score(FontEntry(fname='C:\\Windows\\Fonts\\ITCBLKAD.TTF', name='Blackadder ITC', style='normal', variant='normal', weight=400, stretch='normal', size='scalable')) = 10.335
15:55:47 [DEBUG   ] matplotlib.font_manager - findfont: score(FontEntry(fname='C:\\Windows\\Fonts\\seguisbi.ttf', name='Segoe UI', style='italic', variant='normal', weight=600, stretch='normal', size='scalable')) = 11.145
15:55:47 [DEBUG   ] matplotlib.font_manager - findfont: score(FontEntry(fname='C:\\Windows\\Fonts\\GLSNECB.TTF', name='Gill Sans MT Ext Condensed Bold', style='normal', variant='normal', weight=400, stretch='condensed', size='scalable')) = 10.535
15:55:47 [DEBUG   ] matplotlib.font_manager - findfont: score(FontEntry(fname='C:\\Windows\\Fonts\\VIVALDII.TTF', name='Vivaldi', style='italic', variant='normal', weight=400, stretch='normal', size='scalable')) = 11.335
15:55:47 [DEBUG   ] matplotlib.font_manager - findfont: score(FontEntry(fname='C:\\Windows\\Fonts\\SegUIVar.ttf', name='Segoe UI Variable', style='normal', variant='normal', weight=400, stretch='normal', size='scalable')) = 10.335
15:55:47 [DEBUG   ] matplotlib.font_manager - findfont: score(FontEntry(fname='C:\\Windows\\Fonts\\LFAXDI.TTF', name='Lucida Fax', style='italic', variant='normal', weight=600, stretch='normal', size='scalable')) = 11.145
15:55:47 [DEBUG   ] matplotlib.font_manager - findfont: score(FontEntry(fname='C:\\Windows\\Fonts\\CALIFB.TTF', name='Californian FB', style='normal', variant='normal', weight=700, stretch='normal', size='scalable')) = 10.05
15:55:47 [DEBUG   ] matplotlib.font_manager - findfont: score(FontEntry(fname='C:\\Windows\\Fonts\\segmdl2.ttf', name='Segoe MDL2 Assets', style='normal', variant='normal', weight=400, stretch='normal', size='scalable')) = 10.335
15:55:47 [DEBUG   ] matplotlib.font_manager - findfont: score(FontEntry(fname='C:\\Windows\\Fonts\\LBRITE.TTF', name='Lucida Bright', style='normal', variant='normal', weight=400, stretch='normal', size='scalable')) = 10.335
15:55:47 [DEBUG   ] matplotlib.font_manager - findfont: score(FontEntry(fname='C:\\Windows\\Fonts\\AGENCYR.TTF', name='Agency FB', style='normal', variant='normal', weight=400, stretch='normal', size='scalable')) = 10.335
15:55:47 [DEBUG   ] matplotlib.font_manager - findfont: score(FontEntry(fname='C:\\Windows\\Fonts\\CURLZ___.TTF', name='Curlz MT', style='normal', variant='normal', weight=400, stretch='normal', size='scalable')) = 10.335
15:55:47 [DEBUG   ] matplotlib.font_manager - findfont: score(FontEntry(fname='C:\\Windows\\Fonts\\trebucit.ttf', name='Trebuchet MS', style='italic', variant='normal', weight=400, stretch='normal', size='scalable')) = 11.335
15:55:47 [DEBUG   ] matplotlib.font_manager - findfont: score(FontEntry(fname='C:\\Windows\\Fonts\\seguili.ttf', name='Segoe UI', style='italic', variant='normal', weight=300, stretch='normal', size='scalable')) = 11.43
15:55:47 [DEBUG   ] matplotlib.font_manager - findfont: score(FontEntry(fname='C:\\Windows\\Fonts\\GIGI.TTF', name='Gigi', style='normal', variant='normal', weight=400, stretch='normal', size='scalable')) = 10.335
15:55:47 [DEBUG   ] matplotlib.font_manager - findfont: score(FontEntry(fname='C:\\Windows\\Fonts\\cambriaz.ttf', name='Cambria', style='italic', variant='normal', weight=700, stretch='normal', size='scalable')) = 11.05
15:55:47 [DEBUG   ] matplotlib.font_manager - findfont: score(FontEntry(fname='C:\\Windows\\Fonts\\corbelli.ttf', name='Corbel', style='italic', variant='normal', weight=300, stretch='normal', size='scalable')) = 11.43
15:55:47 [DEBUG   ] matplotlib.font_manager - findfont: score(FontEntry(fname='C:\\Windows\\Fonts\\calibrili.ttf', name='Calibri', style='italic', variant='normal', weight=300, stretch='normal', size='scalable')) = 11.43
15:55:47 [DEBUG   ] matplotlib.font_manager - findfont: score(FontEntry(fname='C:\\Windows\\Fonts\\CENSCBK.TTF', name='Century Schoolbook', style='normal', variant='normal', weight=400, stretch='normal', size='scalable')) = 10.335
15:55:47 [DEBUG   ] matplotlib.font_manager - findfont: score(FontEntry(fname='C:\\Windows\\Fonts\\ariblk.ttf', name='Arial', style='normal', variant='normal', weight=900, stretch='normal', size='scalable')) = 6.6036363636363635
15:55:47 [DEBUG   ] matplotlib.font_manager - findfont: score(FontEntry(fname='C:\\Windows\\Fonts\\SCRIPTBL.TTF', name='Script MT Bold', style='normal', variant='normal', weight=700, stretch='normal', size='scalable')) = 10.05
15:55:47 [DEBUG   ] matplotlib.font_manager - findfont: score(FontEntry(fname='C:\\Windows\\Fonts\\Candaraz.ttf', name='Candara', style='italic', variant='normal', weight=700, stretch='normal', size='scalable')) = 11.05
15:55:47 [DEBUG   ] matplotlib.font_manager - findfont: score(FontEntry(fname='C:\\Windows\\Fonts\\SitkaVF-Italic.ttf', name='Sitka', style='italic', variant='normal', weight=400, stretch='normal', size='scalable')) = 11.335
15:55:47 [DEBUG   ] matplotlib.font_manager - findfont: score(FontEntry(fname='C:\\Windows\\Fonts\\BRLNSDB.TTF', name='Berlin Sans FB Demi', style='normal', variant='normal', weight=700, stretch='normal', size='scalable')) = 10.05
15:55:47 [DEBUG   ] matplotlib.font_manager - findfont: score(FontEntry(fname='C:\\Program Files (x86)\\Adobe\\Acrobat DC\\Resource\\Font\\AdobeDevanagari-Regular.otf', name='Adobe Devanagari', style='normal', variant='normal', weight=400, stretch='normal', size='scalable')) = 10.335
15:55:47 [DEBUG   ] matplotlib.font_manager - findfont: score(FontEntry(fname='C:\\Windows\\Fonts\\trebuc.ttf', name='Trebuchet MS', style='normal', variant='normal', weight=400, stretch='normal', size='scalable')) = 10.335
15:55:47 [DEBUG   ] matplotlib.font_manager - findfont: score(FontEntry(fname='C:\\Windows\\Fonts\\arial.ttf', name='Arial', style='normal', variant='normal', weight=400, stretch='normal', size='scalable')) = 6.698636363636363
15:55:47 [DEBUG   ] matplotlib.font_manager - findfont: score(FontEntry(fname='C:\\Windows\\Fonts\\impact.ttf', name='Impact', style='normal', variant='normal', weight=400, stretch='normal', size='scalable')) = 10.335
15:55:47 [DEBUG   ] matplotlib.font_manager - findfont: score(FontEntry(fname='C:\\Windows\\Fonts\\comicbd.ttf', name='Comic Sans MS', style='normal', variant='normal', weight=700, stretch='normal', size='scalable')) = 10.05
15:55:47 [DEBUG   ] matplotlib.font_manager - findfont: score(FontEntry(fname='C:\\Windows\\Fonts\\FRADM.TTF', name='Franklin Gothic Demi', style='normal', variant='normal', weight=400, stretch='normal', size='scalable')) = 10.335
15:55:47 [DEBUG   ] matplotlib.font_manager - findfont: score(FontEntry(fname='C:\\Windows\\Fonts\\l_10646.ttf', name='Lucida Sans Unicode', style='normal', variant='normal', weight=400, stretch='normal', size='scalable')) = 10.335
15:55:47 [DEBUG   ] matplotlib.font_manager - findfont: score(FontEntry(fname='C:\\Windows\\Fonts\\BOOKOSI.TTF', name='Bookman Old Style', style='italic', variant='normal', weight=300, stretch='normal', size='scalable')) = 11.43
15:55:47 [DEBUG   ] matplotlib.font_manager - findfont: score(FontEntry(fname='C:\\Windows\\Fonts\\LFAX.TTF', name='Lucida Fax', style='normal', variant='normal', weight=400, stretch='normal', size='scalable')) = 10.335
15:55:47 [DEBUG   ] matplotlib.font_manager - findfont: score(FontEntry(fname='C:\\Windows\\Fonts\\SCHLBKBI.TTF', name='Century Schoolbook', style='italic', variant='normal', weight=700, stretch='normal', size='scalable')) = 11.05
15:55:47 [DEBUG   ] matplotlib.font_manager - findfont: score(FontEntry(fname='C:\\Windows\\Fonts\\segoeuii.ttf', name='Segoe UI', style='italic', variant='normal', weight=400, stretch='normal', size='scalable')) = 11.335
15:55:47 [DEBUG   ] matplotlib.font_manager - findfont: score(FontEntry(fname='C:\\Windows\\Fonts\\BOD_B.TTF', name='Bodoni MT', style='normal', variant='normal', weight=700, stretch='normal', size='scalable')) = 10.05
15:55:47 [DEBUG   ] matplotlib.font_manager - findfont: score(FontEntry(fname='C:\\Windows\\Fonts\\BOD_CI.TTF', name='Bodoni MT', style='italic', variant='normal', weight=400, stretch='condensed', size='scalable')) = 11.535
15:55:47 [DEBUG   ] matplotlib.font_manager - findfont: score(FontEntry(fname='C:\\Windows\\Fonts\\FRADMCN.TTF', name='Franklin Gothic Demi Cond', style='normal', variant='normal', weight=400, stretch='condensed', size='scalable')) = 10.535
15:55:47 [DEBUG   ] matplotlib.font_manager - findfont: score(FontEntry(fname='C:\\Windows\\Fonts\\corbell.ttf', name='Corbel', style='normal', variant='normal', weight=300, stretch='normal', size='scalable')) = 10.43
15:55:47 [DEBUG   ] matplotlib.font_manager - findfont: score(FontEntry(fname='C:\\Windows\\Fonts\\segoeuil.ttf', name='Segoe UI', style='normal', variant='normal', weight=300, stretch='normal', size='scalable')) = 10.43
15:55:47 [DEBUG   ] matplotlib.font_manager - findfont: score(FontEntry(fname='C:\\Windows\\Fonts\\consolab.ttf', name='Consolas', style='normal', variant='normal', weight=700, stretch='normal', size='scalable')) = 10.05
15:55:47 [DEBUG   ] matplotlib.font_manager - findfont: score(FontEntry(fname='C:\\Windows\\Fonts\\CALISTI.TTF', name='Calisto MT', style='italic', variant='normal', weight=400, stretch='normal', size='scalable')) = 11.335
15:55:47 [DEBUG   ] matplotlib.font_manager - findfont: score(FontEntry(fname='C:\\Windows\\Fonts\\malgunsl.ttf', name='Malgun Gothic', style='normal', variant='normal', weight=300, stretch='normal', size='scalable')) = 10.43
15:55:47 [DEBUG   ] matplotlib.font_manager - findfont: score(FontEntry(fname='C:\\Windows\\Fonts\\seguihis.ttf', name='Segoe UI Historic', style='normal', variant='normal', weight=400, stretch='normal', size='scalable')) = 10.335
15:55:47 [DEBUG   ] matplotlib.font_manager - findfont: score(FontEntry(fname='C:\\Windows\\Fonts\\ntailub.ttf', name='Microsoft New Tai Lue', style='normal', variant='normal', weight=700, stretch='normal', size='scalable')) = 10.05
15:55:47 [DEBUG   ] matplotlib.font_manager - findfont: score(FontEntry(fname='C:\\Windows\\Fonts\\GILBI___.TTF', name='Gill Sans MT', style='italic', variant='normal', weight=700, stretch='normal', size='scalable')) = 11.05
15:55:47 [DEBUG   ] matplotlib.font_manager - findfont: score(FontEntry(fname='C:\\Windows\\Fonts\\mvboli.ttf', name='MV Boli', style='normal', variant='normal', weight=400, stretch='normal', size='scalable')) = 10.335
15:55:47 [DEBUG   ] matplotlib.font_manager - findfont: score(FontEntry(fname='C:\\Windows\\Fonts\\trebucbi.ttf', name='Trebuchet MS', style='italic', variant='normal', weight=700, stretch='normal', size='scalable')) = 11.05
15:55:47 [DEBUG   ] matplotlib.font_manager - findfont: score(FontEntry(fname='C:\\Windows\\Fonts\\COPRGTB.TTF', name='Copperplate Gothic Bold', style='normal', variant='normal', weight=400, stretch='normal', size='scalable')) = 10.335
15:55:47 [DEBUG   ] matplotlib.font_manager - findfont: score(FontEntry(fname='C:\\Windows\\Fonts\\REFSPCL.TTF', name='MS Reference Specialty', style='normal', variant='normal', weight=400, stretch='normal', size='scalable')) = 10.335
15:55:47 [DEBUG   ] matplotlib.font_manager - findfont: score(FontEntry(fname='C:\\Windows\\Fonts\\LCALLIG.TTF', name='Lucida Calligraphy', style='italic', variant='normal', weight=400, stretch='normal', size='scalable')) = 11.335
15:55:47 [DEBUG   ] matplotlib.font_manager - findfont: score(FontEntry(fname='C:\\Windows\\Fonts\\PLAYBILL.TTF', name='Playbill', style='normal', variant='normal', weight=400, stretch='normal', size='scalable')) = 10.335
15:55:47 [DEBUG   ] matplotlib.font_manager - findfont: score(FontEntry(fname='C:\\Windows\\Fonts\\segoescb.ttf', name='Segoe Script', style='normal', variant='normal', weight=700, stretch='normal', size='scalable')) = 10.05
15:55:47 [DEBUG   ] matplotlib.font_manager - findfont: score(FontEntry(fname='C:\\Windows\\Fonts\\corbelb.ttf', name='Corbel', style='normal', variant='normal', weight=700, stretch='normal', size='scalable')) = 10.05
15:55:47 [DEBUG   ] matplotlib.font_manager - findfont: score(FontEntry(fname='C:\\Windows\\Fonts\\palai.ttf', name='Palatino Linotype', style='italic', variant='normal', weight=400, stretch='normal', size='scalable')) = 11.335
15:55:47 [DEBUG   ] matplotlib.font_manager - findfont: score(FontEntry(fname='C:\\Windows\\Fonts\\phagspa.ttf', name='Microsoft PhagsPa', style='normal', variant='normal', weight=400, stretch='normal', size='scalable')) = 10.335
15:55:47 [DEBUG   ] matplotlib.font_manager - findfont: score(FontEntry(fname='C:\\Windows\\Fonts\\himalaya.ttf', name='Microsoft Himalaya', style='normal', variant='normal', weight=400, stretch='normal', size='scalable')) = 10.335
15:55:47 [DEBUG   ] matplotlib.font_manager - findfont: score(FontEntry(fname='C:\\Windows\\Fonts\\HARNGTON.TTF', name='Harrington', style='normal', variant='normal', weight=400, stretch='normal', size='scalable')) = 10.335
15:55:47 [DEBUG   ] matplotlib.font_manager - findfont: score(FontEntry(fname='C:\\Windows\\Fonts\\ONYX.TTF', name='Onyx', style='normal', variant='normal', weight=400, stretch='normal', size='scalable')) = 10.335
15:55:47 [DEBUG   ] matplotlib.font_manager - findfont: score(FontEntry(fname='C:\\Windows\\Fonts\\CASTELAR.TTF', name='Castellar', style='normal', variant='normal', weight=400, stretch='normal', size='scalable')) = 10.335
15:55:47 [DEBUG   ] matplotlib.font_manager - findfont: score(FontEntry(fname='C:\\Windows\\Fonts\\GOUDOSI.TTF', name='Goudy Old Style', style='italic', variant='normal', weight=400, stretch='normal', size='scalable')) = 11.335
15:55:47 [DEBUG   ] matplotlib.font_manager - findfont: score(FontEntry(fname='C:\\Windows\\Fonts\\ALGER.TTF', name='Algerian', style='normal', variant='normal', weight=400, stretch='normal', size='scalable')) = 10.335
15:55:47 [DEBUG   ] matplotlib.font_manager - findfont: score(FontEntry(fname='C:\\Windows\\Fonts\\segoeui.ttf', name='Segoe UI', style='normal', variant='normal', weight=400, stretch='normal', size='scalable')) = 10.335
15:55:47 [DEBUG   ] matplotlib.font_manager - findfont: score(FontEntry(fname='C:\\Windows\\Fonts\\BRLNSB.TTF', name='Berlin Sans FB', style='normal', variant='normal', weight=700, stretch='normal', size='scalable')) = 10.05
15:55:47 [DEBUG   ] matplotlib.font_manager - findfont: score(FontEntry(fname='C:\\Windows\\Fonts\\javatext.ttf', name='Javanese Text', style='normal', variant='normal', weight=400, stretch='normal', size='scalable')) = 10.335
15:55:47 [DEBUG   ] matplotlib.font_manager - findfont: score(FontEntry(fname='C:\\Windows\\Fonts\\BROADW.TTF', name='Broadway', style='normal', variant='normal', weight=400, stretch='normal', size='scalable')) = 10.335
15:55:47 [DEBUG   ] matplotlib.font_manager - findfont: score(FontEntry(fname='C:\\Windows\\Fonts\\LTYPEO.TTF', name='Lucida Sans Typewriter', style='oblique', variant='normal', weight=400, stretch='normal', size='scalable')) = 11.335
15:55:47 [DEBUG   ] matplotlib.font_manager - findfont: score(FontEntry(fname='C:\\Windows\\Fonts\\ARIALN.TTF', name='Arial', style='normal', variant='normal', weight=400, stretch='condensed', size='scalable')) = 6.8986363636363635
15:55:47 [DEBUG   ] matplotlib.font_manager - findfont: score(FontEntry(fname='C:\\Windows\\Fonts\\comic.ttf', name='Comic Sans MS', style='normal', variant='normal', weight=400, stretch='normal', size='scalable')) = 10.335
15:55:47 [DEBUG   ] matplotlib.font_manager - findfont: score(FontEntry(fname='C:\\Windows\\Fonts\\GARABD.TTF', name='Garamond', style='normal', variant='normal', weight=700, stretch='normal', size='scalable')) = 10.05
15:55:47 [DEBUG   ] matplotlib.font_manager - findfont: score(FontEntry(fname='C:\\Windows\\Fonts\\JOKERMAN.TTF', name='Jokerman', style='normal', variant='normal', weight=400, stretch='normal', size='scalable')) = 10.335
15:55:47 [DEBUG   ] matplotlib.font_manager - findfont: score(FontEntry(fname='C:\\Windows\\Fonts\\CascadiaCode.ttf', name='Cascadia Code', style='normal', variant='normal', weight=400, stretch='normal', size='scalable')) = 10.335
15:55:47 [DEBUG   ] matplotlib.font_manager - findfont: score(FontEntry(fname='C:\\Windows\\Fonts\\VLADIMIR.TTF', name='Vladimir Script', style='normal', variant='normal', weight=400, stretch='normal', size='scalable')) = 10.335
15:55:47 [DEBUG   ] matplotlib.font_manager - findfont: score(FontEntry(fname='C:\\Windows\\Fonts\\GILB____.TTF', name='Gill Sans MT', style='normal', variant='normal', weight=700, stretch='normal', size='scalable')) = 10.05
15:55:47 [DEBUG   ] matplotlib.font_manager - findfont: score(FontEntry(fname='C:\\Windows\\Fonts\\palabi.ttf', name='Palatino Linotype', style='italic', variant='normal', weight=700, stretch='normal', size='scalable')) = 11.05
15:55:47 [DEBUG   ] matplotlib.font_manager - findfont: score(FontEntry(fname='C:\\Windows\\Fonts\\BOD_CB.TTF', name='Bodoni MT', style='normal', variant='normal', weight=700, stretch='condensed', size='scalable')) = 10.25
15:55:47 [DEBUG   ] matplotlib.font_manager - findfont: score(FontEntry(fname='C:\\Windows\\Fonts\\GARAIT.TTF', name='Garamond', style='italic', variant='normal', weight=400, stretch='normal', size='scalable')) = 11.335
15:55:47 [DEBUG   ] matplotlib.font_manager - findfont: score(FontEntry(fname='C:\\Windows\\Fonts\\FRAHV.TTF', name='Franklin Gothic Heavy', style='normal', variant='normal', weight=400, stretch='normal', size='scalable')) = 10.335
15:55:47 [DEBUG   ] matplotlib.font_manager - findfont: score(FontEntry(fname='C:\\Windows\\Fonts\\BOD_BI.TTF', name='Bodoni MT', style='italic', variant='normal', weight=700, stretch='normal', size='scalable')) = 11.05
15:55:47 [DEBUG   ] matplotlib.font_manager - findfont: score(FontEntry(fname='C:\\Windows\\Fonts\\Candara.ttf', name='Candara', style='normal', variant='normal', weight=400, stretch='normal', size='scalable')) = 10.335
15:55:47 [DEBUG   ] matplotlib.font_manager - findfont: score(FontEntry(fname='C:\\Windows\\Fonts\\BERNHC.TTF', name='Bernard MT Condensed', style='normal', variant='normal', weight=400, stretch='condensed', size='scalable')) = 10.535
15:55:47 [DEBUG   ] matplotlib.font_manager - findfont: score(FontEntry(fname='C:\\Windows\\Fonts\\ERASBD.TTF', name='Eras Bold ITC', style='normal', variant='normal', weight=400, stretch='normal', size='scalable')) = 10.335
15:55:47 [DEBUG   ] matplotlib.font_manager - findfont: score(FontEntry(fname='C:\\Windows\\Fonts\\YuGothL.ttc', name='Yu Gothic', style='normal', variant='normal', weight=300, stretch='normal', size='scalable')) = 10.43
15:55:47 [DEBUG   ] matplotlib.font_manager - findfont: score(FontEntry(fname='C:\\Windows\\Fonts\\MATURASC.TTF', name='Matura MT Script Capitals', style='normal', variant='normal', weight=400, stretch='normal', size='scalable')) = 10.335
15:55:47 [DEBUG   ] matplotlib.font_manager - findfont: score(FontEntry(fname='C:\\Windows\\Fonts\\PALSCRI.TTF', name='Palace Script MT', style='normal', variant='normal', weight=400, stretch='normal', size='scalable')) = 10.335
15:55:47 [DEBUG   ] matplotlib.font_manager - findfont: score(FontEntry(fname='C:\\Windows\\Fonts\\GIL_____.TTF', name='Gill Sans MT', style='normal', variant='normal', weight=400, stretch='normal', size='scalable')) = 10.335
15:55:47 [DEBUG   ] matplotlib.font_manager - findfont: score(FontEntry(fname='C:\\Program Files (x86)\\IBM\\SPSS\\Amos\\24\\JRE\\lib\\fonts\\LucidaBrightRegular.ttf', name='Lucida Bright', style='normal', variant='normal', weight=400, stretch='normal', size='scalable')) = 10.335
15:55:47 [DEBUG   ] matplotlib.font_manager - findfont: score(FontEntry(fname='C:\\Windows\\Fonts\\LeelaUIb.ttf', name='Leelawadee UI', style='normal', variant='normal', weight=700, stretch='normal', size='scalable')) = 10.05
15:55:47 [DEBUG   ] matplotlib.font_manager - findfont: score(FontEntry(fname='C:\\Windows\\Fonts\\HTOWERT.TTF', name='High Tower Text', style='normal', variant='normal', weight=400, stretch='normal', size='scalable')) = 10.335
15:55:47 [DEBUG   ] matplotlib.font_manager - findfont: score(FontEntry(fname='C:\\Windows\\Fonts\\LTYPEBO.TTF', name='Lucida Sans Typewriter', style='oblique', variant='normal', weight=600, stretch='normal', size='scalable')) = 11.145
15:55:47 [DEBUG   ] matplotlib.font_manager - findfont: score(FontEntry(fname='C:\\Windows\\Fonts\\micross.ttf', name='Microsoft Sans Serif', style='normal', variant='normal', weight=400, stretch='normal', size='scalable')) = 10.335
15:55:47 [DEBUG   ] matplotlib.font_manager - findfont: score(FontEntry(fname='C:\\Windows\\Fonts\\TCM_____.TTF', name='Tw Cen MT', style='normal', variant='normal', weight=400, stretch='normal', size='scalable')) = 10.335
15:55:47 [DEBUG   ] matplotlib.font_manager - findfont: score(FontEntry(fname='C:\\Windows\\Fonts\\BOOKOSB.TTF', name='Bookman Old Style', style='normal', variant='normal', weight=600, stretch='normal', size='scalable')) = 10.145
15:55:47 [DEBUG   ] matplotlib.font_manager - findfont: score(FontEntry(fname='C:\\Windows\\Fonts\\consola.ttf', name='Consolas', style='normal', variant='normal', weight=400, stretch='normal', size='scalable')) = 10.335
15:55:47 [DEBUG   ] matplotlib.font_manager - findfont: score(FontEntry(fname='C:\\Windows\\Fonts\\ERASMD.TTF', name='Eras Medium ITC', style='normal', variant='normal', weight=400, stretch='normal', size='scalable')) = 10.335
15:55:47 [DEBUG   ] matplotlib.font_manager - findfont: score(FontEntry(fname='C:\\Windows\\Fonts\\BOD_BLAI.TTF', name='Bodoni MT', style='italic', variant='normal', weight=900, stretch='normal', size='scalable')) = 11.24
15:55:47 [DEBUG   ] matplotlib.font_manager - findfont: score(FontEntry(fname='C:\\Windows\\Fonts\\couri.ttf', name='Courier New', style='italic', variant='normal', weight=400, stretch='normal', size='scalable')) = 11.335
15:55:47 [DEBUG   ] matplotlib.font_manager - findfont: score(FontEntry(fname='C:\\Windows\\Fonts\\calibrib.ttf', name='Calibri', style='normal', variant='normal', weight=700, stretch='normal', size='scalable')) = 10.05
15:55:47 [DEBUG   ] matplotlib.font_manager - findfont: score(FontEntry(fname='C:\\Windows\\Fonts\\segoeuib.ttf', name='Segoe UI', style='normal', variant='normal', weight=700, stretch='normal', size='scalable')) = 10.05
15:55:47 [DEBUG   ] matplotlib.font_manager - findfont: score(FontEntry(fname='C:\\Windows\\Fonts\\HTOWERTI.TTF', name='High Tower Text', style='italic', variant='normal', weight=400, stretch='normal', size='scalable')) = 11.335
15:55:47 [DEBUG   ] matplotlib.font_manager - findfont: score(FontEntry(fname='C:\\Windows\\Fonts\\seguiemj.ttf', name='Segoe UI Emoji', style='normal', variant='normal', weight=400, stretch='normal', size='scalable')) = 10.335
15:55:47 [DEBUG   ] matplotlib.font_manager - findfont: score(FontEntry(fname='C:\\Windows\\Fonts\\ROCC____.TTF', name='Rockwell Condensed', style='normal', variant='normal', weight=400, stretch='condensed', size='scalable')) = 10.535
15:55:47 [DEBUG   ] matplotlib.font_manager - findfont: score(FontEntry(fname='C:\\Windows\\Fonts\\LeelawUI.ttf', name='Leelawadee UI', style='normal', variant='normal', weight=400, stretch='normal', size='scalable')) = 10.335
15:55:47 [DEBUG   ] matplotlib.font_manager - findfont: score(FontEntry(fname='C:\\Windows\\Fonts\\TEMPSITC.TTF', name='Tempus Sans ITC', style='normal', variant='normal', weight=400, stretch='normal', size='scalable')) = 10.335
15:55:47 [DEBUG   ] matplotlib.font_manager - findfont: score(FontEntry(fname='C:\\Windows\\Fonts\\tahomabd.ttf', name='Tahoma', style='normal', variant='normal', weight=700, stretch='normal', size='scalable')) = 10.05
15:55:47 [DEBUG   ] matplotlib.font_manager - findfont: score(FontEntry(fname='C:\\Windows\\Fonts\\comici.ttf', name='Comic Sans MS', style='italic', variant='normal', weight=400, stretch='normal', size='scalable')) = 11.335
15:55:47 [DEBUG   ] matplotlib.font_manager - findfont: score(FontEntry(fname='C:\\Windows\\Fonts\\YuGothR.ttc', name='Yu Gothic', style='normal', variant='normal', weight=400, stretch='normal', size='scalable')) = 10.335
15:55:47 [DEBUG   ] matplotlib.font_manager - findfont: score(FontEntry(fname='C:\\Windows\\Fonts\\PERB____.TTF', name='Perpetua', style='normal', variant='normal', weight=700, stretch='normal', size='scalable')) = 10.05
15:55:47 [DEBUG   ] matplotlib.font_manager - findfont: score(FontEntry(fname='C:\\Windows\\Fonts\\BSSYM7.TTF', name='Bookshelf Symbol 7', style='normal', variant='normal', weight=400, stretch='normal', size='scalable')) = 10.335
15:55:47 [DEBUG   ] matplotlib.font_manager - findfont: score(FontEntry(fname='C:\\Windows\\Fonts\\PERI____.TTF', name='Perpetua', style='italic', variant='normal', weight=400, stretch='normal', size='scalable')) = 11.335
15:55:47 [DEBUG   ] matplotlib.font_manager - findfont: score(FontEntry(fname='C:\\Windows\\Fonts\\segoeprb.ttf', name='Segoe Print', style='normal', variant='normal', weight=700, stretch='normal', size='scalable')) = 10.05
15:55:47 [DEBUG   ] matplotlib.font_manager - findfont: score(FontEntry(fname='C:\\Windows\\Fonts\\DUBAI-LIGHT.TTF', name='Dubai', style='normal', variant='normal', weight=300, stretch='normal', size='scalable')) = 10.43
15:55:47 [DEBUG   ] matplotlib.font_manager - findfont: score(FontEntry(fname='C:\\Windows\\Fonts\\LFAXI.TTF', name='Lucida Fax', style='italic', variant='normal', weight=400, stretch='normal', size='scalable')) = 11.335
15:55:47 [DEBUG   ] matplotlib.font_manager - findfont: score(FontEntry(fname='C:\\Windows\\Fonts\\Candarai.ttf', name='Candara', style='italic', variant='normal', weight=400, stretch='normal', size='scalable')) = 11.335
15:55:47 [DEBUG   ] matplotlib.font_manager - findfont: score(FontEntry(fname='C:\\Windows\\Fonts\\CALISTB.TTF', name='Calisto MT', style='normal', variant='normal', weight=700, stretch='normal', size='scalable')) = 10.05
15:55:47 [DEBUG   ] matplotlib.font_manager - findfont: score(FontEntry(fname='C:\\Windows\\Fonts\\Nirmala.ttc', name='Nirmala UI', style='normal', variant='normal', weight=400, stretch='normal', size='scalable')) = 10.335
15:55:47 [DEBUG   ] matplotlib.font_manager - findfont: score(FontEntry(fname='C:\\Windows\\Fonts\\FTLTLT.TTF', name='Footlight MT Light', style='normal', variant='normal', weight=300, stretch='normal', size='scalable')) = 10.43
15:55:47 [DEBUG   ] matplotlib.font_manager - findfont: score(FontEntry(fname='C:\\Windows\\Fonts\\Candarali.ttf', name='Candara', style='italic', variant='normal', weight=400, stretch='normal', size='scalable')) = 11.335
15:55:47 [DEBUG   ] matplotlib.font_manager - findfont: score(FontEntry(fname='C:\\Windows\\Fonts\\lucon.ttf', name='Lucida Console', style='normal', variant='normal', weight=400, stretch='normal', size='scalable')) = 10.335
15:55:47 [DEBUG   ] matplotlib.font_manager - findfont: score(FontEntry(fname='C:\\Windows\\Fonts\\FORTE.TTF', name='Forte', style='normal', variant='normal', weight=400, stretch='normal', size='scalable')) = 10.335
15:55:47 [DEBUG   ] matplotlib.font_manager - findfont: score(FontEntry(fname='C:\\Windows\\Fonts\\BELLI.TTF', name='Bell MT', style='italic', variant='normal', weight=400, stretch='normal', size='scalable')) = 11.335
15:55:47 [DEBUG   ] matplotlib.font_manager - findfont: score(FontEntry(fname='C:\\Windows\\Fonts\\ARIALNI.TTF', name='Arial', style='italic', variant='normal', weight=400, stretch='condensed', size='scalable')) = 7.8986363636363635
15:55:47 [DEBUG   ] matplotlib.font_manager - findfont: score(FontEntry(fname='C:\\Program Files (x86)\\IBM\\SPSS\\Amos\\24\\JRE\\lib\\fonts\\LucidaTypewriterBold.ttf', name='Lucida Sans Typewriter', style='normal', variant='normal', weight=700, stretch='normal', size='scalable')) = 10.05
15:55:47 [DEBUG   ] matplotlib.font_manager - findfont: score(FontEntry(fname='C:\\Windows\\Fonts\\ROCCB___.TTF', name='Rockwell Condensed', style='normal', variant='normal', weight=700, stretch='condensed', size='scalable')) = 10.25
15:55:47 [DEBUG   ] matplotlib.font_manager - findfont: score(FontEntry(fname='C:\\Windows\\Fonts\\ROCKI.TTF', name='Rockwell', style='italic', variant='normal', weight=400, stretch='normal', size='scalable')) = 11.335
15:55:47 [DEBUG   ] matplotlib.font_manager - findfont: score(FontEntry(fname='C:\\Windows\\Fonts\\ROCKEB.TTF', name='Rockwell Extra Bold', style='normal', variant='normal', weight=800, stretch='normal', size='scalable')) = 10.145
15:55:47 [DEBUG   ] matplotlib.font_manager - findfont: score(FontEntry(fname='C:\\Windows\\Fonts\\FELIXTI.TTF', name='Felix Titling', style='normal', variant='normal', weight=400, stretch='normal', size='scalable')) = 10.335
15:55:47 [DEBUG   ] matplotlib.font_manager - findfont: score(FontEntry(fname='C:\\Windows\\Fonts\\msgothic.ttc', name='MS Gothic', style='normal', variant='normal', weight=400, stretch='normal', size='scalable')) = 10.335
15:55:47 [DEBUG   ] matplotlib.font_manager - findfont: score(FontEntry(fname='C:\\Windows\\Fonts\\BOD_I.TTF', name='Bodoni MT', style='italic', variant='normal', weight=400, stretch='normal', size='scalable')) = 11.335
15:55:47 [DEBUG   ] matplotlib.font_manager - findfont: score(FontEntry(fname='C:\\Windows\\Fonts\\ROCK.TTF', name='Rockwell', style='normal', variant='normal', weight=400, stretch='normal', size='scalable')) = 10.335
15:55:47 [DEBUG   ] matplotlib.font_manager - findfont: score(FontEntry(fname='C:\\Program Files (x86)\\Adobe\\Acrobat DC\\Resource\\Font\\AdobeDevanagari-Bold.otf', name='Adobe Devanagari', style='normal', variant='normal', weight=700, stretch='normal', size='scalable')) = 10.05
15:55:47 [DEBUG   ] matplotlib.font_manager - findfont: score(FontEntry(fname='C:\\Windows\\Fonts\\PER_____.TTF', name='Perpetua', style='normal', variant='normal', weight=400, stretch='normal', size='scalable')) = 10.335
15:55:47 [DEBUG   ] matplotlib.font_manager - findfont: score(FontEntry(fname='C:\\Windows\\Fonts\\wingding.ttf', name='Wingdings', style='normal', variant='normal', weight=400, stretch='normal', size='scalable')) = 10.335
15:55:47 [DEBUG   ] matplotlib.font_manager - findfont: score(FontEntry(fname='C:\\Windows\\Fonts\\ITCEDSCR.TTF', name='Edwardian Script ITC', style='normal', variant='normal', weight=400, stretch='normal', size='scalable')) = 10.335
15:55:47 [DEBUG   ] matplotlib.font_manager - findfont: score(FontEntry(fname='C:\\Windows\\Fonts\\YuGothM.ttc', name='Yu Gothic', style='normal', variant='normal', weight=500, stretch='normal', size='scalable')) = 10.24
15:55:47 [DEBUG   ] matplotlib.font_manager - findfont: score(FontEntry(fname='C:\\Windows\\Fonts\\SNAP____.TTF', name='Snap ITC', style='normal', variant='normal', weight=400, stretch='normal', size='scalable')) = 10.335
15:55:47 [DEBUG   ] matplotlib.font_manager - findfont: score(FontEntry(fname='C:\\Windows\\Fonts\\ELEPHNTI.TTF', name='Elephant', style='italic', variant='normal', weight=400, stretch='normal', size='scalable')) = 11.335
15:55:47 [DEBUG   ] matplotlib.font_manager - findfont: score(FontEntry(fname='C:\\Windows\\Fonts\\GILC____.TTF', name='Gill Sans MT Condensed', style='normal', variant='normal', weight=400, stretch='condensed', size='scalable')) = 10.535
15:55:47 [DEBUG   ] matplotlib.font_manager - findfont: score(FontEntry(fname='C:\\Windows\\Fonts\\BOD_R.TTF', name='Bodoni MT', style='normal', variant='normal', weight=400, stretch='normal', size='scalable')) = 10.335
15:55:47 [DEBUG   ] matplotlib.font_manager - findfont: score(FontEntry(fname='C:\\Windows\\Fonts\\NIAGSOL.TTF', name='Niagara Solid', style='normal', variant='normal', weight=400, stretch='normal', size='scalable')) = 10.335
15:55:47 [DEBUG   ] matplotlib.font_manager - findfont: score(FontEntry(fname='C:\\Windows\\Fonts\\DUBAI-BOLD.TTF', name='Dubai', style='normal', variant='normal', weight=700, stretch='normal', size='scalable')) = 10.05
15:55:47 [DEBUG   ] matplotlib.font_manager - findfont: score(FontEntry(fname='C:\\Windows\\Fonts\\corbeli.ttf', name='Corbel', style='italic', variant='normal', weight=400, stretch='normal', size='scalable')) = 11.335
15:55:47 [DEBUG   ] matplotlib.font_manager - findfont: score(FontEntry(fname='C:\\Windows\\Fonts\\sylfaen.ttf', name='Sylfaen', style='normal', variant='normal', weight=400, stretch='normal', size='scalable')) = 10.335
15:55:47 [DEBUG   ] matplotlib.font_manager - findfont: score(FontEntry(fname='C:\\Windows\\Fonts\\georgiab.ttf', name='Georgia', style='normal', variant='normal', weight=700, stretch='normal', size='scalable')) = 10.05
15:55:47 [DEBUG   ] matplotlib.font_manager - findfont: score(FontEntry(fname='C:\\Windows\\Fonts\\COPRGTL.TTF', name='Copperplate Gothic Light', style='normal', variant='normal', weight=400, stretch='normal', size='scalable')) = 10.335
15:55:47 [DEBUG   ] matplotlib.font_manager - findfont: score(FontEntry(fname='C:\\Windows\\Fonts\\pala.ttf', name='Palatino Linotype', style='normal', variant='normal', weight=400, stretch='normal', size='scalable')) = 10.335
15:55:47 [DEBUG   ] matplotlib.font_manager - findfont: score(FontEntry(fname='C:\\Windows\\Fonts\\MTCORSVA.TTF', name='Monotype Corsiva', style='normal', variant='normal', weight=400, stretch='normal', size='scalable')) = 10.335
15:55:47 [DEBUG   ] matplotlib.font_manager - findfont: score(FontEntry(fname='C:\\Windows\\Fonts\\msyi.ttf', name='Microsoft Yi Baiti', style='normal', variant='normal', weight=400, stretch='normal', size='scalable')) = 10.335
15:55:47 [DEBUG   ] matplotlib.font_manager - findfont: score(FontEntry(fname='C:\\Windows\\Fonts\\arialbd.ttf', name='Arial', style='normal', variant='normal', weight=700, stretch='normal', size='scalable')) = 6.413636363636363
15:55:47 [DEBUG   ] matplotlib.font_manager - findfont: score(FontEntry(fname='C:\\Windows\\Fonts\\LSANSDI.TTF', name='Lucida Sans', style='italic', variant='normal', weight=600, stretch='normal', size='scalable')) = 11.145
15:55:47 [DEBUG   ] matplotlib.font_manager - findfont: score(FontEntry(fname='C:\\Windows\\Fonts\\SitkaVF.ttf', name='Sitka', style='normal', variant='normal', weight=400, stretch='normal', size='scalable')) = 10.335
15:55:47 [DEBUG   ] matplotlib.font_manager - findfont: score(FontEntry(fname='C:\\Windows\\Fonts\\PERTILI.TTF', name='Perpetua Titling MT', style='normal', variant='normal', weight=300, stretch='normal', size='scalable')) = 10.43
15:55:47 [DEBUG   ] matplotlib.font_manager - findfont: score(FontEntry(fname='C:\\Windows\\Fonts\\times.ttf', name='Times New Roman', style='normal', variant='normal', weight=400, stretch='normal', size='scalable')) = 10.335
15:55:47 [DEBUG   ] matplotlib.font_manager - findfont: score(FontEntry(fname='C:\\Windows\\Fonts\\ARIALNBI.TTF', name='Arial', style='italic', variant='normal', weight=700, stretch='condensed', size='scalable')) = 7.613636363636363
15:55:47 [DEBUG   ] matplotlib.font_manager - findfont: score(FontEntry(fname='C:\\Windows\\Fonts\\POORICH.TTF', name='Poor Richard', style='normal', variant='normal', weight=400, stretch='normal', size='scalable')) = 10.335
15:55:47 [DEBUG   ] matplotlib.font_manager - findfont: score(FontEntry(fname='C:\\Windows\\Fonts\\calibrii.ttf', name='Calibri', style='italic', variant='normal', weight=400, stretch='normal', size='scalable')) = 11.335
15:55:47 [DEBUG   ] matplotlib.font_manager - findfont: score(FontEntry(fname='C:\\Windows\\Fonts\\ARLRDBD.TTF', name='Arial Rounded MT Bold', style='normal', variant='normal', weight=400, stretch='normal', size='scalable')) = 10.335
15:55:47 [DEBUG   ] matplotlib.font_manager - findfont: score(FontEntry(fname='C:\\Windows\\Fonts\\AGENCYB.TTF', name='Agency FB', style='normal', variant='normal', weight=700, stretch='normal', size='scalable')) = 10.05
15:55:47 [DEBUG   ] matplotlib.font_manager - findfont: score(FontEntry(fname='C:\\Windows\\Fonts\\seguisli.ttf', name='Segoe UI', style='italic', variant='normal', weight=350, stretch='normal', size='scalable')) = 11.3825
15:55:47 [DEBUG   ] matplotlib.font_manager - findfont: score(FontEntry(fname='C:\\Windows\\Fonts\\TCB_____.TTF', name='Tw Cen MT', style='normal', variant='normal', weight=700, stretch='normal', size='scalable')) = 10.05
15:55:47 [DEBUG   ] matplotlib.font_manager - findfont: score(FontEntry(fname='C:\\Windows\\Fonts\\CascadiaMono.ttf', name='Cascadia Mono', style='normal', variant='normal', weight=400, stretch='normal', size='scalable')) = 10.335
15:55:47 [DEBUG   ] matplotlib.font_manager - findfont: score(FontEntry(fname='C:\\Windows\\Fonts\\JUICE___.TTF', name='Juice ITC', style='normal', variant='normal', weight=400, stretch='normal', size='scalable')) = 10.335
15:55:47 [DEBUG   ] matplotlib.font_manager - findfont: score(FontEntry(fname='C:\\Windows\\Fonts\\REFSAN.TTF', name='MS Reference Sans Serif', style='normal', variant='normal', weight=400, stretch='normal', size='scalable')) = 10.335
15:55:47 [DEBUG   ] matplotlib.font_manager - findfont: Matching sans\-serif:style=normal:variant=normal:weight=bold:stretch=normal:size=13.0 to DejaVu Sans ('C:\\Users\\DELL\\AppData\\Local\\Programs\\Python\\Python314\\Lib\\site-packages\\matplotlib\\mpl-data\\fonts\\ttf\\DejaVuSans-Bold.ttf') with score of 0.050000.
15:55:48 [DEBUG   ] matplotlib.font_manager - findfont: Matching sans\-serif:style=normal:variant=normal:weight=normal:stretch=normal:size=11.4.
15:55:48 [DEBUG   ] matplotlib.font_manager - findfont: score(FontEntry(fname='C:\\Users\\DELL\\AppData\\Local\\Programs\\Python\\Python314\\Lib\\site-packages\\matplotlib\\mpl-data\\fonts\\ttf\\DejaVuSerif-Bold.ttf', name='DejaVu Serif', style='normal', variant='normal', weight=700, stretch='normal', size='scalable')) = 10.335
15:55:48 [DEBUG   ] matplotlib.font_manager - findfont: score(FontEntry(fname='C:\\Users\\DELL\\AppData\\Local\\Programs\\Python\\Python314\\Lib\\site-packages\\matplotlib\\mpl-data\\fonts\\ttf\\STIXSizFourSymBol.ttf', name='STIXSizeFourSym', style='normal', variant='normal', weight=700, stretch='normal', size='scalable')) = 10.335
15:55:48 [DEBUG   ] matplotlib.font_manager - findfont: score(FontEntry(fname='C:\\Users\\DELL\\AppData\\Local\\Programs\\Python\\Python314\\Lib\\site-packages\\matplotlib\\mpl-data\\fonts\\ttf\\STIXSizThreeSymReg.ttf', name='STIXSizeThreeSym', style='normal', variant='normal', weight=400, stretch='normal', size='scalable')) = 10.05
15:55:48 [DEBUG   ] matplotlib.font_manager - findfont: score(FontEntry(fname='C:\\Users\\DELL\\AppData\\Local\\Programs\\Python\\Python314\\Lib\\site-packages\\matplotlib\\mpl-data\\fonts\\ttf\\DejaVuSansMono.ttf', name='DejaVu Sans Mono', style='normal', variant='normal', weight=400, stretch='normal', size='scalable')) = 10.05
15:55:48 [DEBUG   ] matplotlib.font_manager - findfont: score(FontEntry(fname='C:\\Users\\DELL\\AppData\\Local\\Programs\\Python\\Python314\\Lib\\site-packages\\matplotlib\\mpl-data\\fonts\\ttf\\cmmi10.ttf', name='cmmi10', style='normal', variant='normal', weight=400, stretch='normal', size='scalable')) = 10.05
15:55:48 [DEBUG   ] matplotlib.font_manager - findfont: score(FontEntry(fname='C:\\Users\\DELL\\AppData\\Local\\Programs\\Python\\Python314\\Lib\\site-packages\\matplotlib\\mpl-data\\fonts\\ttf\\STIXNonUniIta.ttf', name='STIXNonUnicode', style='italic', variant='normal', weight=400, stretch='normal', size='scalable')) = 11.05
15:55:48 [DEBUG   ] matplotlib.font_manager - findfont: score(FontEntry(fname='C:\\Users\\DELL\\AppData\\Local\\Programs\\Python\\Python314\\Lib\\site-packages\\matplotlib\\mpl-data\\fonts\\ttf\\STIXSizTwoSymReg.ttf', name='STIXSizeTwoSym', style='normal', variant='normal', weight=400, stretch='normal', size='scalable')) = 10.05
15:55:48 [DEBUG   ] matplotlib.font_manager - findfont: score(FontEntry(fname='C:\\Users\\DELL\\AppData\\Local\\Programs\\Python\\Python314\\Lib\\site-packages\\matplotlib\\mpl-data\\fonts\\ttf\\DejaVuSans.ttf', name='DejaVu Sans', style='normal', variant='normal', weight=400, stretch='normal', size='scalable')) = 0.05
15:55:48 [DEBUG   ] matplotlib.font_manager - findfont: score(FontEntry(fname='C:\\Users\\DELL\\AppData\\Local\\Programs\\Python\\Python314\\Lib\\site-packages\\matplotlib\\mpl-data\\fonts\\ttf\\DejaVuSansMono-BoldOblique.ttf', name='DejaVu Sans Mono', style='oblique', variant='normal', weight=700, stretch='normal', size='scalable')) = 11.335
15:55:48 [DEBUG   ] matplotlib.font_manager - findfont: score(FontEntry(fname='C:\\Users\\DELL\\AppData\\Local\\Programs\\Python\\Python314\\Lib\\site-packages\\matplotlib\\mpl-data\\fonts\\ttf\\STIXGeneralBol.ttf', name='STIXGeneral', style='normal', variant='normal', weight=700, stretch='normal', size='scalable')) = 10.335
15:55:48 [DEBUG   ] matplotlib.font_manager - findfont: score(FontEntry(fname='C:\\Users\\DELL\\AppData\\Local\\Programs\\Python\\Python314\\Lib\\site-packages\\matplotlib\\mpl-data\\fonts\\ttf\\cmb10.ttf', name='cmb10', style='normal', variant='normal', weight=400, stretch='normal', size='scalable')) = 10.05
15:55:48 [DEBUG   ] matplotlib.font_manager - findfont: score(FontEntry(fname='C:\\Users\\DELL\\AppData\\Local\\Programs\\Python\\Python314\\Lib\\site-packages\\matplotlib\\mpl-data\\fonts\\ttf\\STIXGeneralBolIta.ttf', name='STIXGeneral', style='italic', variant='normal', weight=700, stretch='normal', size='scalable')) = 11.335
15:55:48 [DEBUG   ] matplotlib.font_manager - findfont: score(FontEntry(fname='C:\\Users\\DELL\\AppData\\Local\\Programs\\Python\\Python314\\Lib\\site-packages\\matplotlib\\mpl-data\\fonts\\ttf\\DejaVuSansMono-Oblique.ttf', name='DejaVu Sans Mono', style='oblique', variant='normal', weight=400, stretch='normal', size='scalable')) = 11.05
15:55:48 [DEBUG   ] matplotlib.font_manager - findfont: score(FontEntry(fname='C:\\Users\\DELL\\AppData\\Local\\Programs\\Python\\Python314\\Lib\\site-packages\\matplotlib\\mpl-data\\fonts\\ttf\\STIXSizFourSymReg.ttf', name='STIXSizeFourSym', style='normal', variant='normal', weight=400, stretch='normal', size='scalable')) = 10.05
15:55:48 [DEBUG   ] matplotlib.font_manager - findfont: score(FontEntry(fname='C:\\Users\\DELL\\AppData\\Local\\Programs\\Python\\Python314\\Lib\\site-packages\\matplotlib\\mpl-data\\fonts\\ttf\\STIXSizThreeSymBol.ttf', name='STIXSizeThreeSym', style='normal', variant='normal', weight=700, stretch='normal', size='scalable')) = 10.335
15:55:48 [DEBUG   ] matplotlib.font_manager - findfont: score(FontEntry(fname='C:\\Users\\DELL\\AppData\\Local\\Programs\\Python\\Python314\\Lib\\site-packages\\matplotlib\\mpl-data\\fonts\\ttf\\cmtt10.ttf', name='cmtt10', style='normal', variant='normal', weight=400, stretch='normal', size='scalable')) = 10.05
15:55:48 [DEBUG   ] matplotlib.font_manager - findfont: score(FontEntry(fname='C:\\Users\\DELL\\AppData\\Local\\Programs\\Python\\Python314\\Lib\\site-packages\\matplotlib\\mpl-data\\fonts\\ttf\\cmr10.ttf', name='cmr10', style='normal', variant='normal', weight=400, stretch='normal', size='scalable')) = 10.05
15:55:48 [DEBUG   ] matplotlib.font_manager - findfont: score(FontEntry(fname='C:\\Users\\DELL\\AppData\\Local\\Programs\\Python\\Python314\\Lib\\site-packages\\matplotlib\\mpl-data\\fonts\\ttf\\STIXSizFiveSymReg.ttf', name='STIXSizeFiveSym', style='normal', variant='normal', weight=400, stretch='normal', size='scalable')) = 10.05
15:55:48 [DEBUG   ] matplotlib.font_manager - findfont: score(FontEntry(fname='C:\\Users\\DELL\\AppData\\Local\\Programs\\Python\\Python314\\Lib\\site-packages\\matplotlib\\mpl-data\\fonts\\ttf\\cmsy10.ttf', name='cmsy10', style='normal', variant='normal', weight=400, stretch='normal', size='scalable')) = 10.05
15:55:48 [DEBUG   ] matplotlib.font_manager - findfont: score(FontEntry(fname='C:\\Users\\DELL\\AppData\\Local\\Programs\\Python\\Python314\\Lib\\site-packages\\matplotlib\\mpl-data\\fonts\\ttf\\DejaVuSansDisplay.ttf', name='DejaVu Sans Display', style='normal', variant='normal', weight=400, stretch='normal', size='scalable')) = 10.05
15:55:48 [DEBUG   ] matplotlib.font_manager - findfont: score(FontEntry(fname='C:\\Users\\DELL\\AppData\\Local\\Programs\\Python\\Python314\\Lib\\site-packages\\matplotlib\\mpl-data\\fonts\\ttf\\DejaVuSansMono-Bold.ttf', name='DejaVu Sans Mono', style='normal', variant='normal', weight=700, stretch='normal', size='scalable')) = 10.335
15:55:48 [DEBUG   ] matplotlib.font_manager - findfont: score(FontEntry(fname='C:\\Users\\DELL\\AppData\\Local\\Programs\\Python\\Python314\\Lib\\site-packages\\matplotlib\\mpl-data\\fonts\\ttf\\DejaVuSerifDisplay.ttf', name='DejaVu Serif Display', style='normal', variant='normal', weight=400, stretch='normal', size='scalable')) = 10.05
15:55:48 [DEBUG   ] matplotlib.font_manager - findfont: score(FontEntry(fname='C:\\Users\\DELL\\AppData\\Local\\Programs\\Python\\Python314\\Lib\\site-packages\\matplotlib\\mpl-data\\fonts\\ttf\\STIXSizOneSymBol.ttf', name='STIXSizeOneSym', style='normal', variant='normal', weight=700, stretch='normal', size='scalable')) = 10.335
15:55:48 [DEBUG   ] matplotlib.font_manager - findfont: score(FontEntry(fname='C:\\Users\\DELL\\AppData\\Local\\Programs\\Python\\Python314\\Lib\\site-packages\\matplotlib\\mpl-data\\fonts\\ttf\\STIXNonUniBol.ttf', name='STIXNonUnicode', style='normal', variant='normal', weight=700, stretch='normal', size='scalable')) = 10.335
15:55:48 [DEBUG   ] matplotlib.font_manager - findfont: score(FontEntry(fname='C:\\Users\\DELL\\AppData\\Local\\Programs\\Python\\Python314\\Lib\\site-packages\\matplotlib\\mpl-data\\fonts\\ttf\\DejaVuSans-BoldOblique.ttf', name='DejaVu Sans', style='oblique', variant='normal', weight=700, stretch='normal', size='scalable')) = 1.335
15:55:48 [DEBUG   ] matplotlib.font_manager - findfont: score(FontEntry(fname='C:\\Users\\DELL\\AppData\\Local\\Programs\\Python\\Python314\\Lib\\site-packages\\matplotlib\\mpl-data\\fonts\\ttf\\STIXNonUniBolIta.ttf', name='STIXNonUnicode', style='italic', variant='normal', weight=700, stretch='normal', size='scalable')) = 11.335
15:55:48 [DEBUG   ] matplotlib.font_manager - findfont: score(FontEntry(fname='C:\\Users\\DELL\\AppData\\Local\\Programs\\Python\\Python314\\Lib\\site-packages\\matplotlib\\mpl-data\\fonts\\ttf\\DejaVuSerif-Italic.ttf', name='DejaVu Serif', style='italic', variant='normal', weight=400, stretch='normal', size='scalable')) = 11.05
15:55:48 [DEBUG   ] matplotlib.font_manager - findfont: score(FontEntry(fname='C:\\Users\\DELL\\AppData\\Local\\Programs\\Python\\Python314\\Lib\\site-packages\\matplotlib\\mpl-data\\fonts\\ttf\\cmex10.ttf', name='cmex10', style='normal', variant='normal', weight=400, stretch='normal', size='scalable')) = 10.05
15:55:48 [DEBUG   ] matplotlib.font_manager - findfont: score(FontEntry(fname='C:\\Users\\DELL\\AppData\\Local\\Programs\\Python\\Python314\\Lib\\site-packages\\matplotlib\\mpl-data\\fonts\\ttf\\cmss10.ttf', name='cmss10', style='normal', variant='normal', weight=400, stretch='normal', size='scalable')) = 10.05
15:55:48 [DEBUG   ] matplotlib.font_manager - findfont: score(FontEntry(fname='C:\\Users\\DELL\\AppData\\Local\\Programs\\Python\\Python314\\Lib\\site-packages\\matplotlib\\mpl-data\\fonts\\ttf\\DejaVuSans-Bold.ttf', name='DejaVu Sans', style='normal', variant='normal', weight=700, stretch='normal', size='scalable')) = 0.33499999999999996
15:55:48 [DEBUG   ] matplotlib.font_manager - findfont: score(FontEntry(fname='C:\\Users\\DELL\\AppData\\Local\\Programs\\Python\\Python314\\Lib\\site-packages\\matplotlib\\mpl-data\\fonts\\ttf\\DejaVuSans-Oblique.ttf', name='DejaVu Sans', style='oblique', variant='normal', weight=400, stretch='normal', size='scalable')) = 1.05
15:55:48 [DEBUG   ] matplotlib.font_manager - findfont: score(FontEntry(fname='C:\\Users\\DELL\\AppData\\Local\\Programs\\Python\\Python314\\Lib\\site-packages\\matplotlib\\mpl-data\\fonts\\ttf\\STIXSizOneSymReg.ttf', name='STIXSizeOneSym', style='normal', variant='normal', weight=400, stretch='normal', size='scalable')) = 10.05
15:55:48 [DEBUG   ] matplotlib.font_manager - findfont: score(FontEntry(fname='C:\\Users\\DELL\\AppData\\Local\\Programs\\Python\\Python314\\Lib\\site-packages\\matplotlib\\mpl-data\\fonts\\ttf\\DejaVuSerif-BoldItalic.ttf', name='DejaVu Serif', style='italic', variant='normal', weight=700, stretch='normal', size='scalable')) = 11.335
15:55:48 [DEBUG   ] matplotlib.font_manager - findfont: score(FontEntry(fname='C:\\Users\\DELL\\AppData\\Local\\Programs\\Python\\Python314\\Lib\\site-packages\\matplotlib\\mpl-data\\fonts\\ttf\\STIXNonUni.ttf', name='STIXNonUnicode', style='normal', variant='normal', weight=400, stretch='normal', size='scalable')) = 10.05
15:55:48 [DEBUG   ] matplotlib.font_manager - findfont: score(FontEntry(fname='C:\\Users\\DELL\\AppData\\Local\\Programs\\Python\\Python314\\Lib\\site-packages\\matplotlib\\mpl-data\\fonts\\ttf\\DejaVuSerif.ttf', name='DejaVu Serif', style='normal', variant='normal', weight=400, stretch='normal', size='scalable')) = 10.05
15:55:48 [DEBUG   ] matplotlib.font_manager - findfont: score(FontEntry(fname='C:\\Users\\DELL\\AppData\\Local\\Programs\\Python\\Python314\\Lib\\site-packages\\matplotlib\\mpl-data\\fonts\\ttf\\STIXGeneral.ttf', name='STIXGeneral', style='normal', variant='normal', weight=400, stretch='normal', size='scalable')) = 10.05
15:55:48 [DEBUG   ] matplotlib.font_manager - findfont: score(FontEntry(fname='C:\\Users\\DELL\\AppData\\Local\\Programs\\Python\\Python314\\Lib\\site-packages\\matplotlib\\mpl-data\\fonts\\ttf\\STIXGeneralItalic.ttf', name='STIXGeneral', style='italic', variant='normal', weight=400, stretch='normal', size='scalable')) = 11.05
15:55:48 [DEBUG   ] matplotlib.font_manager - findfont: score(FontEntry(fname='C:\\Users\\DELL\\AppData\\Local\\Programs\\Python\\Python314\\Lib\\site-packages\\matplotlib\\mpl-data\\fonts\\ttf\\STIXSizTwoSymBol.ttf', name='STIXSizeTwoSym', style='normal', variant='normal', weight=700, stretch='normal', size='scalable')) = 10.335
15:55:48 [DEBUG   ] matplotlib.font_manager - findfont: score(FontEntry(fname='C:\\Windows\\Fonts\\GOUDOSB.TTF', name='Goudy Old Style', style='normal', variant='normal', weight=700, stretch='normal', size='scalable')) = 10.335
15:55:48 [DEBUG   ] matplotlib.font_manager - findfont: score(FontEntry(fname='C:\\Windows\\Fonts\\GLECB.TTF', name='Gloucester MT Extra Condensed', style='normal', variant='normal', weight=400, stretch='condensed', size='scalable')) = 10.25
15:55:48 [DEBUG   ] matplotlib.font_manager - findfont: score(FontEntry(fname='C:\\Windows\\Fonts\\COLONNA.TTF', name='Colonna MT', style='normal', variant='normal', weight=400, stretch='normal', size='scalable')) = 10.05
15:55:48 [DEBUG   ] matplotlib.font_manager - findfont: score(FontEntry(fname='C:\\Windows\\Fonts\\CENTURY.TTF', name='Century', style='normal', variant='normal', weight=400, stretch='normal', size='scalable')) = 10.05
15:55:48 [DEBUG   ] matplotlib.font_manager - findfont: score(FontEntry(fname='C:\\Windows\\Fonts\\constani.ttf', name='Constantia', style='italic', variant='normal', weight=400, stretch='normal', size='scalable')) = 11.05
15:55:48 [DEBUG   ] matplotlib.font_manager - findfont: score(FontEntry(fname='C:\\Windows\\Fonts\\gadugi.ttf', name='Gadugi', style='normal', variant='normal', weight=400, stretch='normal', size='scalable')) = 10.05
15:55:48 [DEBUG   ] matplotlib.font_manager - findfont: score(FontEntry(fname='C:\\Windows\\Fonts\\segoepr.ttf', name='Segoe Print', style='normal', variant='normal', weight=400, stretch='normal', size='scalable')) = 10.05
15:55:48 [DEBUG   ] matplotlib.font_manager - findfont: score(FontEntry(fname='C:\\Windows\\Fonts\\tahoma.ttf', name='Tahoma', style='normal', variant='normal', weight=400, stretch='normal', size='scalable')) = 10.05
15:55:48 [DEBUG   ] matplotlib.font_manager - findfont: score(FontEntry(fname='C:\\Windows\\Fonts\\CALIFR.TTF', name='Californian FB', style='normal', variant='normal', weight=400, stretch='normal', size='scalable')) = 10.05
15:55:48 [DEBUG   ] matplotlib.font_manager - findfont: score(FontEntry(fname='C:\\Windows\\Fonts\\PRISTINA.TTF', name='Pristina', style='normal', variant='normal', weight=400, stretch='normal', size='scalable')) = 10.05
15:55:48 [DEBUG   ] matplotlib.font_manager - findfont: score(FontEntry(fname='C:\\Windows\\Fonts\\ANTQUAI.TTF', name='Book Antiqua', style='italic', variant='normal', weight=400, stretch='normal', size='scalable')) = 11.05
15:55:48 [DEBUG   ] matplotlib.font_manager - findfont: score(FontEntry(fname='C:\\Windows\\Fonts\\simsun.ttc', name='SimSun', style='normal', variant='normal', weight=400, stretch='normal', size='scalable')) = 10.05
15:55:48 [DEBUG   ] matplotlib.font_manager - findfont: score(FontEntry(fname='C:\\Windows\\Fonts\\GOUDOS.TTF', name='Goudy Old Style', style='normal', variant='normal', weight=400, stretch='normal', size='scalable')) = 10.05
15:55:48 [DEBUG   ] matplotlib.font_manager - findfont: score(FontEntry(fname='C:\\Windows\\Fonts\\msyhl.ttc', name='Microsoft YaHei', style='normal', variant='normal', weight=290, stretch='normal', size='scalable')) = 10.1545
15:55:48 [DEBUG   ] matplotlib.font_manager - findfont: score(FontEntry(fname='C:\\Windows\\Fonts\\timesbi.ttf', name='Times New Roman', style='italic', variant='normal', weight=700, stretch='normal', size='scalable')) = 11.335
15:55:48 [DEBUG   ] matplotlib.font_manager - findfont: score(FontEntry(fname='C:\\Windows\\Fonts\\CENTAUR.TTF', name='Centaur', style='normal', variant='normal', weight=400, stretch='normal', size='scalable')) = 10.05
15:55:48 [DEBUG   ] matplotlib.font_manager - findfont: score(FontEntry(fname='C:\\Windows\\Fonts\\comicz.ttf', name='Comic Sans MS', style='italic', variant='normal', weight=700, stretch='normal', size='scalable')) = 11.335
15:55:48 [DEBUG   ] matplotlib.font_manager - findfont: score(FontEntry(fname='C:\\Windows\\Fonts\\Gabriola.ttf', name='Gabriola', style='normal', variant='normal', weight=400, stretch='normal', size='scalable')) = 10.05
15:55:48 [DEBUG   ] matplotlib.font_manager - findfont: score(FontEntry(fname='C:\\Windows\\Fonts\\consolaz.ttf', name='Consolas', style='italic', variant='normal', weight=700, stretch='normal', size='scalable')) = 11.335
15:55:48 [DEBUG   ] matplotlib.font_manager - findfont: score(FontEntry(fname='C:\\Windows\\Fonts\\PARCHM.TTF', name='Parchment', style='normal', variant='normal', weight=400, stretch='normal', size='scalable')) = 10.05
15:55:48 [DEBUG   ] matplotlib.font_manager - findfont: score(FontEntry(fname='C:\\Windows\\Fonts\\BASKVILL.TTF', name='Baskerville Old Face', style='normal', variant='normal', weight=400, stretch='normal', size='scalable')) = 10.05
15:55:48 [DEBUG   ] matplotlib.font_manager - findfont: score(FontEntry(fname='C:\\Windows\\Fonts\\LeelUIsl.ttf', name='Leelawadee UI', style='normal', variant='normal', weight=350, stretch='normal', size='scalable')) = 10.0975
15:55:48 [DEBUG   ] matplotlib.font_manager - findfont: score(FontEntry(fname='C:\\Windows\\Fonts\\MTEXTRA.TTF', name='MT Extra', style='normal', variant='normal', weight=400, stretch='normal', size='scalable')) = 10.05
15:55:48 [DEBUG   ] matplotlib.font_manager - findfont: score(FontEntry(fname='C:\\Windows\\Fonts\\COOPBL.TTF', name='Cooper Black', style='normal', variant='normal', weight=400, stretch='normal', size='scalable')) = 10.05
15:55:48 [DEBUG   ] matplotlib.font_manager - findfont: score(FontEntry(fname='C:\\Windows\\Fonts\\verdanab.ttf', name='Verdana', style='normal', variant='normal', weight=700, stretch='normal', size='scalable')) = 3.9713636363636367
15:55:48 [DEBUG   ] matplotlib.font_manager - findfont: score(FontEntry(fname='C:\\Windows\\Fonts\\seguisb.ttf', name='Segoe UI', style='normal', variant='normal', weight=600, stretch='normal', size='scalable')) = 10.24
15:55:48 [DEBUG   ] matplotlib.font_manager - findfont: score(FontEntry(fname='C:\\Windows\\Fonts\\consolai.ttf', name='Consolas', style='italic', variant='normal', weight=400, stretch='normal', size='scalable')) = 11.05
15:55:48 [DEBUG   ] matplotlib.font_manager - findfont: score(FontEntry(fname='C:\\Program Files (x86)\\IBM\\SPSS\\Amos\\24\\JRE\\lib\\fonts\\LucidaSansRegular.ttf', name='Lucida Sans', style='normal', variant='normal', weight=400, stretch='normal', size='scalable')) = 10.05
15:55:48 [DEBUG   ] matplotlib.font_manager - findfont: score(FontEntry(fname='C:\\Windows\\Fonts\\GOTHICBI.TTF', name='Century Gothic', style='italic', variant='normal', weight=700, stretch='normal', size='scalable')) = 11.335
15:55:48 [DEBUG   ] matplotlib.font_manager - findfont: score(FontEntry(fname='C:\\Windows\\Fonts\\courbi.ttf', name='Courier New', style='italic', variant='normal', weight=700, stretch='normal', size='scalable')) = 11.335
15:55:48 [DEBUG   ] matplotlib.font_manager - findfont: score(FontEntry(fname='C:\\Windows\\Fonts\\corbel.ttf', name='Corbel', style='normal', variant='normal', weight=400, stretch='normal', size='scalable')) = 10.05
15:55:48 [DEBUG   ] matplotlib.font_manager - findfont: score(FontEntry(fname='C:\\Windows\\Fonts\\BKANT.TTF', name='Book Antiqua', style='normal', variant='normal', weight=400, stretch='normal', size='scalable')) = 10.05
15:55:48 [DEBUG   ] matplotlib.font_manager - findfont: score(FontEntry(fname='C:\\Windows\\Fonts\\LSANSD.TTF', name='Lucida Sans', style='normal', variant='normal', weight=600, stretch='normal', size='scalable')) = 10.24
15:55:48 [DEBUG   ] matplotlib.font_manager - findfont: score(FontEntry(fname='C:\\Windows\\Fonts\\BOD_BLAR.TTF', name='Bodoni MT', style='normal', variant='normal', weight=900, stretch='normal', size='scalable')) = 10.525
15:55:48 [DEBUG   ] matplotlib.font_manager - findfont: score(FontEntry(fname='C:\\Windows\\Fonts\\GOTHIC.TTF', name='Century Gothic', style='normal', variant='normal', weight=400, stretch='normal', size='scalable')) = 10.05
15:55:48 [DEBUG   ] matplotlib.font_manager - findfont: score(FontEntry(fname='C:\\Windows\\Fonts\\verdanai.ttf', name='Verdana', style='italic', variant='normal', weight=400, stretch='normal', size='scalable')) = 4.6863636363636365
15:55:48 [DEBUG   ] matplotlib.font_manager - findfont: score(FontEntry(fname='C:\\Windows\\Fonts\\YuGothB.ttc', name='Yu Gothic', style='normal', variant='normal', weight=700, stretch='normal', size='scalable')) = 10.335
15:55:48 [DEBUG   ] matplotlib.font_manager - findfont: score(FontEntry(fname='C:\\Windows\\Fonts\\SansSerifCollection.ttf', name='Sans Serif Collection', style='normal', variant='normal', weight=400, stretch='normal', size='scalable')) = 10.05
15:55:48 [DEBUG   ] matplotlib.font_manager - findfont: score(FontEntry(fname='C:\\Windows\\Fonts\\TCCB____.TTF', name='Tw Cen MT Condensed', style='normal', variant='normal', weight=700, stretch='condensed', size='scalable')) = 10.535
15:55:48 [DEBUG   ] matplotlib.font_manager - findfont: score(FontEntry(fname='C:\\Windows\\Fonts\\LSANSI.TTF', name='Lucida Sans', style='italic', variant='normal', weight=400, stretch='normal', size='scalable')) = 11.05
15:55:48 [DEBUG   ] matplotlib.font_manager - findfont: score(FontEntry(fname='C:\\Windows\\Fonts\\RAGE.TTF', name='Rage Italic', style='italic', variant='normal', weight=400, stretch='normal', size='scalable')) = 11.05
15:55:48 [DEBUG   ] matplotlib.font_manager - findfont: score(FontEntry(fname='C:\\Program Files (x86)\\IBM\\SPSS\\Amos\\24\\JRE\\lib\\fonts\\LucidaBrightDemiItalic.ttf', name='Lucida Bright', style='italic', variant='normal', weight=700, stretch='normal', size='scalable')) = 11.335
15:55:48 [DEBUG   ] matplotlib.font_manager - findfont: score(FontEntry(fname='C:\\Windows\\Fonts\\timesbd.ttf', name='Times New Roman', style='normal', variant='normal', weight=700, stretch='normal', size='scalable')) = 10.335
15:55:48 [DEBUG   ] matplotlib.font_manager - findfont: score(FontEntry(fname='C:\\Windows\\Fonts\\webdings.ttf', name='Webdings', style='normal', variant='normal', weight=400, stretch='normal', size='scalable')) = 10.05
15:55:48 [DEBUG   ] matplotlib.font_manager - findfont: score(FontEntry(fname='C:\\Windows\\Fonts\\ERASLGHT.TTF', name='Eras Light ITC', style='normal', variant='normal', weight=400, stretch='normal', size='scalable')) = 10.05
15:55:48 [DEBUG   ] matplotlib.font_manager - findfont: score(FontEntry(fname='C:\\Windows\\Fonts\\segoesc.ttf', name='Segoe Script', style='normal', variant='normal', weight=400, stretch='normal', size='scalable')) = 10.05
15:55:48 [DEBUG   ] matplotlib.font_manager - findfont: score(FontEntry(fname='C:\\Windows\\Fonts\\BRADHITC.TTF', name='Bradley Hand ITC', style='normal', variant='normal', weight=400, stretch='normal', size='scalable')) = 10.05
15:55:48 [DEBUG   ] matplotlib.font_manager - findfont: score(FontEntry(fname='C:\\Windows\\Fonts\\timesi.ttf', name='Times New Roman', style='italic', variant='normal', weight=400, stretch='normal', size='scalable')) = 11.05
15:55:48 [DEBUG   ] matplotlib.font_manager - findfont: score(FontEntry(fname='C:\\Windows\\Fonts\\ROCKB.TTF', name='Rockwell', style='normal', variant='normal', weight=700, stretch='normal', size='scalable')) = 10.335
15:55:48 [DEBUG   ] matplotlib.font_manager - findfont: score(FontEntry(fname='C:\\Windows\\Fonts\\SHOWG.TTF', name='Showcard Gothic', style='normal', variant='normal', weight=400, stretch='normal', size='scalable')) = 10.05
15:55:48 [DEBUG   ] matplotlib.font_manager - findfont: score(FontEntry(fname='C:\\Windows\\Fonts\\trebucbd.ttf', name='Trebuchet MS', style='normal', variant='normal', weight=700, stretch='normal', size='scalable')) = 10.335
15:55:48 [DEBUG   ] matplotlib.font_manager - findfont: score(FontEntry(fname='C:\\Windows\\Fonts\\BOOKOSBI.TTF', name='Bookman Old Style', style='italic', variant='normal', weight=600, stretch='normal', size='scalable')) = 11.24
15:55:48 [DEBUG   ] matplotlib.font_manager - findfont: score(FontEntry(fname='C:\\Windows\\Fonts\\TCCEB.TTF', name='Tw Cen MT Condensed Extra Bold', style='normal', variant='normal', weight=400, stretch='condensed', size='scalable')) = 10.25
15:55:48 [DEBUG   ] matplotlib.font_manager - findfont: score(FontEntry(fname='C:\\Windows\\Fonts\\constan.ttf', name='Constantia', style='normal', variant='normal', weight=400, stretch='normal', size='scalable')) = 10.05
15:55:48 [DEBUG   ] matplotlib.font_manager - findfont: score(FontEntry(fname='C:\\Windows\\Fonts\\CALISTBI.TTF', name='Calisto MT', style='italic', variant='normal', weight=700, stretch='normal', size='scalable')) = 11.335
15:55:48 [DEBUG   ] matplotlib.font_manager - findfont: score(FontEntry(fname='C:\\Windows\\Fonts\\FRABK.TTF', name='Franklin Gothic Book', style='normal', variant='normal', weight=400, stretch='normal', size='scalable')) = 10.05
15:55:48 [DEBUG   ] matplotlib.font_manager - findfont: score(FontEntry(fname='C:\\Windows\\Fonts\\HATTEN.TTF', name='Haettenschweiler', style='normal', variant='normal', weight=400, stretch='normal', size='scalable')) = 10.05
15:55:48 [DEBUG   ] matplotlib.font_manager - findfont: score(FontEntry(fname='C:\\Windows\\Fonts\\ARIALNB.TTF', name='Arial', style='normal', variant='normal', weight=700, stretch='condensed', size='scalable')) = 6.8986363636363635
15:55:48 [DEBUG   ] matplotlib.font_manager - findfont: score(FontEntry(fname='C:\\Windows\\Fonts\\malgunbd.ttf', name='Malgun Gothic', style='normal', variant='normal', weight=700, stretch='normal', size='scalable')) = 10.335
15:55:48 [DEBUG   ] matplotlib.font_manager - findfont: score(FontEntry(fname='C:\\Windows\\Fonts\\calibri.ttf', name='Calibri', style='normal', variant='normal', weight=400, stretch='normal', size='scalable')) = 10.05
15:55:48 [DEBUG   ] matplotlib.font_manager - findfont: score(FontEntry(fname='C:\\Windows\\Fonts\\TCBI____.TTF', name='Tw Cen MT', style='italic', variant='normal', weight=700, stretch='normal', size='scalable')) = 11.335
15:55:48 [DEBUG   ] matplotlib.font_manager - findfont: score(FontEntry(fname='C:\\Windows\\Fonts\\LEELAWDB.TTF', name='Leelawadee', style='normal', variant='normal', weight=700, stretch='normal', size='scalable')) = 10.335
15:55:48 [DEBUG   ] matplotlib.font_manager - findfont: score(FontEntry(fname='C:\\Windows\\Fonts\\verdanaz.ttf', name='Verdana', style='italic', variant='normal', weight=700, stretch='normal', size='scalable')) = 4.971363636363637
15:55:48 [DEBUG   ] matplotlib.font_manager - findfont: score(FontEntry(fname='C:\\Windows\\Fonts\\SimsunExtG.ttf', name='SimSun-ExtG', style='normal', variant='normal', weight=400, stretch='normal', size='scalable')) = 10.05
15:55:48 [DEBUG   ] matplotlib.font_manager - findfont: score(FontEntry(fname='C:\\Windows\\Fonts\\DUBAI-MEDIUM.TTF', name='Dubai', style='normal', variant='normal', weight=500, stretch='normal', size='scalable')) = 10.145
15:55:48 [DEBUG   ] matplotlib.font_manager - findfont: score(FontEntry(fname='C:\\Windows\\Fonts\\seguisym.ttf', name='Segoe UI Symbol', style='normal', variant='normal', weight=400, stretch='normal', size='scalable')) = 10.05
15:55:48 [DEBUG   ] matplotlib.font_manager - findfont: score(FontEntry(fname='C:\\Windows\\Fonts\\cambriai.ttf', name='Cambria', style='italic', variant='normal', weight=400, stretch='normal', size='scalable')) = 11.05
15:55:48 [DEBUG   ] matplotlib.font_manager - findfont: score(FontEntry(fname='C:\\Windows\\Fonts\\PAPYRUS.TTF', name='Papyrus', style='normal', variant='normal', weight=400, stretch='normal', size='scalable')) = 10.05
15:55:48 [DEBUG   ] matplotlib.font_manager - findfont: score(FontEntry(fname='C:\\Windows\\Fonts\\MSUIGHUB.TTF', name='Microsoft Uighur', style='normal', variant='normal', weight=700, stretch='normal', size='scalable')) = 10.335
15:55:48 [DEBUG   ] matplotlib.font_manager - findfont: score(FontEntry(fname='C:\\Windows\\Fonts\\MOD20.TTF', name='Modern No. 20', style='normal', variant='normal', weight=400, stretch='normal', size='scalable')) = 10.05
15:55:48 [DEBUG   ] matplotlib.font_manager - findfont: score(FontEntry(fname='C:\\Program Files (x86)\\IBM\\SPSS\\Amos\\24\\JRE\\lib\\fonts\\LucidaSansDemiBold.ttf', name='Lucida Sans', style='normal', variant='normal', weight=700, stretch='normal', size='scalable')) = 10.335
15:55:48 [DEBUG   ] matplotlib.font_manager - findfont: score(FontEntry(fname='C:\\Windows\\Fonts\\RAVIE.TTF', name='Ravie', style='normal', variant='normal', weight=400, stretch='normal', size='scalable')) = 10.05
15:55:48 [DEBUG   ] matplotlib.font_manager - findfont: score(FontEntry(fname='C:\\Windows\\Fonts\\PERTIBD.TTF', name='Perpetua Titling MT', style='normal', variant='normal', weight=700, stretch='normal', size='scalable')) = 10.335
15:55:48 [DEBUG   ] matplotlib.font_manager - findfont: score(FontEntry(fname='C:\\Windows\\Fonts\\LHANDW.TTF', name='Lucida Handwriting', style='italic', variant='normal', weight=400, stretch='normal', size='scalable')) = 11.05
15:55:48 [DEBUG   ] matplotlib.font_manager - findfont: score(FontEntry(fname='C:\\Windows\\Fonts\\FRABKIT.TTF', name='Franklin Gothic Book', style='italic', variant='normal', weight=400, stretch='normal', size='scalable')) = 11.05
15:55:48 [DEBUG   ] matplotlib.font_manager - findfont: score(FontEntry(fname='C:\\Program Files (x86)\\Adobe\\Acrobat DC\\Resource\\Font\\AdobeDevanagari-Italic.otf', name='Adobe Devanagari', style='italic', variant='normal', weight=400, stretch='normal', size='scalable')) = 11.05
15:55:48 [DEBUG   ] matplotlib.font_manager - findfont: score(FontEntry(fname='C:\\Windows\\Fonts\\taile.ttf', name='Microsoft Tai Le', style='normal', variant='normal', weight=400, stretch='normal', size='scalable')) = 10.05
15:55:48 [DEBUG   ] matplotlib.font_manager - findfont: score(FontEntry(fname='C:\\Windows\\Fonts\\segoeuisl.ttf', name='Segoe UI', style='normal', variant='normal', weight=350, stretch='normal', size='scalable')) = 10.0975
15:55:48 [DEBUG   ] matplotlib.font_manager - findfont: score(FontEntry(fname='C:\\Windows\\Fonts\\MSUIGHUR.TTF', name='Microsoft Uighur', style='normal', variant='normal', weight=400, stretch='normal', size='scalable')) = 10.05
15:55:48 [DEBUG   ] matplotlib.font_manager - findfont: score(FontEntry(fname='C:\\Windows\\Fonts\\NIAGENG.TTF', name='Niagara Engraved', style='normal', variant='normal', weight=400, stretch='normal', size='scalable')) = 10.05
15:55:48 [DEBUG   ] matplotlib.font_manager - findfont: score(FontEntry(fname='C:\\Windows\\Fonts\\KUNSTLER.TTF', name='Kunstler Script', style='normal', variant='normal', weight=400, stretch='normal', size='scalable')) = 10.05
15:55:48 [DEBUG   ] matplotlib.font_manager - findfont: score(FontEntry(fname='C:\\Windows\\Fonts\\PERBI___.TTF', name='Perpetua', style='italic', variant='normal', weight=700, stretch='normal', size='scalable')) = 11.335
15:55:48 [DEBUG   ] matplotlib.font_manager - findfont: score(FontEntry(fname='C:\\Windows\\Fonts\\ELEPHNT.TTF', name='Elephant', style='normal', variant='normal', weight=400, stretch='normal', size='scalable')) = 10.05
15:55:48 [DEBUG   ] matplotlib.font_manager - findfont: score(FontEntry(fname='C:\\Windows\\Fonts\\GARA.TTF', name='Garamond', style='normal', variant='normal', weight=400, stretch='normal', size='scalable')) = 10.05
15:55:48 [DEBUG   ] matplotlib.font_manager - findfont: score(FontEntry(fname='C:\\Windows\\Fonts\\msyh.ttc', name='Microsoft YaHei', style='normal', variant='normal', weight=400, stretch='normal', size='scalable')) = 10.05
15:55:48 [DEBUG   ] matplotlib.font_manager - findfont: score(FontEntry(fname='C:\\Windows\\Fonts\\LEELAWAD.TTF', name='Leelawadee', style='normal', variant='normal', weight=400, stretch='normal', size='scalable')) = 10.05
15:55:48 [DEBUG   ] matplotlib.font_manager - findfont: score(FontEntry(fname='C:\\Windows\\Fonts\\constanb.ttf', name='Constantia', style='normal', variant='normal', weight=700, stretch='normal', size='scalable')) = 10.335
15:55:48 [DEBUG   ] matplotlib.font_manager - findfont: score(FontEntry(fname='C:\\Windows\\Fonts\\BOD_CR.TTF', name='Bodoni MT', style='normal', variant='normal', weight=400, stretch='condensed', size='scalable')) = 10.25
15:55:48 [DEBUG   ] matplotlib.font_manager - findfont: score(FontEntry(fname='C:\\Windows\\Fonts\\TCCM____.TTF', name='Tw Cen MT Condensed', style='normal', variant='normal', weight=400, stretch='condensed', size='scalable')) = 10.25
15:55:48 [DEBUG   ] matplotlib.font_manager - findfont: score(FontEntry(fname='C:\\Windows\\Fonts\\OCRAEXT.TTF', name='OCR A Extended', style='normal', variant='normal', weight=400, stretch='expanded', size='scalable')) = 10.25
15:55:48 [DEBUG   ] matplotlib.font_manager - findfont: score(FontEntry(fname='C:\\Windows\\Fonts\\IMPRISHA.TTF', name='Imprint MT Shadow', style='normal', variant='normal', weight=400, stretch='normal', size='scalable')) = 10.05
15:55:48 [DEBUG   ] matplotlib.font_manager - findfont: score(FontEntry(fname='C:\\Windows\\Fonts\\symbol.ttf', name='Symbol', style='normal', variant='normal', weight=400, stretch='normal', size='scalable')) = 10.05
15:55:48 [DEBUG   ] matplotlib.font_manager - findfont: score(FontEntry(fname='C:\\Windows\\Fonts\\constanz.ttf', name='Constantia', style='italic', variant='normal', weight=700, stretch='normal', size='scalable')) = 11.335
15:55:48 [DEBUG   ] matplotlib.font_manager - findfont: score(FontEntry(fname='C:\\Windows\\Fonts\\Inkfree.ttf', name='Ink Free', style='normal', variant='normal', weight=400, stretch='normal', size='scalable')) = 10.05
15:55:48 [DEBUG   ] matplotlib.font_manager - findfont: score(FontEntry(fname='C:\\Windows\\Fonts\\GILLUBCD.TTF', name='Gill Sans Ultra Bold Condensed', style='normal', variant='normal', weight=400, stretch='condensed', size='scalable')) = 10.25
15:55:48 [DEBUG   ] matplotlib.font_manager - findfont: score(FontEntry(fname='C:\\Windows\\Fonts\\HARLOWSI.TTF', name='Harlow Solid Italic', style='italic', variant='normal', weight=400, stretch='normal', size='scalable')) = 11.05
15:55:48 [DEBUG   ] matplotlib.font_manager - findfont: score(FontEntry(fname='C:\\Windows\\Fonts\\taileb.ttf', name='Microsoft Tai Le', style='normal', variant='normal', weight=700, stretch='normal', size='scalable')) = 10.335
15:55:48 [DEBUG   ] matplotlib.font_manager - findfont: score(FontEntry(fname='C:\\Program Files (x86)\\IBM\\SPSS\\Amos\\24\\JRE\\lib\\fonts\\LucidaBrightDemiBold.ttf', name='Lucida Bright', style='normal', variant='normal', weight=700, stretch='normal', size='scalable')) = 10.335
15:55:48 [DEBUG   ] matplotlib.font_manager - findfont: score(FontEntry(fname='C:\\Windows\\Fonts\\STENCIL.TTF', name='Stencil', style='normal', variant='normal', weight=400, stretch='normal', size='scalable')) = 10.05
15:55:48 [DEBUG   ] matplotlib.font_manager - findfont: score(FontEntry(fname='C:\\Windows\\Fonts\\BRITANIC.TTF', name='Britannic Bold', style='normal', variant='normal', weight=400, stretch='normal', size='scalable')) = 10.05
15:55:48 [DEBUG   ] matplotlib.font_manager - findfont: score(FontEntry(fname='C:\\Windows\\Fonts\\malgun.ttf', name='Malgun Gothic', style='normal', variant='normal', weight=400, stretch='normal', size='scalable')) = 10.05
15:55:48 [DEBUG   ] matplotlib.font_manager - findfont: score(FontEntry(fname='C:\\Windows\\Fonts\\ntailu.ttf', name='Microsoft New Tai Lue', style='normal', variant='normal', weight=400, stretch='normal', size='scalable')) = 10.05
15:55:48 [DEBUG   ] matplotlib.font_manager - findfont: score(FontEntry(fname='C:\\Windows\\Fonts\\BRLNSR.TTF', name='Berlin Sans FB', style='normal', variant='normal', weight=400, stretch='normal', size='scalable')) = 10.05
15:55:48 [DEBUG   ] matplotlib.font_manager - findfont: score(FontEntry(fname='C:\\Windows\\Fonts\\mingliub.ttc', name='MingLiU-ExtB', style='normal', variant='normal', weight=400, stretch='normal', size='scalable')) = 10.05
15:55:48 [DEBUG   ] matplotlib.font_manager - findfont: score(FontEntry(fname='C:\\Windows\\Fonts\\BOOKOS.TTF', name='Bookman Old Style', style='normal', variant='normal', weight=300, stretch='normal', size='scalable')) = 10.145
15:55:48 [DEBUG   ] matplotlib.font_manager - findfont: score(FontEntry(fname='C:\\Windows\\Fonts\\GILSANUB.TTF', name='Gill Sans Ultra Bold', style='normal', variant='normal', weight=400, stretch='normal', size='scalable')) = 10.05
15:55:48 [DEBUG   ] matplotlib.font_manager - findfont: score(FontEntry(fname='C:\\Windows\\Fonts\\calibril.ttf', name='Calibri', style='normal', variant='normal', weight=300, stretch='normal', size='scalable')) = 10.145
15:55:48 [DEBUG   ] matplotlib.font_manager - findfont: score(FontEntry(fname='C:\\Windows\\Fonts\\WINGDNG2.TTF', name='Wingdings 2', style='normal', variant='normal', weight=400, stretch='normal', size='scalable')) = 10.05
15:55:48 [DEBUG   ] matplotlib.font_manager - findfont: score(FontEntry(fname='C:\\Windows\\Fonts\\FRAMDCN.TTF', name='Franklin Gothic Medium Cond', style='normal', variant='normal', weight=400, stretch='condensed', size='scalable')) = 10.25
15:55:48 [DEBUG   ] matplotlib.font_manager - findfont: score(FontEntry(fname='C:\\Windows\\Fonts\\BAUHS93.TTF', name='Bauhaus 93', style='normal', variant='normal', weight=400, stretch='normal', size='scalable')) = 10.05
15:55:48 [DEBUG   ] matplotlib.font_manager - findfont: score(FontEntry(fname='C:\\Windows\\Fonts\\ebrimabd.ttf', name='Ebrima', style='normal', variant='normal', weight=700, stretch='normal', size='scalable')) = 10.335
15:55:48 [DEBUG   ] matplotlib.font_manager - findfont: score(FontEntry(fname='C:\\Windows\\Fonts\\LFAXD.TTF', name='Lucida Fax', style='normal', variant='normal', weight=600, stretch='normal', size='scalable')) = 10.24
15:55:48 [DEBUG   ] matplotlib.font_manager - findfont: score(FontEntry(fname='C:\\Windows\\Fonts\\framd.ttf', name='Franklin Gothic Medium', style='normal', variant='normal', weight=400, stretch='normal', size='scalable')) = 10.05
15:55:48 [DEBUG   ] matplotlib.font_manager - findfont: score(FontEntry(fname='C:\\Windows\\Fonts\\ANTQUABI.TTF', name='Book Antiqua', style='italic', variant='normal', weight=700, stretch='normal', size='scalable')) = 11.335
15:55:48 [DEBUG   ] matplotlib.font_manager - findfont: score(FontEntry(fname='C:\\Windows\\Fonts\\mmrtext.ttf', name='Myanmar Text', style='normal', variant='normal', weight=400, stretch='normal', size='scalable')) = 10.05
15:55:48 [DEBUG   ] matplotlib.font_manager - findfont: score(FontEntry(fname='C:\\Windows\\Fonts\\GOTHICI.TTF', name='Century Gothic', style='italic', variant='normal', weight=400, stretch='normal', size='scalable')) = 11.05
15:55:48 [DEBUG   ] matplotlib.font_manager - findfont: score(FontEntry(fname='C:\\Windows\\Fonts\\ANTQUAB.TTF', name='Book Antiqua', style='normal', variant='normal', weight=700, stretch='normal', size='scalable')) = 10.335
15:55:48 [DEBUG   ] matplotlib.font_manager - findfont: score(FontEntry(fname='C:\\Windows\\Fonts\\GOTHICB.TTF', name='Century Gothic', style='normal', variant='normal', weight=700, stretch='normal', size='scalable')) = 10.335
15:55:48 [DEBUG   ] matplotlib.font_manager - findfont: score(FontEntry(fname='C:\\Windows\\Fonts\\arialbi.ttf', name='Arial', style='italic', variant='normal', weight=700, stretch='normal', size='scalable')) = 7.698636363636363
15:55:48 [DEBUG   ] matplotlib.font_manager - findfont: score(FontEntry(fname='C:\\Windows\\Fonts\\WINGDNG3.TTF', name='Wingdings 3', style='normal', variant='normal', weight=400, stretch='normal', size='scalable')) = 10.05
15:55:48 [DEBUG   ] matplotlib.font_manager - findfont: score(FontEntry(fname='C:\\Windows\\Fonts\\cour.ttf', name='Courier New', style='normal', variant='normal', weight=400, stretch='normal', size='scalable')) = 10.05
15:55:48 [DEBUG   ] matplotlib.font_manager - findfont: score(FontEntry(fname='C:\\Windows\\Fonts\\verdana.ttf', name='Verdana', style='normal', variant='normal', weight=400, stretch='normal', size='scalable')) = 3.6863636363636365
15:55:48 [DEBUG   ] matplotlib.font_manager - findfont: score(FontEntry(fname='C:\\Windows\\Fonts\\SegoeIcons.ttf', name='Segoe Fluent Icons', style='normal', variant='normal', weight=400, stretch='normal', size='scalable')) = 10.05
15:55:48 [DEBUG   ] matplotlib.font_manager - findfont: score(FontEntry(fname='C:\\Windows\\Fonts\\VINERITC.TTF', name='Viner Hand ITC', style='normal', variant='normal', weight=400, stretch='normal', size='scalable')) = 10.05
15:55:48 [DEBUG   ] matplotlib.font_manager - findfont: score(FontEntry(fname='C:\\Windows\\Fonts\\msjhl.ttc', name='Microsoft JhengHei', style='normal', variant='normal', weight=290, stretch='normal', size='scalable')) = 10.1545
15:55:48 [DEBUG   ] matplotlib.font_manager - findfont: score(FontEntry(fname='C:\\Windows\\Fonts\\segoeuiz.ttf', name='Segoe UI', style='italic', variant='normal', weight=700, stretch='normal', size='scalable')) = 11.335
15:55:48 [DEBUG   ] matplotlib.font_manager - findfont: score(FontEntry(fname='C:\\Windows\\Fonts\\simsunb.ttf', name='SimSun-ExtB', style='normal', variant='normal', weight=400, stretch='normal', size='scalable')) = 10.05
15:55:48 [DEBUG   ] matplotlib.font_manager - findfont: score(FontEntry(fname='C:\\Program Files (x86)\\Adobe\\Acrobat DC\\Resource\\Font\\AdobeDevanagari-BoldItalic.otf', name='Adobe Devanagari', style='italic', variant='normal', weight=700, stretch='normal', size='scalable')) = 11.335
15:55:48 [DEBUG   ] matplotlib.font_manager - findfont: score(FontEntry(fname='C:\\Windows\\Fonts\\ebrima.ttf', name='Ebrima', style='normal', variant='normal', weight=400, stretch='normal', size='scalable')) = 10.05
15:55:48 [DEBUG   ] matplotlib.font_manager - findfont: score(FontEntry(fname='C:\\Windows\\Fonts\\seguibl.ttf', name='Segoe UI', style='normal', variant='normal', weight=900, stretch='normal', size='scalable')) = 10.525
15:55:48 [DEBUG   ] matplotlib.font_manager - findfont: score(FontEntry(fname='C:\\Windows\\Fonts\\OLDENGL.TTF', name='Old English Text MT', style='normal', variant='normal', weight=400, stretch='normal', size='scalable')) = 10.05
15:55:48 [DEBUG   ] matplotlib.font_manager - findfont: score(FontEntry(fname='C:\\Windows\\Fonts\\MISTRAL.TTF', name='Mistral', style='normal', variant='normal', weight=400, stretch='normal', size='scalable')) = 10.05
15:55:48 [DEBUG   ] matplotlib.font_manager - findfont: score(FontEntry(fname='C:\\Windows\\Fonts\\LATINWD.TTF', name='Wide Latin', style='normal', variant='normal', weight=400, stretch='expanded', size='scalable')) = 10.25
15:55:48 [DEBUG   ] matplotlib.font_manager - findfont: score(FontEntry(fname='C:\\Windows\\Fonts\\ariali.ttf', name='Arial', style='italic', variant='normal', weight=400, stretch='normal', size='scalable')) = 7.413636363636363
15:55:48 [DEBUG   ] matplotlib.font_manager - findfont: score(FontEntry(fname='C:\\Windows\\Fonts\\bahnschrift.ttf', name='Bahnschrift', style='normal', variant='normal', weight=400, stretch='normal', size='scalable')) = 10.05
15:55:48 [DEBUG   ] matplotlib.font_manager - findfont: score(FontEntry(fname='C:\\Windows\\Fonts\\gadugib.ttf', name='Gadugi', style='normal', variant='normal', weight=700, stretch='normal', size='scalable')) = 10.335
15:55:48 [DEBUG   ] matplotlib.font_manager - findfont: score(FontEntry(fname='C:\\Windows\\Fonts\\BELL.TTF', name='Bell MT', style='normal', variant='normal', weight=400, stretch='normal', size='scalable')) = 10.05
15:55:48 [DEBUG   ] matplotlib.font_manager - findfont: score(FontEntry(fname='C:\\Windows\\Fonts\\FREESCPT.TTF', name='Freestyle Script', style='normal', variant='normal', weight=400, stretch='normal', size='scalable')) = 10.05
15:55:48 [DEBUG   ] matplotlib.font_manager - findfont: score(FontEntry(fname='C:\\Windows\\Fonts\\ROCKBI.TTF', name='Rockwell', style='italic', variant='normal', weight=700, stretch='normal', size='scalable')) = 11.335
15:55:48 [DEBUG   ] matplotlib.font_manager - findfont: score(FontEntry(fname='C:\\Windows\\Fonts\\MAGNETOB.TTF', name='Magneto', style='normal', variant='normal', weight=700, stretch='normal', size='scalable')) = 10.335
15:55:48 [DEBUG   ] matplotlib.font_manager - findfont: score(FontEntry(fname='C:\\Windows\\Fonts\\msjhbd.ttc', name='Microsoft JhengHei', style='normal', variant='normal', weight=700, stretch='normal', size='scalable')) = 10.335
15:55:48 [DEBUG   ] matplotlib.font_manager - findfont: score(FontEntry(fname='C:\\Windows\\Fonts\\palab.ttf', name='Palatino Linotype', style='normal', variant='normal', weight=700, stretch='normal', size='scalable')) = 10.335
15:55:48 [DEBUG   ] matplotlib.font_manager - findfont: score(FontEntry(fname='C:\\Windows\\Fonts\\DUBAI-REGULAR.TTF', name='Dubai', style='normal', variant='normal', weight=400, stretch='normal', size='scalable')) = 10.05
15:55:48 [DEBUG   ] matplotlib.font_manager - findfont: score(FontEntry(fname='C:\\Windows\\Fonts\\msjh.ttc', name='Microsoft JhengHei', style='normal', variant='normal', weight=400, stretch='normal', size='scalable')) = 10.05
15:55:48 [DEBUG   ] matplotlib.font_manager - findfont: score(FontEntry(fname='C:\\Windows\\Fonts\\MAIAN.TTF', name='Maiandra GD', style='normal', variant='normal', weight=400, stretch='normal', size='scalable')) = 10.05
15:55:48 [DEBUG   ] matplotlib.font_manager - findfont: score(FontEntry(fname='C:\\Windows\\Fonts\\FRSCRIPT.TTF', name='French Script MT', style='normal', variant='normal', weight=400, stretch='normal', size='scalable')) = 10.05
15:55:48 [DEBUG   ] matplotlib.font_manager - findfont: score(FontEntry(fname='C:\\Program Files (x86)\\IBM\\SPSS\\Amos\\24\\JRE\\lib\\fonts\\LucidaTypewriterRegular.ttf', name='Lucida Sans Typewriter', style='normal', variant='normal', weight=400, stretch='normal', size='scalable')) = 10.05
15:55:48 [DEBUG   ] matplotlib.font_manager - findfont: score(FontEntry(fname='C:\\Windows\\Fonts\\cambria.ttc', name='Cambria', style='normal', variant='normal', weight=400, stretch='normal', size='scalable')) = 10.05
15:55:48 [DEBUG   ] matplotlib.font_manager - findfont: score(FontEntry(fname='C:\\Windows\\Fonts\\msyhbd.ttc', name='Microsoft YaHei', style='normal', variant='normal', weight=700, stretch='normal', size='scalable')) = 10.335
15:55:48 [DEBUG   ] matplotlib.font_manager - findfont: score(FontEntry(fname='C:\\Windows\\Fonts\\FRADMIT.TTF', name='Franklin Gothic Demi', style='italic', variant='normal', weight=400, stretch='normal', size='scalable')) = 11.05
15:55:48 [DEBUG   ] matplotlib.font_manager - findfont: score(FontEntry(fname='C:\\Windows\\Fonts\\phagspab.ttf', name='Microsoft PhagsPa', style='normal', variant='normal', weight=700, stretch='normal', size='scalable')) = 10.335
15:55:48 [DEBUG   ] matplotlib.font_manager - findfont: score(FontEntry(fname='C:\\Windows\\Fonts\\TCMI____.TTF', name='Tw Cen MT', style='italic', variant='normal', weight=400, stretch='normal', size='scalable')) = 11.05
15:55:48 [DEBUG   ] matplotlib.font_manager - findfont: score(FontEntry(fname='C:\\Windows\\Fonts\\BOD_CBI.TTF', name='Bodoni MT', style='italic', variant='normal', weight=700, stretch='condensed', size='scalable')) = 11.535
15:55:48 [DEBUG   ] matplotlib.font_manager - findfont: score(FontEntry(fname='C:\\Windows\\Fonts\\calibriz.ttf', name='Calibri', style='italic', variant='normal', weight=700, stretch='normal', size='scalable')) = 11.335
15:55:48 [DEBUG   ] matplotlib.font_manager - findfont: score(FontEntry(fname='C:\\Windows\\Fonts\\seguibli.ttf', name='Segoe UI', style='italic', variant='normal', weight=900, stretch='normal', size='scalable')) = 11.525
15:55:48 [DEBUG   ] matplotlib.font_manager - findfont: score(FontEntry(fname='C:\\Windows\\Fonts\\courbd.ttf', name='Courier New', style='normal', variant='normal', weight=700, stretch='normal', size='scalable')) = 10.335
15:55:48 [DEBUG   ] matplotlib.font_manager - findfont: score(FontEntry(fname='C:\\Windows\\Fonts\\BOD_PSTC.TTF', name='Bodoni MT', style='normal', variant='normal', weight=300, stretch='normal', size='scalable')) = 10.145
15:55:48 [DEBUG   ] matplotlib.font_manager - findfont: score(FontEntry(fname='C:\\Windows\\Fonts\\cambriab.ttf', name='Cambria', style='normal', variant='normal', weight=700, stretch='normal', size='scalable')) = 10.335
15:55:48 [DEBUG   ] matplotlib.font_manager - findfont: score(FontEntry(fname='C:\\Windows\\Fonts\\georgiai.ttf', name='Georgia', style='italic', variant='normal', weight=400, stretch='normal', size='scalable')) = 11.05
15:55:48 [DEBUG   ] matplotlib.font_manager - findfont: score(FontEntry(fname='C:\\Windows\\Fonts\\CALIFI.TTF', name='Californian FB', style='italic', variant='normal', weight=400, stretch='normal', size='scalable')) = 11.05
15:55:48 [DEBUG   ] matplotlib.font_manager - findfont: score(FontEntry(fname='C:\\Windows\\Fonts\\mmrtextb.ttf', name='Myanmar Text', style='normal', variant='normal', weight=700, stretch='normal', size='scalable')) = 10.335
15:55:48 [DEBUG   ] matplotlib.font_manager - findfont: score(FontEntry(fname='C:\\Windows\\Fonts\\SCHLBKB.TTF', name='Century Schoolbook', style='normal', variant='normal', weight=700, stretch='normal', size='scalable')) = 10.335
15:55:48 [DEBUG   ] matplotlib.font_manager - findfont: score(FontEntry(fname='C:\\Windows\\Fonts\\OUTLOOK.TTF', name='MS Outlook', style='normal', variant='normal', weight=400, stretch='normal', size='scalable')) = 10.05
15:55:48 [DEBUG   ] matplotlib.font_manager - findfont: score(FontEntry(fname='C:\\Windows\\Fonts\\georgia.ttf', name='Georgia', style='normal', variant='normal', weight=400, stretch='normal', size='scalable')) = 10.05
15:55:48 [DEBUG   ] matplotlib.font_manager - findfont: score(FontEntry(fname='C:\\Windows\\Fonts\\BELLB.TTF', name='Bell MT', style='normal', variant='normal', weight=700, stretch='normal', size='scalable')) = 10.335
15:55:48 [DEBUG   ] matplotlib.font_manager - findfont: score(FontEntry(fname='C:\\Windows\\Fonts\\ERASDEMI.TTF', name='Eras Demi ITC', style='normal', variant='normal', weight=400, stretch='normal', size='scalable')) = 10.05
15:55:48 [DEBUG   ] matplotlib.font_manager - findfont: score(FontEntry(fname='C:\\Windows\\Fonts\\framdit.ttf', name='Franklin Gothic Medium', style='italic', variant='normal', weight=400, stretch='normal', size='scalable')) = 11.05
15:55:48 [DEBUG   ] matplotlib.font_manager - findfont: score(FontEntry(fname='C:\\Windows\\Fonts\\GOUDYSTO.TTF', name='Goudy Stout', style='normal', variant='normal', weight=400, stretch='normal', size='scalable')) = 10.05
15:55:48 [DEBUG   ] matplotlib.font_manager - findfont: score(FontEntry(fname='C:\\Windows\\Fonts\\CALIST.TTF', name='Calisto MT', style='normal', variant='normal', weight=400, stretch='normal', size='scalable')) = 10.05
15:55:48 [DEBUG   ] matplotlib.font_manager - findfont: score(FontEntry(fname='C:\\Program Files (x86)\\IBM\\SPSS\\Amos\\24\\JRE\\lib\\fonts\\LucidaBrightItalic.ttf', name='Lucida Bright', style='italic', variant='normal', weight=400, stretch='normal', size='scalable')) = 11.05
15:55:48 [DEBUG   ] matplotlib.font_manager - findfont: score(FontEntry(fname='C:\\Windows\\Fonts\\CHILLER.TTF', name='Chiller', style='normal', variant='normal', weight=400, stretch='normal', size='scalable')) = 10.05
15:55:48 [DEBUG   ] matplotlib.font_manager - findfont: score(FontEntry(fname='C:\\Windows\\Fonts\\ZWAdobeF.TTF', name='ZWAdobeF', style='normal', variant='normal', weight=400, stretch='normal', size='scalable')) = 10.05
15:55:48 [DEBUG   ] matplotlib.font_manager - findfont: score(FontEntry(fname='C:\\Windows\\Fonts\\monbaiti.ttf', name='Mongolian Baiti', style='normal', variant='normal', weight=400, stretch='normal', size='scalable')) = 10.05
15:55:48 [DEBUG   ] matplotlib.font_manager - findfont: score(FontEntry(fname='C:\\Windows\\Fonts\\GILI____.TTF', name='Gill Sans MT', style='italic', variant='normal', weight=400, stretch='normal', size='scalable')) = 11.05
15:55:48 [DEBUG   ] matplotlib.font_manager - findfont: score(FontEntry(fname='C:\\Windows\\Fonts\\SCHLBKI.TTF', name='Century Schoolbook', style='italic', variant='normal', weight=400, stretch='normal', size='scalable')) = 11.05
15:55:48 [DEBUG   ] matplotlib.font_manager - findfont: score(FontEntry(fname='C:\\Windows\\Fonts\\BRUSHSCI.TTF', name='Brush Script MT', style='italic', variant='normal', weight=400, stretch='normal', size='scalable')) = 11.05
15:55:48 [DEBUG   ] matplotlib.font_manager - findfont: score(FontEntry(fname='C:\\Windows\\Fonts\\georgiaz.ttf', name='Georgia', style='italic', variant='normal', weight=700, stretch='normal', size='scalable')) = 11.335
15:55:48 [DEBUG   ] matplotlib.font_manager - findfont: score(FontEntry(fname='C:\\Windows\\Fonts\\corbelz.ttf', name='Corbel', style='italic', variant='normal', weight=700, stretch='normal', size='scalable')) = 11.335
15:55:48 [DEBUG   ] matplotlib.font_manager - findfont: score(FontEntry(fname='C:\\Windows\\Fonts\\INFROMAN.TTF', name='Informal Roman', style='normal', variant='normal', weight=400, stretch='normal', size='scalable')) = 10.05
15:55:48 [DEBUG   ] matplotlib.font_manager - findfont: score(FontEntry(fname='C:\\Windows\\Fonts\\Candarab.ttf', name='Candara', style='normal', variant='normal', weight=700, stretch='normal', size='scalable')) = 10.335
15:55:48 [DEBUG   ] matplotlib.font_manager - findfont: score(FontEntry(fname='C:\\Windows\\Fonts\\FRAHVIT.TTF', name='Franklin Gothic Heavy', style='italic', variant='normal', weight=400, stretch='normal', size='scalable')) = 11.05
15:55:48 [DEBUG   ] matplotlib.font_manager - findfont: score(FontEntry(fname='C:\\Windows\\Fonts\\Candaral.ttf', name='Candara', style='normal', variant='normal', weight=400, stretch='normal', size='scalable')) = 10.05
15:55:48 [DEBUG   ] matplotlib.font_manager - findfont: score(FontEntry(fname='C:\\Windows\\Fonts\\ITCKRIST.TTF', name='Kristen ITC', style='normal', variant='normal', weight=400, stretch='normal', size='scalable')) = 10.05
15:55:48 [DEBUG   ] matplotlib.font_manager - findfont: score(FontEntry(fname='C:\\Windows\\Fonts\\ENGR.TTF', name='Engravers MT', style='normal', variant='normal', weight=500, stretch='normal', size='scalable')) = 10.145
15:55:48 [DEBUG   ] matplotlib.font_manager - findfont: score(FontEntry(fname='C:\\Windows\\Fonts\\ITCBLKAD.TTF', name='Blackadder ITC', style='normal', variant='normal', weight=400, stretch='normal', size='scalable')) = 10.05
15:55:48 [DEBUG   ] matplotlib.font_manager - findfont: score(FontEntry(fname='C:\\Windows\\Fonts\\seguisbi.ttf', name='Segoe UI', style='italic', variant='normal', weight=600, stretch='normal', size='scalable')) = 11.24
15:55:48 [DEBUG   ] matplotlib.font_manager - findfont: score(FontEntry(fname='C:\\Windows\\Fonts\\GLSNECB.TTF', name='Gill Sans MT Ext Condensed Bold', style='normal', variant='normal', weight=400, stretch='condensed', size='scalable')) = 10.25
15:55:48 [DEBUG   ] matplotlib.font_manager - findfont: score(FontEntry(fname='C:\\Windows\\Fonts\\VIVALDII.TTF', name='Vivaldi', style='italic', variant='normal', weight=400, stretch='normal', size='scalable')) = 11.05
15:55:48 [DEBUG   ] matplotlib.font_manager - findfont: score(FontEntry(fname='C:\\Windows\\Fonts\\SegUIVar.ttf', name='Segoe UI Variable', style='normal', variant='normal', weight=400, stretch='normal', size='scalable')) = 10.05
15:55:48 [DEBUG   ] matplotlib.font_manager - findfont: score(FontEntry(fname='C:\\Windows\\Fonts\\LFAXDI.TTF', name='Lucida Fax', style='italic', variant='normal', weight=600, stretch='normal', size='scalable')) = 11.24
15:55:48 [DEBUG   ] matplotlib.font_manager - findfont: score(FontEntry(fname='C:\\Windows\\Fonts\\CALIFB.TTF', name='Californian FB', style='normal', variant='normal', weight=700, stretch='normal', size='scalable')) = 10.335
15:55:48 [DEBUG   ] matplotlib.font_manager - findfont: score(FontEntry(fname='C:\\Windows\\Fonts\\segmdl2.ttf', name='Segoe MDL2 Assets', style='normal', variant='normal', weight=400, stretch='normal', size='scalable')) = 10.05
15:55:48 [DEBUG   ] matplotlib.font_manager - findfont: score(FontEntry(fname='C:\\Windows\\Fonts\\LBRITE.TTF', name='Lucida Bright', style='normal', variant='normal', weight=400, stretch='normal', size='scalable')) = 10.05
15:55:48 [DEBUG   ] matplotlib.font_manager - findfont: score(FontEntry(fname='C:\\Windows\\Fonts\\AGENCYR.TTF', name='Agency FB', style='normal', variant='normal', weight=400, stretch='normal', size='scalable')) = 10.05
15:55:48 [DEBUG   ] matplotlib.font_manager - findfont: score(FontEntry(fname='C:\\Windows\\Fonts\\CURLZ___.TTF', name='Curlz MT', style='normal', variant='normal', weight=400, stretch='normal', size='scalable')) = 10.05
15:55:48 [DEBUG   ] matplotlib.font_manager - findfont: score(FontEntry(fname='C:\\Windows\\Fonts\\trebucit.ttf', name='Trebuchet MS', style='italic', variant='normal', weight=400, stretch='normal', size='scalable')) = 11.05
15:55:48 [DEBUG   ] matplotlib.font_manager - findfont: score(FontEntry(fname='C:\\Windows\\Fonts\\seguili.ttf', name='Segoe UI', style='italic', variant='normal', weight=300, stretch='normal', size='scalable')) = 11.145
15:55:48 [DEBUG   ] matplotlib.font_manager - findfont: score(FontEntry(fname='C:\\Windows\\Fonts\\GIGI.TTF', name='Gigi', style='normal', variant='normal', weight=400, stretch='normal', size='scalable')) = 10.05
15:55:48 [DEBUG   ] matplotlib.font_manager - findfont: score(FontEntry(fname='C:\\Windows\\Fonts\\cambriaz.ttf', name='Cambria', style='italic', variant='normal', weight=700, stretch='normal', size='scalable')) = 11.335
15:55:48 [DEBUG   ] matplotlib.font_manager - findfont: score(FontEntry(fname='C:\\Windows\\Fonts\\corbelli.ttf', name='Corbel', style='italic', variant='normal', weight=300, stretch='normal', size='scalable')) = 11.145
15:55:48 [DEBUG   ] matplotlib.font_manager - findfont: score(FontEntry(fname='C:\\Windows\\Fonts\\calibrili.ttf', name='Calibri', style='italic', variant='normal', weight=300, stretch='normal', size='scalable')) = 11.145
15:55:48 [DEBUG   ] matplotlib.font_manager - findfont: score(FontEntry(fname='C:\\Windows\\Fonts\\CENSCBK.TTF', name='Century Schoolbook', style='normal', variant='normal', weight=400, stretch='normal', size='scalable')) = 10.05
15:55:48 [DEBUG   ] matplotlib.font_manager - findfont: score(FontEntry(fname='C:\\Windows\\Fonts\\ariblk.ttf', name='Arial', style='normal', variant='normal', weight=900, stretch='normal', size='scalable')) = 6.888636363636364
15:55:48 [DEBUG   ] matplotlib.font_manager - findfont: score(FontEntry(fname='C:\\Windows\\Fonts\\SCRIPTBL.TTF', name='Script MT Bold', style='normal', variant='normal', weight=700, stretch='normal', size='scalable')) = 10.335
15:55:48 [DEBUG   ] matplotlib.font_manager - findfont: score(FontEntry(fname='C:\\Windows\\Fonts\\Candaraz.ttf', name='Candara', style='italic', variant='normal', weight=700, stretch='normal', size='scalable')) = 11.335
15:55:48 [DEBUG   ] matplotlib.font_manager - findfont: score(FontEntry(fname='C:\\Windows\\Fonts\\SitkaVF-Italic.ttf', name='Sitka', style='italic', variant='normal', weight=400, stretch='normal', size='scalable')) = 11.05
15:55:48 [DEBUG   ] matplotlib.font_manager - findfont: score(FontEntry(fname='C:\\Windows\\Fonts\\BRLNSDB.TTF', name='Berlin Sans FB Demi', style='normal', variant='normal', weight=700, stretch='normal', size='scalable')) = 10.335
15:55:48 [DEBUG   ] matplotlib.font_manager - findfont: score(FontEntry(fname='C:\\Program Files (x86)\\Adobe\\Acrobat DC\\Resource\\Font\\AdobeDevanagari-Regular.otf', name='Adobe Devanagari', style='normal', variant='normal', weight=400, stretch='normal', size='scalable')) = 10.05
15:55:48 [DEBUG   ] matplotlib.font_manager - findfont: score(FontEntry(fname='C:\\Windows\\Fonts\\trebuc.ttf', name='Trebuchet MS', style='normal', variant='normal', weight=400, stretch='normal', size='scalable')) = 10.05
15:55:48 [DEBUG   ] matplotlib.font_manager - findfont: score(FontEntry(fname='C:\\Windows\\Fonts\\arial.ttf', name='Arial', style='normal', variant='normal', weight=400, stretch='normal', size='scalable')) = 6.413636363636363
15:55:48 [DEBUG   ] matplotlib.font_manager - findfont: score(FontEntry(fname='C:\\Windows\\Fonts\\impact.ttf', name='Impact', style='normal', variant='normal', weight=400, stretch='normal', size='scalable')) = 10.05
15:55:48 [DEBUG   ] matplotlib.font_manager - findfont: score(FontEntry(fname='C:\\Windows\\Fonts\\comicbd.ttf', name='Comic Sans MS', style='normal', variant='normal', weight=700, stretch='normal', size='scalable')) = 10.335
15:55:48 [DEBUG   ] matplotlib.font_manager - findfont: score(FontEntry(fname='C:\\Windows\\Fonts\\FRADM.TTF', name='Franklin Gothic Demi', style='normal', variant='normal', weight=400, stretch='normal', size='scalable')) = 10.05
15:55:48 [DEBUG   ] matplotlib.font_manager - findfont: score(FontEntry(fname='C:\\Windows\\Fonts\\l_10646.ttf', name='Lucida Sans Unicode', style='normal', variant='normal', weight=400, stretch='normal', size='scalable')) = 10.05
15:55:48 [DEBUG   ] matplotlib.font_manager - findfont: score(FontEntry(fname='C:\\Windows\\Fonts\\BOOKOSI.TTF', name='Bookman Old Style', style='italic', variant='normal', weight=300, stretch='normal', size='scalable')) = 11.145
15:55:48 [DEBUG   ] matplotlib.font_manager - findfont: score(FontEntry(fname='C:\\Windows\\Fonts\\LFAX.TTF', name='Lucida Fax', style='normal', variant='normal', weight=400, stretch='normal', size='scalable')) = 10.05
15:55:48 [DEBUG   ] matplotlib.font_manager - findfont: score(FontEntry(fname='C:\\Windows\\Fonts\\SCHLBKBI.TTF', name='Century Schoolbook', style='italic', variant='normal', weight=700, stretch='normal', size='scalable')) = 11.335
15:55:48 [DEBUG   ] matplotlib.font_manager - findfont: score(FontEntry(fname='C:\\Windows\\Fonts\\segoeuii.ttf', name='Segoe UI', style='italic', variant='normal', weight=400, stretch='normal', size='scalable')) = 11.05
15:55:48 [DEBUG   ] matplotlib.font_manager - findfont: score(FontEntry(fname='C:\\Windows\\Fonts\\BOD_B.TTF', name='Bodoni MT', style='normal', variant='normal', weight=700, stretch='normal', size='scalable')) = 10.335
15:55:48 [DEBUG   ] matplotlib.font_manager - findfont: score(FontEntry(fname='C:\\Windows\\Fonts\\BOD_CI.TTF', name='Bodoni MT', style='italic', variant='normal', weight=400, stretch='condensed', size='scalable')) = 11.25
15:55:48 [DEBUG   ] matplotlib.font_manager - findfont: score(FontEntry(fname='C:\\Windows\\Fonts\\FRADMCN.TTF', name='Franklin Gothic Demi Cond', style='normal', variant='normal', weight=400, stretch='condensed', size='scalable')) = 10.25
15:55:48 [DEBUG   ] matplotlib.font_manager - findfont: score(FontEntry(fname='C:\\Windows\\Fonts\\corbell.ttf', name='Corbel', style='normal', variant='normal', weight=300, stretch='normal', size='scalable')) = 10.145
15:55:48 [DEBUG   ] matplotlib.font_manager - findfont: score(FontEntry(fname='C:\\Windows\\Fonts\\segoeuil.ttf', name='Segoe UI', style='normal', variant='normal', weight=300, stretch='normal', size='scalable')) = 10.145
15:55:48 [DEBUG   ] matplotlib.font_manager - findfont: score(FontEntry(fname='C:\\Windows\\Fonts\\consolab.ttf', name='Consolas', style='normal', variant='normal', weight=700, stretch='normal', size='scalable')) = 10.335
15:55:48 [DEBUG   ] matplotlib.font_manager - findfont: score(FontEntry(fname='C:\\Windows\\Fonts\\CALISTI.TTF', name='Calisto MT', style='italic', variant='normal', weight=400, stretch='normal', size='scalable')) = 11.05
15:55:48 [DEBUG   ] matplotlib.font_manager - findfont: score(FontEntry(fname='C:\\Windows\\Fonts\\malgunsl.ttf', name='Malgun Gothic', style='normal', variant='normal', weight=300, stretch='normal', size='scalable')) = 10.145
15:55:48 [DEBUG   ] matplotlib.font_manager - findfont: score(FontEntry(fname='C:\\Windows\\Fonts\\seguihis.ttf', name='Segoe UI Historic', style='normal', variant='normal', weight=400, stretch='normal', size='scalable')) = 10.05
15:55:48 [DEBUG   ] matplotlib.font_manager - findfont: score(FontEntry(fname='C:\\Windows\\Fonts\\ntailub.ttf', name='Microsoft New Tai Lue', style='normal', variant='normal', weight=700, stretch='normal', size='scalable')) = 10.335
15:55:48 [DEBUG   ] matplotlib.font_manager - findfont: score(FontEntry(fname='C:\\Windows\\Fonts\\GILBI___.TTF', name='Gill Sans MT', style='italic', variant='normal', weight=700, stretch='normal', size='scalable')) = 11.335
15:55:48 [DEBUG   ] matplotlib.font_manager - findfont: score(FontEntry(fname='C:\\Windows\\Fonts\\mvboli.ttf', name='MV Boli', style='normal', variant='normal', weight=400, stretch='normal', size='scalable')) = 10.05
15:55:48 [DEBUG   ] matplotlib.font_manager - findfont: score(FontEntry(fname='C:\\Windows\\Fonts\\trebucbi.ttf', name='Trebuchet MS', style='italic', variant='normal', weight=700, stretch='normal', size='scalable')) = 11.335
15:55:48 [DEBUG   ] matplotlib.font_manager - findfont: score(FontEntry(fname='C:\\Windows\\Fonts\\COPRGTB.TTF', name='Copperplate Gothic Bold', style='normal', variant='normal', weight=400, stretch='normal', size='scalable')) = 10.05
15:55:48 [DEBUG   ] matplotlib.font_manager - findfont: score(FontEntry(fname='C:\\Windows\\Fonts\\REFSPCL.TTF', name='MS Reference Specialty', style='normal', variant='normal', weight=400, stretch='normal', size='scalable')) = 10.05
15:55:48 [DEBUG   ] matplotlib.font_manager - findfont: score(FontEntry(fname='C:\\Windows\\Fonts\\LCALLIG.TTF', name='Lucida Calligraphy', style='italic', variant='normal', weight=400, stretch='normal', size='scalable')) = 11.05
15:55:48 [DEBUG   ] matplotlib.font_manager - findfont: score(FontEntry(fname='C:\\Windows\\Fonts\\PLAYBILL.TTF', name='Playbill', style='normal', variant='normal', weight=400, stretch='normal', size='scalable')) = 10.05
15:55:48 [DEBUG   ] matplotlib.font_manager - findfont: score(FontEntry(fname='C:\\Windows\\Fonts\\segoescb.ttf', name='Segoe Script', style='normal', variant='normal', weight=700, stretch='normal', size='scalable')) = 10.335
15:55:48 [DEBUG   ] matplotlib.font_manager - findfont: score(FontEntry(fname='C:\\Windows\\Fonts\\corbelb.ttf', name='Corbel', style='normal', variant='normal', weight=700, stretch='normal', size='scalable')) = 10.335
15:55:48 [DEBUG   ] matplotlib.font_manager - findfont: score(FontEntry(fname='C:\\Windows\\Fonts\\palai.ttf', name='Palatino Linotype', style='italic', variant='normal', weight=400, stretch='normal', size='scalable')) = 11.05
15:55:48 [DEBUG   ] matplotlib.font_manager - findfont: score(FontEntry(fname='C:\\Windows\\Fonts\\phagspa.ttf', name='Microsoft PhagsPa', style='normal', variant='normal', weight=400, stretch='normal', size='scalable')) = 10.05
15:55:48 [DEBUG   ] matplotlib.font_manager - findfont: score(FontEntry(fname='C:\\Windows\\Fonts\\himalaya.ttf', name='Microsoft Himalaya', style='normal', variant='normal', weight=400, stretch='normal', size='scalable')) = 10.05
15:55:48 [DEBUG   ] matplotlib.font_manager - findfont: score(FontEntry(fname='C:\\Windows\\Fonts\\HARNGTON.TTF', name='Harrington', style='normal', variant='normal', weight=400, stretch='normal', size='scalable')) = 10.05
15:55:48 [DEBUG   ] matplotlib.font_manager - findfont: score(FontEntry(fname='C:\\Windows\\Fonts\\ONYX.TTF', name='Onyx', style='normal', variant='normal', weight=400, stretch='normal', size='scalable')) = 10.05
15:55:48 [DEBUG   ] matplotlib.font_manager - findfont: score(FontEntry(fname='C:\\Windows\\Fonts\\CASTELAR.TTF', name='Castellar', style='normal', variant='normal', weight=400, stretch='normal', size='scalable')) = 10.05
15:55:48 [DEBUG   ] matplotlib.font_manager - findfont: score(FontEntry(fname='C:\\Windows\\Fonts\\GOUDOSI.TTF', name='Goudy Old Style', style='italic', variant='normal', weight=400, stretch='normal', size='scalable')) = 11.05
15:55:48 [DEBUG   ] matplotlib.font_manager - findfont: score(FontEntry(fname='C:\\Windows\\Fonts\\ALGER.TTF', name='Algerian', style='normal', variant='normal', weight=400, stretch='normal', size='scalable')) = 10.05
15:55:48 [DEBUG   ] matplotlib.font_manager - findfont: score(FontEntry(fname='C:\\Windows\\Fonts\\segoeui.ttf', name='Segoe UI', style='normal', variant='normal', weight=400, stretch='normal', size='scalable')) = 10.05
15:55:48 [DEBUG   ] matplotlib.font_manager - findfont: score(FontEntry(fname='C:\\Windows\\Fonts\\BRLNSB.TTF', name='Berlin Sans FB', style='normal', variant='normal', weight=700, stretch='normal', size='scalable')) = 10.335
15:55:48 [DEBUG   ] matplotlib.font_manager - findfont: score(FontEntry(fname='C:\\Windows\\Fonts\\javatext.ttf', name='Javanese Text', style='normal', variant='normal', weight=400, stretch='normal', size='scalable')) = 10.05
15:55:48 [DEBUG   ] matplotlib.font_manager - findfont: score(FontEntry(fname='C:\\Windows\\Fonts\\BROADW.TTF', name='Broadway', style='normal', variant='normal', weight=400, stretch='normal', size='scalable')) = 10.05
15:55:48 [DEBUG   ] matplotlib.font_manager - findfont: score(FontEntry(fname='C:\\Windows\\Fonts\\LTYPEO.TTF', name='Lucida Sans Typewriter', style='oblique', variant='normal', weight=400, stretch='normal', size='scalable')) = 11.05
15:55:48 [DEBUG   ] matplotlib.font_manager - findfont: score(FontEntry(fname='C:\\Windows\\Fonts\\ARIALN.TTF', name='Arial', style='normal', variant='normal', weight=400, stretch='condensed', size='scalable')) = 6.613636363636363
15:55:48 [DEBUG   ] matplotlib.font_manager - findfont: score(FontEntry(fname='C:\\Windows\\Fonts\\comic.ttf', name='Comic Sans MS', style='normal', variant='normal', weight=400, stretch='normal', size='scalable')) = 10.05
15:55:48 [DEBUG   ] matplotlib.font_manager - findfont: score(FontEntry(fname='C:\\Windows\\Fonts\\GARABD.TTF', name='Garamond', style='normal', variant='normal', weight=700, stretch='normal', size='scalable')) = 10.335
15:55:48 [DEBUG   ] matplotlib.font_manager - findfont: score(FontEntry(fname='C:\\Windows\\Fonts\\JOKERMAN.TTF', name='Jokerman', style='normal', variant='normal', weight=400, stretch='normal', size='scalable')) = 10.05
15:55:48 [DEBUG   ] matplotlib.font_manager - findfont: score(FontEntry(fname='C:\\Windows\\Fonts\\CascadiaCode.ttf', name='Cascadia Code', style='normal', variant='normal', weight=400, stretch='normal', size='scalable')) = 10.05
15:55:48 [DEBUG   ] matplotlib.font_manager - findfont: score(FontEntry(fname='C:\\Windows\\Fonts\\VLADIMIR.TTF', name='Vladimir Script', style='normal', variant='normal', weight=400, stretch='normal', size='scalable')) = 10.05
15:55:48 [DEBUG   ] matplotlib.font_manager - findfont: score(FontEntry(fname='C:\\Windows\\Fonts\\GILB____.TTF', name='Gill Sans MT', style='normal', variant='normal', weight=700, stretch='normal', size='scalable')) = 10.335
15:55:48 [DEBUG   ] matplotlib.font_manager - findfont: score(FontEntry(fname='C:\\Windows\\Fonts\\palabi.ttf', name='Palatino Linotype', style='italic', variant='normal', weight=700, stretch='normal', size='scalable')) = 11.335
15:55:48 [DEBUG   ] matplotlib.font_manager - findfont: score(FontEntry(fname='C:\\Windows\\Fonts\\BOD_CB.TTF', name='Bodoni MT', style='normal', variant='normal', weight=700, stretch='condensed', size='scalable')) = 10.535
15:55:48 [DEBUG   ] matplotlib.font_manager - findfont: score(FontEntry(fname='C:\\Windows\\Fonts\\GARAIT.TTF', name='Garamond', style='italic', variant='normal', weight=400, stretch='normal', size='scalable')) = 11.05
15:55:48 [DEBUG   ] matplotlib.font_manager - findfont: score(FontEntry(fname='C:\\Windows\\Fonts\\FRAHV.TTF', name='Franklin Gothic Heavy', style='normal', variant='normal', weight=400, stretch='normal', size='scalable')) = 10.05
15:55:48 [DEBUG   ] matplotlib.font_manager - findfont: score(FontEntry(fname='C:\\Windows\\Fonts\\BOD_BI.TTF', name='Bodoni MT', style='italic', variant='normal', weight=700, stretch='normal', size='scalable')) = 11.335
15:55:48 [DEBUG   ] matplotlib.font_manager - findfont: score(FontEntry(fname='C:\\Windows\\Fonts\\Candara.ttf', name='Candara', style='normal', variant='normal', weight=400, stretch='normal', size='scalable')) = 10.05
15:55:48 [DEBUG   ] matplotlib.font_manager - findfont: score(FontEntry(fname='C:\\Windows\\Fonts\\BERNHC.TTF', name='Bernard MT Condensed', style='normal', variant='normal', weight=400, stretch='condensed', size='scalable')) = 10.25
15:55:48 [DEBUG   ] matplotlib.font_manager - findfont: score(FontEntry(fname='C:\\Windows\\Fonts\\ERASBD.TTF', name='Eras Bold ITC', style='normal', variant='normal', weight=400, stretch='normal', size='scalable')) = 10.05
15:55:48 [DEBUG   ] matplotlib.font_manager - findfont: score(FontEntry(fname='C:\\Windows\\Fonts\\YuGothL.ttc', name='Yu Gothic', style='normal', variant='normal', weight=300, stretch='normal', size='scalable')) = 10.145
15:55:48 [DEBUG   ] matplotlib.font_manager - findfont: score(FontEntry(fname='C:\\Windows\\Fonts\\MATURASC.TTF', name='Matura MT Script Capitals', style='normal', variant='normal', weight=400, stretch='normal', size='scalable')) = 10.05
15:55:48 [DEBUG   ] matplotlib.font_manager - findfont: score(FontEntry(fname='C:\\Windows\\Fonts\\PALSCRI.TTF', name='Palace Script MT', style='normal', variant='normal', weight=400, stretch='normal', size='scalable')) = 10.05
15:55:48 [DEBUG   ] matplotlib.font_manager - findfont: score(FontEntry(fname='C:\\Windows\\Fonts\\GIL_____.TTF', name='Gill Sans MT', style='normal', variant='normal', weight=400, stretch='normal', size='scalable')) = 10.05
15:55:48 [DEBUG   ] matplotlib.font_manager - findfont: score(FontEntry(fname='C:\\Program Files (x86)\\IBM\\SPSS\\Amos\\24\\JRE\\lib\\fonts\\LucidaBrightRegular.ttf', name='Lucida Bright', style='normal', variant='normal', weight=400, stretch='normal', size='scalable')) = 10.05
15:55:48 [DEBUG   ] matplotlib.font_manager - findfont: score(FontEntry(fname='C:\\Windows\\Fonts\\LeelaUIb.ttf', name='Leelawadee UI', style='normal', variant='normal', weight=700, stretch='normal', size='scalable')) = 10.335
15:55:48 [DEBUG   ] matplotlib.font_manager - findfont: score(FontEntry(fname='C:\\Windows\\Fonts\\HTOWERT.TTF', name='High Tower Text', style='normal', variant='normal', weight=400, stretch='normal', size='scalable')) = 10.05
15:55:48 [DEBUG   ] matplotlib.font_manager - findfont: score(FontEntry(fname='C:\\Windows\\Fonts\\LTYPEBO.TTF', name='Lucida Sans Typewriter', style='oblique', variant='normal', weight=600, stretch='normal', size='scalable')) = 11.24
15:55:48 [DEBUG   ] matplotlib.font_manager - findfont: score(FontEntry(fname='C:\\Windows\\Fonts\\micross.ttf', name='Microsoft Sans Serif', style='normal', variant='normal', weight=400, stretch='normal', size='scalable')) = 10.05
15:55:48 [DEBUG   ] matplotlib.font_manager - findfont: score(FontEntry(fname='C:\\Windows\\Fonts\\TCM_____.TTF', name='Tw Cen MT', style='normal', variant='normal', weight=400, stretch='normal', size='scalable')) = 10.05
15:55:48 [DEBUG   ] matplotlib.font_manager - findfont: score(FontEntry(fname='C:\\Windows\\Fonts\\BOOKOSB.TTF', name='Bookman Old Style', style='normal', variant='normal', weight=600, stretch='normal', size='scalable')) = 10.24
15:55:48 [DEBUG   ] matplotlib.font_manager - findfont: score(FontEntry(fname='C:\\Windows\\Fonts\\consola.ttf', name='Consolas', style='normal', variant='normal', weight=400, stretch='normal', size='scalable')) = 10.05
15:55:48 [DEBUG   ] matplotlib.font_manager - findfont: score(FontEntry(fname='C:\\Windows\\Fonts\\ERASMD.TTF', name='Eras Medium ITC', style='normal', variant='normal', weight=400, stretch='normal', size='scalable')) = 10.05
15:55:48 [DEBUG   ] matplotlib.font_manager - findfont: score(FontEntry(fname='C:\\Windows\\Fonts\\BOD_BLAI.TTF', name='Bodoni MT', style='italic', variant='normal', weight=900, stretch='normal', size='scalable')) = 11.525
15:55:48 [DEBUG   ] matplotlib.font_manager - findfont: score(FontEntry(fname='C:\\Windows\\Fonts\\couri.ttf', name='Courier New', style='italic', variant='normal', weight=400, stretch='normal', size='scalable')) = 11.05
15:55:48 [DEBUG   ] matplotlib.font_manager - findfont: score(FontEntry(fname='C:\\Windows\\Fonts\\calibrib.ttf', name='Calibri', style='normal', variant='normal', weight=700, stretch='normal', size='scalable')) = 10.335
15:55:48 [DEBUG   ] matplotlib.font_manager - findfont: score(FontEntry(fname='C:\\Windows\\Fonts\\segoeuib.ttf', name='Segoe UI', style='normal', variant='normal', weight=700, stretch='normal', size='scalable')) = 10.335
15:55:48 [DEBUG   ] matplotlib.font_manager - findfont: score(FontEntry(fname='C:\\Windows\\Fonts\\HTOWERTI.TTF', name='High Tower Text', style='italic', variant='normal', weight=400, stretch='normal', size='scalable')) = 11.05
15:55:48 [DEBUG   ] matplotlib.font_manager - findfont: score(FontEntry(fname='C:\\Windows\\Fonts\\seguiemj.ttf', name='Segoe UI Emoji', style='normal', variant='normal', weight=400, stretch='normal', size='scalable')) = 10.05
15:55:48 [DEBUG   ] matplotlib.font_manager - findfont: score(FontEntry(fname='C:\\Windows\\Fonts\\ROCC____.TTF', name='Rockwell Condensed', style='normal', variant='normal', weight=400, stretch='condensed', size='scalable')) = 10.25
15:55:48 [DEBUG   ] matplotlib.font_manager - findfont: score(FontEntry(fname='C:\\Windows\\Fonts\\LeelawUI.ttf', name='Leelawadee UI', style='normal', variant='normal', weight=400, stretch='normal', size='scalable')) = 10.05
15:55:48 [DEBUG   ] matplotlib.font_manager - findfont: score(FontEntry(fname='C:\\Windows\\Fonts\\TEMPSITC.TTF', name='Tempus Sans ITC', style='normal', variant='normal', weight=400, stretch='normal', size='scalable')) = 10.05
15:55:48 [DEBUG   ] matplotlib.font_manager - findfont: score(FontEntry(fname='C:\\Windows\\Fonts\\tahomabd.ttf', name='Tahoma', style='normal', variant='normal', weight=700, stretch='normal', size='scalable')) = 10.335
15:55:48 [DEBUG   ] matplotlib.font_manager - findfont: score(FontEntry(fname='C:\\Windows\\Fonts\\comici.ttf', name='Comic Sans MS', style='italic', variant='normal', weight=400, stretch='normal', size='scalable')) = 11.05
15:55:48 [DEBUG   ] matplotlib.font_manager - findfont: score(FontEntry(fname='C:\\Windows\\Fonts\\YuGothR.ttc', name='Yu Gothic', style='normal', variant='normal', weight=400, stretch='normal', size='scalable')) = 10.05
15:55:48 [DEBUG   ] matplotlib.font_manager - findfont: score(FontEntry(fname='C:\\Windows\\Fonts\\PERB____.TTF', name='Perpetua', style='normal', variant='normal', weight=700, stretch='normal', size='scalable')) = 10.335
15:55:48 [DEBUG   ] matplotlib.font_manager - findfont: score(FontEntry(fname='C:\\Windows\\Fonts\\BSSYM7.TTF', name='Bookshelf Symbol 7', style='normal', variant='normal', weight=400, stretch='normal', size='scalable')) = 10.05
15:55:48 [DEBUG   ] matplotlib.font_manager - findfont: score(FontEntry(fname='C:\\Windows\\Fonts\\PERI____.TTF', name='Perpetua', style='italic', variant='normal', weight=400, stretch='normal', size='scalable')) = 11.05
15:55:48 [DEBUG   ] matplotlib.font_manager - findfont: score(FontEntry(fname='C:\\Windows\\Fonts\\segoeprb.ttf', name='Segoe Print', style='normal', variant='normal', weight=700, stretch='normal', size='scalable')) = 10.335
15:55:48 [DEBUG   ] matplotlib.font_manager - findfont: score(FontEntry(fname='C:\\Windows\\Fonts\\DUBAI-LIGHT.TTF', name='Dubai', style='normal', variant='normal', weight=300, stretch='normal', size='scalable')) = 10.145
15:55:48 [DEBUG   ] matplotlib.font_manager - findfont: score(FontEntry(fname='C:\\Windows\\Fonts\\LFAXI.TTF', name='Lucida Fax', style='italic', variant='normal', weight=400, stretch='normal', size='scalable')) = 11.05
15:55:48 [DEBUG   ] matplotlib.font_manager - findfont: score(FontEntry(fname='C:\\Windows\\Fonts\\Candarai.ttf', name='Candara', style='italic', variant='normal', weight=400, stretch='normal', size='scalable')) = 11.05
15:55:48 [DEBUG   ] matplotlib.font_manager - findfont: score(FontEntry(fname='C:\\Windows\\Fonts\\CALISTB.TTF', name='Calisto MT', style='normal', variant='normal', weight=700, stretch='normal', size='scalable')) = 10.335
15:55:48 [DEBUG   ] matplotlib.font_manager - findfont: score(FontEntry(fname='C:\\Windows\\Fonts\\Nirmala.ttc', name='Nirmala UI', style='normal', variant='normal', weight=400, stretch='normal', size='scalable')) = 10.05
15:55:48 [DEBUG   ] matplotlib.font_manager - findfont: score(FontEntry(fname='C:\\Windows\\Fonts\\FTLTLT.TTF', name='Footlight MT Light', style='normal', variant='normal', weight=300, stretch='normal', size='scalable')) = 10.145
15:55:48 [DEBUG   ] matplotlib.font_manager - findfont: score(FontEntry(fname='C:\\Windows\\Fonts\\Candarali.ttf', name='Candara', style='italic', variant='normal', weight=400, stretch='normal', size='scalable')) = 11.05
15:55:48 [DEBUG   ] matplotlib.font_manager - findfont: score(FontEntry(fname='C:\\Windows\\Fonts\\lucon.ttf', name='Lucida Console', style='normal', variant='normal', weight=400, stretch='normal', size='scalable')) = 10.05
15:55:48 [DEBUG   ] matplotlib.font_manager - findfont: score(FontEntry(fname='C:\\Windows\\Fonts\\FORTE.TTF', name='Forte', style='normal', variant='normal', weight=400, stretch='normal', size='scalable')) = 10.05
15:55:48 [DEBUG   ] matplotlib.font_manager - findfont: score(FontEntry(fname='C:\\Windows\\Fonts\\BELLI.TTF', name='Bell MT', style='italic', variant='normal', weight=400, stretch='normal', size='scalable')) = 11.05
15:55:48 [DEBUG   ] matplotlib.font_manager - findfont: score(FontEntry(fname='C:\\Windows\\Fonts\\ARIALNI.TTF', name='Arial', style='italic', variant='normal', weight=400, stretch='condensed', size='scalable')) = 7.613636363636363
15:55:48 [DEBUG   ] matplotlib.font_manager - findfont: score(FontEntry(fname='C:\\Program Files (x86)\\IBM\\SPSS\\Amos\\24\\JRE\\lib\\fonts\\LucidaTypewriterBold.ttf', name='Lucida Sans Typewriter', style='normal', variant='normal', weight=700, stretch='normal', size='scalable')) = 10.335
15:55:48 [DEBUG   ] matplotlib.font_manager - findfont: score(FontEntry(fname='C:\\Windows\\Fonts\\ROCCB___.TTF', name='Rockwell Condensed', style='normal', variant='normal', weight=700, stretch='condensed', size='scalable')) = 10.535
15:55:48 [DEBUG   ] matplotlib.font_manager - findfont: score(FontEntry(fname='C:\\Windows\\Fonts\\ROCKI.TTF', name='Rockwell', style='italic', variant='normal', weight=400, stretch='normal', size='scalable')) = 11.05
15:55:48 [DEBUG   ] matplotlib.font_manager - findfont: score(FontEntry(fname='C:\\Windows\\Fonts\\ROCKEB.TTF', name='Rockwell Extra Bold', style='normal', variant='normal', weight=800, stretch='normal', size='scalable')) = 10.43
15:55:48 [DEBUG   ] matplotlib.font_manager - findfont: score(FontEntry(fname='C:\\Windows\\Fonts\\FELIXTI.TTF', name='Felix Titling', style='normal', variant='normal', weight=400, stretch='normal', size='scalable')) = 10.05
15:55:48 [DEBUG   ] matplotlib.font_manager - findfont: score(FontEntry(fname='C:\\Windows\\Fonts\\msgothic.ttc', name='MS Gothic', style='normal', variant='normal', weight=400, stretch='normal', size='scalable')) = 10.05
15:55:48 [DEBUG   ] matplotlib.font_manager - findfont: score(FontEntry(fname='C:\\Windows\\Fonts\\BOD_I.TTF', name='Bodoni MT', style='italic', variant='normal', weight=400, stretch='normal', size='scalable')) = 11.05
15:55:48 [DEBUG   ] matplotlib.font_manager - findfont: score(FontEntry(fname='C:\\Windows\\Fonts\\ROCK.TTF', name='Rockwell', style='normal', variant='normal', weight=400, stretch='normal', size='scalable')) = 10.05
15:55:48 [DEBUG   ] matplotlib.font_manager - findfont: score(FontEntry(fname='C:\\Program Files (x86)\\Adobe\\Acrobat DC\\Resource\\Font\\AdobeDevanagari-Bold.otf', name='Adobe Devanagari', style='normal', variant='normal', weight=700, stretch='normal', size='scalable')) = 10.335
15:55:48 [DEBUG   ] matplotlib.font_manager - findfont: score(FontEntry(fname='C:\\Windows\\Fonts\\PER_____.TTF', name='Perpetua', style='normal', variant='normal', weight=400, stretch='normal', size='scalable')) = 10.05
15:55:48 [DEBUG   ] matplotlib.font_manager - findfont: score(FontEntry(fname='C:\\Windows\\Fonts\\wingding.ttf', name='Wingdings', style='normal', variant='normal', weight=400, stretch='normal', size='scalable')) = 10.05
15:55:48 [DEBUG   ] matplotlib.font_manager - findfont: score(FontEntry(fname='C:\\Windows\\Fonts\\ITCEDSCR.TTF', name='Edwardian Script ITC', style='normal', variant='normal', weight=400, stretch='normal', size='scalable')) = 10.05
15:55:48 [DEBUG   ] matplotlib.font_manager - findfont: score(FontEntry(fname='C:\\Windows\\Fonts\\YuGothM.ttc', name='Yu Gothic', style='normal', variant='normal', weight=500, stretch='normal', size='scalable')) = 10.145
15:55:48 [DEBUG   ] matplotlib.font_manager - findfont: score(FontEntry(fname='C:\\Windows\\Fonts\\SNAP____.TTF', name='Snap ITC', style='normal', variant='normal', weight=400, stretch='normal', size='scalable')) = 10.05
15:55:48 [DEBUG   ] matplotlib.font_manager - findfont: score(FontEntry(fname='C:\\Windows\\Fonts\\ELEPHNTI.TTF', name='Elephant', style='italic', variant='normal', weight=400, stretch='normal', size='scalable')) = 11.05
15:55:48 [DEBUG   ] matplotlib.font_manager - findfont: score(FontEntry(fname='C:\\Windows\\Fonts\\GILC____.TTF', name='Gill Sans MT Condensed', style='normal', variant='normal', weight=400, stretch='condensed', size='scalable')) = 10.25
15:55:48 [DEBUG   ] matplotlib.font_manager - findfont: score(FontEntry(fname='C:\\Windows\\Fonts\\BOD_R.TTF', name='Bodoni MT', style='normal', variant='normal', weight=400, stretch='normal', size='scalable')) = 10.05
15:55:48 [DEBUG   ] matplotlib.font_manager - findfont: score(FontEntry(fname='C:\\Windows\\Fonts\\NIAGSOL.TTF', name='Niagara Solid', style='normal', variant='normal', weight=400, stretch='normal', size='scalable')) = 10.05
15:55:48 [DEBUG   ] matplotlib.font_manager - findfont: score(FontEntry(fname='C:\\Windows\\Fonts\\DUBAI-BOLD.TTF', name='Dubai', style='normal', variant='normal', weight=700, stretch='normal', size='scalable')) = 10.335
15:55:48 [DEBUG   ] matplotlib.font_manager - findfont: score(FontEntry(fname='C:\\Windows\\Fonts\\corbeli.ttf', name='Corbel', style='italic', variant='normal', weight=400, stretch='normal', size='scalable')) = 11.05
15:55:48 [DEBUG   ] matplotlib.font_manager - findfont: score(FontEntry(fname='C:\\Windows\\Fonts\\sylfaen.ttf', name='Sylfaen', style='normal', variant='normal', weight=400, stretch='normal', size='scalable')) = 10.05
15:55:48 [DEBUG   ] matplotlib.font_manager - findfont: score(FontEntry(fname='C:\\Windows\\Fonts\\georgiab.ttf', name='Georgia', style='normal', variant='normal', weight=700, stretch='normal', size='scalable')) = 10.335
15:55:48 [DEBUG   ] matplotlib.font_manager - findfont: score(FontEntry(fname='C:\\Windows\\Fonts\\COPRGTL.TTF', name='Copperplate Gothic Light', style='normal', variant='normal', weight=400, stretch='normal', size='scalable')) = 10.05
15:55:48 [DEBUG   ] matplotlib.font_manager - findfont: score(FontEntry(fname='C:\\Windows\\Fonts\\pala.ttf', name='Palatino Linotype', style='normal', variant='normal', weight=400, stretch='normal', size='scalable')) = 10.05
15:55:48 [DEBUG   ] matplotlib.font_manager - findfont: score(FontEntry(fname='C:\\Windows\\Fonts\\MTCORSVA.TTF', name='Monotype Corsiva', style='normal', variant='normal', weight=400, stretch='normal', size='scalable')) = 10.05
15:55:48 [DEBUG   ] matplotlib.font_manager - findfont: score(FontEntry(fname='C:\\Windows\\Fonts\\msyi.ttf', name='Microsoft Yi Baiti', style='normal', variant='normal', weight=400, stretch='normal', size='scalable')) = 10.05
15:55:48 [DEBUG   ] matplotlib.font_manager - findfont: score(FontEntry(fname='C:\\Windows\\Fonts\\arialbd.ttf', name='Arial', style='normal', variant='normal', weight=700, stretch='normal', size='scalable')) = 6.698636363636363
15:55:48 [DEBUG   ] matplotlib.font_manager - findfont: score(FontEntry(fname='C:\\Windows\\Fonts\\LSANSDI.TTF', name='Lucida Sans', style='italic', variant='normal', weight=600, stretch='normal', size='scalable')) = 11.24
15:55:48 [DEBUG   ] matplotlib.font_manager - findfont: score(FontEntry(fname='C:\\Windows\\Fonts\\SitkaVF.ttf', name='Sitka', style='normal', variant='normal', weight=400, stretch='normal', size='scalable')) = 10.05
15:55:48 [DEBUG   ] matplotlib.font_manager - findfont: score(FontEntry(fname='C:\\Windows\\Fonts\\PERTILI.TTF', name='Perpetua Titling MT', style='normal', variant='normal', weight=300, stretch='normal', size='scalable')) = 10.145
15:55:48 [DEBUG   ] matplotlib.font_manager - findfont: score(FontEntry(fname='C:\\Windows\\Fonts\\times.ttf', name='Times New Roman', style='normal', variant='normal', weight=400, stretch='normal', size='scalable')) = 10.05
15:55:48 [DEBUG   ] matplotlib.font_manager - findfont: score(FontEntry(fname='C:\\Windows\\Fonts\\ARIALNBI.TTF', name='Arial', style='italic', variant='normal', weight=700, stretch='condensed', size='scalable')) = 7.8986363636363635
15:55:48 [DEBUG   ] matplotlib.font_manager - findfont: score(FontEntry(fname='C:\\Windows\\Fonts\\POORICH.TTF', name='Poor Richard', style='normal', variant='normal', weight=400, stretch='normal', size='scalable')) = 10.05
15:55:48 [DEBUG   ] matplotlib.font_manager - findfont: score(FontEntry(fname='C:\\Windows\\Fonts\\calibrii.ttf', name='Calibri', style='italic', variant='normal', weight=400, stretch='normal', size='scalable')) = 11.05
15:55:48 [DEBUG   ] matplotlib.font_manager - findfont: score(FontEntry(fname='C:\\Windows\\Fonts\\ARLRDBD.TTF', name='Arial Rounded MT Bold', style='normal', variant='normal', weight=400, stretch='normal', size='scalable')) = 10.05
15:55:48 [DEBUG   ] matplotlib.font_manager - findfont: score(FontEntry(fname='C:\\Windows\\Fonts\\AGENCYB.TTF', name='Agency FB', style='normal', variant='normal', weight=700, stretch='normal', size='scalable')) = 10.335
15:55:48 [DEBUG   ] matplotlib.font_manager - findfont: score(FontEntry(fname='C:\\Windows\\Fonts\\seguisli.ttf', name='Segoe UI', style='italic', variant='normal', weight=350, stretch='normal', size='scalable')) = 11.0975
15:55:48 [DEBUG   ] matplotlib.font_manager - findfont: score(FontEntry(fname='C:\\Windows\\Fonts\\TCB_____.TTF', name='Tw Cen MT', style='normal', variant='normal', weight=700, stretch='normal', size='scalable')) = 10.335
15:55:48 [DEBUG   ] matplotlib.font_manager - findfont: score(FontEntry(fname='C:\\Windows\\Fonts\\CascadiaMono.ttf', name='Cascadia Mono', style='normal', variant='normal', weight=400, stretch='normal', size='scalable')) = 10.05
15:55:48 [DEBUG   ] matplotlib.font_manager - findfont: score(FontEntry(fname='C:\\Windows\\Fonts\\JUICE___.TTF', name='Juice ITC', style='normal', variant='normal', weight=400, stretch='normal', size='scalable')) = 10.05
15:55:48 [DEBUG   ] matplotlib.font_manager - findfont: score(FontEntry(fname='C:\\Windows\\Fonts\\REFSAN.TTF', name='MS Reference Sans Serif', style='normal', variant='normal', weight=400, stretch='normal', size='scalable')) = 10.05
15:55:48 [DEBUG   ] matplotlib.font_manager - findfont: Matching sans\-serif:style=normal:variant=normal:weight=normal:stretch=normal:size=11.4 to DejaVu Sans ('C:\\Users\\DELL\\AppData\\Local\\Programs\\Python\\Python314\\Lib\\site-packages\\matplotlib\\mpl-data\\fonts\\ttf\\DejaVuSans.ttf') with score of 0.050000.
15:55:48 [DEBUG   ] matplotlib.colorbar - locator: <matplotlib.ticker.AutoLocator object at 0x0000015554152D50>
15:55:49 [DEBUG   ] matplotlib.font_manager - findfont: Matching sans\-serif:style=normal:variant=normal:weight=bold:stretch=normal:size=10.0.
15:55:49 [DEBUG   ] matplotlib.font_manager - findfont: score(FontEntry(fname='C:\\Users\\DELL\\AppData\\Local\\Programs\\Python\\Python314\\Lib\\site-packages\\matplotlib\\mpl-data\\fonts\\ttf\\DejaVuSerif-Bold.ttf', name='DejaVu Serif', style='normal', variant='normal', weight=700, stretch='normal', size='scalable')) = 10.05
15:55:49 [DEBUG   ] matplotlib.font_manager - findfont: score(FontEntry(fname='C:\\Users\\DELL\\AppData\\Local\\Programs\\Python\\Python314\\Lib\\site-packages\\matplotlib\\mpl-data\\fonts\\ttf\\STIXSizFourSymBol.ttf', name='STIXSizeFourSym', style='normal', variant='normal', weight=700, stretch='normal', size='scalable')) = 10.05
15:55:49 [DEBUG   ] matplotlib.font_manager - findfont: score(FontEntry(fname='C:\\Users\\DELL\\AppData\\Local\\Programs\\Python\\Python314\\Lib\\site-packages\\matplotlib\\mpl-data\\fonts\\ttf\\STIXSizThreeSymReg.ttf', name='STIXSizeThreeSym', style='normal', variant='normal', weight=400, stretch='normal', size='scalable')) = 10.335
15:55:49 [DEBUG   ] matplotlib.font_manager - findfont: score(FontEntry(fname='C:\\Users\\DELL\\AppData\\Local\\Programs\\Python\\Python314\\Lib\\site-packages\\matplotlib\\mpl-data\\fonts\\ttf\\DejaVuSansMono.ttf', name='DejaVu Sans Mono', style='normal', variant='normal', weight=400, stretch='normal', size='scalable')) = 10.335
15:55:49 [DEBUG   ] matplotlib.font_manager - findfont: score(FontEntry(fname='C:\\Users\\DELL\\AppData\\Local\\Programs\\Python\\Python314\\Lib\\site-packages\\matplotlib\\mpl-data\\fonts\\ttf\\cmmi10.ttf', name='cmmi10', style='normal', variant='normal', weight=400, stretch='normal', size='scalable')) = 10.335
15:55:49 [DEBUG   ] matplotlib.font_manager - findfont: score(FontEntry(fname='C:\\Users\\DELL\\AppData\\Local\\Programs\\Python\\Python314\\Lib\\site-packages\\matplotlib\\mpl-data\\fonts\\ttf\\STIXNonUniIta.ttf', name='STIXNonUnicode', style='italic', variant='normal', weight=400, stretch='normal', size='scalable')) = 11.335
15:55:49 [DEBUG   ] matplotlib.font_manager - findfont: score(FontEntry(fname='C:\\Users\\DELL\\AppData\\Local\\Programs\\Python\\Python314\\Lib\\site-packages\\matplotlib\\mpl-data\\fonts\\ttf\\STIXSizTwoSymReg.ttf', name='STIXSizeTwoSym', style='normal', variant='normal', weight=400, stretch='normal', size='scalable')) = 10.335
15:55:49 [DEBUG   ] matplotlib.font_manager - findfont: score(FontEntry(fname='C:\\Users\\DELL\\AppData\\Local\\Programs\\Python\\Python314\\Lib\\site-packages\\matplotlib\\mpl-data\\fonts\\ttf\\DejaVuSans.ttf', name='DejaVu Sans', style='normal', variant='normal', weight=400, stretch='normal', size='scalable')) = 0.33499999999999996
15:55:49 [DEBUG   ] matplotlib.font_manager - findfont: score(FontEntry(fname='C:\\Users\\DELL\\AppData\\Local\\Programs\\Python\\Python314\\Lib\\site-packages\\matplotlib\\mpl-data\\fonts\\ttf\\DejaVuSansMono-BoldOblique.ttf', name='DejaVu Sans Mono', style='oblique', variant='normal', weight=700, stretch='normal', size='scalable')) = 11.05
15:55:49 [DEBUG   ] matplotlib.font_manager - findfont: score(FontEntry(fname='C:\\Users\\DELL\\AppData\\Local\\Programs\\Python\\Python314\\Lib\\site-packages\\matplotlib\\mpl-data\\fonts\\ttf\\STIXGeneralBol.ttf', name='STIXGeneral', style='normal', variant='normal', weight=700, stretch='normal', size='scalable')) = 10.05
15:55:49 [DEBUG   ] matplotlib.font_manager - findfont: score(FontEntry(fname='C:\\Users\\DELL\\AppData\\Local\\Programs\\Python\\Python314\\Lib\\site-packages\\matplotlib\\mpl-data\\fonts\\ttf\\cmb10.ttf', name='cmb10', style='normal', variant='normal', weight=400, stretch='normal', size='scalable')) = 10.335
15:55:49 [DEBUG   ] matplotlib.font_manager - findfont: score(FontEntry(fname='C:\\Users\\DELL\\AppData\\Local\\Programs\\Python\\Python314\\Lib\\site-packages\\matplotlib\\mpl-data\\fonts\\ttf\\STIXGeneralBolIta.ttf', name='STIXGeneral', style='italic', variant='normal', weight=700, stretch='normal', size='scalable')) = 11.05
15:55:49 [DEBUG   ] matplotlib.font_manager - findfont: score(FontEntry(fname='C:\\Users\\DELL\\AppData\\Local\\Programs\\Python\\Python314\\Lib\\site-packages\\matplotlib\\mpl-data\\fonts\\ttf\\DejaVuSansMono-Oblique.ttf', name='DejaVu Sans Mono', style='oblique', variant='normal', weight=400, stretch='normal', size='scalable')) = 11.335
15:55:49 [DEBUG   ] matplotlib.font_manager - findfont: score(FontEntry(fname='C:\\Users\\DELL\\AppData\\Local\\Programs\\Python\\Python314\\Lib\\site-packages\\matplotlib\\mpl-data\\fonts\\ttf\\STIXSizFourSymReg.ttf', name='STIXSizeFourSym', style='normal', variant='normal', weight=400, stretch='normal', size='scalable')) = 10.335
15:55:49 [DEBUG   ] matplotlib.font_manager - findfont: score(FontEntry(fname='C:\\Users\\DELL\\AppData\\Local\\Programs\\Python\\Python314\\Lib\\site-packages\\matplotlib\\mpl-data\\fonts\\ttf\\STIXSizThreeSymBol.ttf', name='STIXSizeThreeSym', style='normal', variant='normal', weight=700, stretch='normal', size='scalable')) = 10.05
15:55:49 [DEBUG   ] matplotlib.font_manager - findfont: score(FontEntry(fname='C:\\Users\\DELL\\AppData\\Local\\Programs\\Python\\Python314\\Lib\\site-packages\\matplotlib\\mpl-data\\fonts\\ttf\\cmtt10.ttf', name='cmtt10', style='normal', variant='normal', weight=400, stretch='normal', size='scalable')) = 10.335
15:55:49 [DEBUG   ] matplotlib.font_manager - findfont: score(FontEntry(fname='C:\\Users\\DELL\\AppData\\Local\\Programs\\Python\\Python314\\Lib\\site-packages\\matplotlib\\mpl-data\\fonts\\ttf\\cmr10.ttf', name='cmr10', style='normal', variant='normal', weight=400, stretch='normal', size='scalable')) = 10.335
15:55:49 [DEBUG   ] matplotlib.font_manager - findfont: score(FontEntry(fname='C:\\Users\\DELL\\AppData\\Local\\Programs\\Python\\Python314\\Lib\\site-packages\\matplotlib\\mpl-data\\fonts\\ttf\\STIXSizFiveSymReg.ttf', name='STIXSizeFiveSym', style='normal', variant='normal', weight=400, stretch='normal', size='scalable')) = 10.335
15:55:49 [DEBUG   ] matplotlib.font_manager - findfont: score(FontEntry(fname='C:\\Users\\DELL\\AppData\\Local\\Programs\\Python\\Python314\\Lib\\site-packages\\matplotlib\\mpl-data\\fonts\\ttf\\cmsy10.ttf', name='cmsy10', style='normal', variant='normal', weight=400, stretch='normal', size='scalable')) = 10.335
15:55:49 [DEBUG   ] matplotlib.font_manager - findfont: score(FontEntry(fname='C:\\Users\\DELL\\AppData\\Local\\Programs\\Python\\Python314\\Lib\\site-packages\\matplotlib\\mpl-data\\fonts\\ttf\\DejaVuSansDisplay.ttf', name='DejaVu Sans Display', style='normal', variant='normal', weight=400, stretch='normal', size='scalable')) = 10.335
15:55:49 [DEBUG   ] matplotlib.font_manager - findfont: score(FontEntry(fname='C:\\Users\\DELL\\AppData\\Local\\Programs\\Python\\Python314\\Lib\\site-packages\\matplotlib\\mpl-data\\fonts\\ttf\\DejaVuSansMono-Bold.ttf', name='DejaVu Sans Mono', style='normal', variant='normal', weight=700, stretch='normal', size='scalable')) = 10.05
15:55:49 [DEBUG   ] matplotlib.font_manager - findfont: score(FontEntry(fname='C:\\Users\\DELL\\AppData\\Local\\Programs\\Python\\Python314\\Lib\\site-packages\\matplotlib\\mpl-data\\fonts\\ttf\\DejaVuSerifDisplay.ttf', name='DejaVu Serif Display', style='normal', variant='normal', weight=400, stretch='normal', size='scalable')) = 10.335
15:55:49 [DEBUG   ] matplotlib.font_manager - findfont: score(FontEntry(fname='C:\\Users\\DELL\\AppData\\Local\\Programs\\Python\\Python314\\Lib\\site-packages\\matplotlib\\mpl-data\\fonts\\ttf\\STIXSizOneSymBol.ttf', name='STIXSizeOneSym', style='normal', variant='normal', weight=700, stretch='normal', size='scalable')) = 10.05
15:55:49 [DEBUG   ] matplotlib.font_manager - findfont: score(FontEntry(fname='C:\\Users\\DELL\\AppData\\Local\\Programs\\Python\\Python314\\Lib\\site-packages\\matplotlib\\mpl-data\\fonts\\ttf\\STIXNonUniBol.ttf', name='STIXNonUnicode', style='normal', variant='normal', weight=700, stretch='normal', size='scalable')) = 10.05
15:55:49 [DEBUG   ] matplotlib.font_manager - findfont: score(FontEntry(fname='C:\\Users\\DELL\\AppData\\Local\\Programs\\Python\\Python314\\Lib\\site-packages\\matplotlib\\mpl-data\\fonts\\ttf\\DejaVuSans-BoldOblique.ttf', name='DejaVu Sans', style='oblique', variant='normal', weight=700, stretch='normal', size='scalable')) = 1.05
15:55:49 [DEBUG   ] matplotlib.font_manager - findfont: score(FontEntry(fname='C:\\Users\\DELL\\AppData\\Local\\Programs\\Python\\Python314\\Lib\\site-packages\\matplotlib\\mpl-data\\fonts\\ttf\\STIXNonUniBolIta.ttf', name='STIXNonUnicode', style='italic', variant='normal', weight=700, stretch='normal', size='scalable')) = 11.05
15:55:49 [DEBUG   ] matplotlib.font_manager - findfont: score(FontEntry(fname='C:\\Users\\DELL\\AppData\\Local\\Programs\\Python\\Python314\\Lib\\site-packages\\matplotlib\\mpl-data\\fonts\\ttf\\DejaVuSerif-Italic.ttf', name='DejaVu Serif', style='italic', variant='normal', weight=400, stretch='normal', size='scalable')) = 11.335
15:55:49 [DEBUG   ] matplotlib.font_manager - findfont: score(FontEntry(fname='C:\\Users\\DELL\\AppData\\Local\\Programs\\Python\\Python314\\Lib\\site-packages\\matplotlib\\mpl-data\\fonts\\ttf\\cmex10.ttf', name='cmex10', style='normal', variant='normal', weight=400, stretch='normal', size='scalable')) = 10.335
15:55:49 [DEBUG   ] matplotlib.font_manager - findfont: score(FontEntry(fname='C:\\Users\\DELL\\AppData\\Local\\Programs\\Python\\Python314\\Lib\\site-packages\\matplotlib\\mpl-data\\fonts\\ttf\\cmss10.ttf', name='cmss10', style='normal', variant='normal', weight=400, stretch='normal', size='scalable')) = 10.335
15:55:49 [DEBUG   ] matplotlib.font_manager - findfont: score(FontEntry(fname='C:\\Users\\DELL\\AppData\\Local\\Programs\\Python\\Python314\\Lib\\site-packages\\matplotlib\\mpl-data\\fonts\\ttf\\DejaVuSans-Bold.ttf', name='DejaVu Sans', style='normal', variant='normal', weight=700, stretch='normal', size='scalable')) = 0.05
15:55:49 [DEBUG   ] matplotlib.font_manager - findfont: score(FontEntry(fname='C:\\Users\\DELL\\AppData\\Local\\Programs\\Python\\Python314\\Lib\\site-packages\\matplotlib\\mpl-data\\fonts\\ttf\\DejaVuSans-Oblique.ttf', name='DejaVu Sans', style='oblique', variant='normal', weight=400, stretch='normal', size='scalable')) = 1.335
15:55:49 [DEBUG   ] matplotlib.font_manager - findfont: score(FontEntry(fname='C:\\Users\\DELL\\AppData\\Local\\Programs\\Python\\Python314\\Lib\\site-packages\\matplotlib\\mpl-data\\fonts\\ttf\\STIXSizOneSymReg.ttf', name='STIXSizeOneSym', style='normal', variant='normal', weight=400, stretch='normal', size='scalable')) = 10.335
15:55:49 [DEBUG   ] matplotlib.font_manager - findfont: score(FontEntry(fname='C:\\Users\\DELL\\AppData\\Local\\Programs\\Python\\Python314\\Lib\\site-packages\\matplotlib\\mpl-data\\fonts\\ttf\\DejaVuSerif-BoldItalic.ttf', name='DejaVu Serif', style='italic', variant='normal', weight=700, stretch='normal', size='scalable')) = 11.05
15:55:49 [DEBUG   ] matplotlib.font_manager - findfont: score(FontEntry(fname='C:\\Users\\DELL\\AppData\\Local\\Programs\\Python\\Python314\\Lib\\site-packages\\matplotlib\\mpl-data\\fonts\\ttf\\STIXNonUni.ttf', name='STIXNonUnicode', style='normal', variant='normal', weight=400, stretch='normal', size='scalable')) = 10.335
15:55:49 [DEBUG   ] matplotlib.font_manager - findfont: score(FontEntry(fname='C:\\Users\\DELL\\AppData\\Local\\Programs\\Python\\Python314\\Lib\\site-packages\\matplotlib\\mpl-data\\fonts\\ttf\\DejaVuSerif.ttf', name='DejaVu Serif', style='normal', variant='normal', weight=400, stretch='normal', size='scalable')) = 10.335
15:55:49 [DEBUG   ] matplotlib.font_manager - findfont: score(FontEntry(fname='C:\\Users\\DELL\\AppData\\Local\\Programs\\Python\\Python314\\Lib\\site-packages\\matplotlib\\mpl-data\\fonts\\ttf\\STIXGeneral.ttf', name='STIXGeneral', style='normal', variant='normal', weight=400, stretch='normal', size='scalable')) = 10.335
15:55:49 [DEBUG   ] matplotlib.font_manager - findfont: score(FontEntry(fname='C:\\Users\\DELL\\AppData\\Local\\Programs\\Python\\Python314\\Lib\\site-packages\\matplotlib\\mpl-data\\fonts\\ttf\\STIXGeneralItalic.ttf', name='STIXGeneral', style='italic', variant='normal', weight=400, stretch='normal', size='scalable')) = 11.335
15:55:49 [DEBUG   ] matplotlib.font_manager - findfont: score(FontEntry(fname='C:\\Users\\DELL\\AppData\\Local\\Programs\\Python\\Python314\\Lib\\site-packages\\matplotlib\\mpl-data\\fonts\\ttf\\STIXSizTwoSymBol.ttf', name='STIXSizeTwoSym', style='normal', variant='normal', weight=700, stretch='normal', size='scalable')) = 10.05
15:55:49 [DEBUG   ] matplotlib.font_manager - findfont: score(FontEntry(fname='C:\\Windows\\Fonts\\GOUDOSB.TTF', name='Goudy Old Style', style='normal', variant='normal', weight=700, stretch='normal', size='scalable')) = 10.05
15:55:49 [DEBUG   ] matplotlib.font_manager - findfont: score(FontEntry(fname='C:\\Windows\\Fonts\\GLECB.TTF', name='Gloucester MT Extra Condensed', style='normal', variant='normal', weight=400, stretch='condensed', size='scalable')) = 10.535
15:55:49 [DEBUG   ] matplotlib.font_manager - findfont: score(FontEntry(fname='C:\\Windows\\Fonts\\COLONNA.TTF', name='Colonna MT', style='normal', variant='normal', weight=400, stretch='normal', size='scalable')) = 10.335
15:55:49 [DEBUG   ] matplotlib.font_manager - findfont: score(FontEntry(fname='C:\\Windows\\Fonts\\CENTURY.TTF', name='Century', style='normal', variant='normal', weight=400, stretch='normal', size='scalable')) = 10.335
15:55:49 [DEBUG   ] matplotlib.font_manager - findfont: score(FontEntry(fname='C:\\Windows\\Fonts\\constani.ttf', name='Constantia', style='italic', variant='normal', weight=400, stretch='normal', size='scalable')) = 11.335
15:55:49 [DEBUG   ] matplotlib.font_manager - findfont: score(FontEntry(fname='C:\\Windows\\Fonts\\gadugi.ttf', name='Gadugi', style='normal', variant='normal', weight=400, stretch='normal', size='scalable')) = 10.335
15:55:49 [DEBUG   ] matplotlib.font_manager - findfont: score(FontEntry(fname='C:\\Windows\\Fonts\\segoepr.ttf', name='Segoe Print', style='normal', variant='normal', weight=400, stretch='normal', size='scalable')) = 10.335
15:55:49 [DEBUG   ] matplotlib.font_manager - findfont: score(FontEntry(fname='C:\\Windows\\Fonts\\tahoma.ttf', name='Tahoma', style='normal', variant='normal', weight=400, stretch='normal', size='scalable')) = 10.335
15:55:49 [DEBUG   ] matplotlib.font_manager - findfont: score(FontEntry(fname='C:\\Windows\\Fonts\\CALIFR.TTF', name='Californian FB', style='normal', variant='normal', weight=400, stretch='normal', size='scalable')) = 10.335
15:55:49 [DEBUG   ] matplotlib.font_manager - findfont: score(FontEntry(fname='C:\\Windows\\Fonts\\PRISTINA.TTF', name='Pristina', style='normal', variant='normal', weight=400, stretch='normal', size='scalable')) = 10.335
15:55:49 [DEBUG   ] matplotlib.font_manager - findfont: score(FontEntry(fname='C:\\Windows\\Fonts\\ANTQUAI.TTF', name='Book Antiqua', style='italic', variant='normal', weight=400, stretch='normal', size='scalable')) = 11.335
15:55:49 [DEBUG   ] matplotlib.font_manager - findfont: score(FontEntry(fname='C:\\Windows\\Fonts\\simsun.ttc', name='SimSun', style='normal', variant='normal', weight=400, stretch='normal', size='scalable')) = 10.335
15:55:49 [DEBUG   ] matplotlib.font_manager - findfont: score(FontEntry(fname='C:\\Windows\\Fonts\\GOUDOS.TTF', name='Goudy Old Style', style='normal', variant='normal', weight=400, stretch='normal', size='scalable')) = 10.335
15:55:49 [DEBUG   ] matplotlib.font_manager - findfont: score(FontEntry(fname='C:\\Windows\\Fonts\\msyhl.ttc', name='Microsoft YaHei', style='normal', variant='normal', weight=290, stretch='normal', size='scalable')) = 10.4395
15:55:49 [DEBUG   ] matplotlib.font_manager - findfont: score(FontEntry(fname='C:\\Windows\\Fonts\\timesbi.ttf', name='Times New Roman', style='italic', variant='normal', weight=700, stretch='normal', size='scalable')) = 11.05
15:55:49 [DEBUG   ] matplotlib.font_manager - findfont: score(FontEntry(fname='C:\\Windows\\Fonts\\CENTAUR.TTF', name='Centaur', style='normal', variant='normal', weight=400, stretch='normal', size='scalable')) = 10.335
15:55:49 [DEBUG   ] matplotlib.font_manager - findfont: score(FontEntry(fname='C:\\Windows\\Fonts\\comicz.ttf', name='Comic Sans MS', style='italic', variant='normal', weight=700, stretch='normal', size='scalable')) = 11.05
15:55:49 [DEBUG   ] matplotlib.font_manager - findfont: score(FontEntry(fname='C:\\Windows\\Fonts\\Gabriola.ttf', name='Gabriola', style='normal', variant='normal', weight=400, stretch='normal', size='scalable')) = 10.335
15:55:49 [DEBUG   ] matplotlib.font_manager - findfont: score(FontEntry(fname='C:\\Windows\\Fonts\\consolaz.ttf', name='Consolas', style='italic', variant='normal', weight=700, stretch='normal', size='scalable')) = 11.05
15:55:49 [DEBUG   ] matplotlib.font_manager - findfont: score(FontEntry(fname='C:\\Windows\\Fonts\\PARCHM.TTF', name='Parchment', style='normal', variant='normal', weight=400, stretch='normal', size='scalable')) = 10.335
15:55:49 [DEBUG   ] matplotlib.font_manager - findfont: score(FontEntry(fname='C:\\Windows\\Fonts\\BASKVILL.TTF', name='Baskerville Old Face', style='normal', variant='normal', weight=400, stretch='normal', size='scalable')) = 10.335
15:55:49 [DEBUG   ] matplotlib.font_manager - findfont: score(FontEntry(fname='C:\\Windows\\Fonts\\LeelUIsl.ttf', name='Leelawadee UI', style='normal', variant='normal', weight=350, stretch='normal', size='scalable')) = 10.3825
15:55:49 [DEBUG   ] matplotlib.font_manager - findfont: score(FontEntry(fname='C:\\Windows\\Fonts\\MTEXTRA.TTF', name='MT Extra', style='normal', variant='normal', weight=400, stretch='normal', size='scalable')) = 10.335
15:55:49 [DEBUG   ] matplotlib.font_manager - findfont: score(FontEntry(fname='C:\\Windows\\Fonts\\COOPBL.TTF', name='Cooper Black', style='normal', variant='normal', weight=400, stretch='normal', size='scalable')) = 10.335
15:55:49 [DEBUG   ] matplotlib.font_manager - findfont: score(FontEntry(fname='C:\\Windows\\Fonts\\verdanab.ttf', name='Verdana', style='normal', variant='normal', weight=700, stretch='normal', size='scalable')) = 3.6863636363636365
15:55:49 [DEBUG   ] matplotlib.font_manager - findfont: score(FontEntry(fname='C:\\Windows\\Fonts\\seguisb.ttf', name='Segoe UI', style='normal', variant='normal', weight=600, stretch='normal', size='scalable')) = 10.145
15:55:49 [DEBUG   ] matplotlib.font_manager - findfont: score(FontEntry(fname='C:\\Windows\\Fonts\\consolai.ttf', name='Consolas', style='italic', variant='normal', weight=400, stretch='normal', size='scalable')) = 11.335
15:55:49 [DEBUG   ] matplotlib.font_manager - findfont: score(FontEntry(fname='C:\\Program Files (x86)\\IBM\\SPSS\\Amos\\24\\JRE\\lib\\fonts\\LucidaSansRegular.ttf', name='Lucida Sans', style='normal', variant='normal', weight=400, stretch='normal', size='scalable')) = 10.335
15:55:49 [DEBUG   ] matplotlib.font_manager - findfont: score(FontEntry(fname='C:\\Windows\\Fonts\\GOTHICBI.TTF', name='Century Gothic', style='italic', variant='normal', weight=700, stretch='normal', size='scalable')) = 11.05
15:55:49 [DEBUG   ] matplotlib.font_manager - findfont: score(FontEntry(fname='C:\\Windows\\Fonts\\courbi.ttf', name='Courier New', style='italic', variant='normal', weight=700, stretch='normal', size='scalable')) = 11.05
15:55:49 [DEBUG   ] matplotlib.font_manager - findfont: score(FontEntry(fname='C:\\Windows\\Fonts\\corbel.ttf', name='Corbel', style='normal', variant='normal', weight=400, stretch='normal', size='scalable')) = 10.335
15:55:49 [DEBUG   ] matplotlib.font_manager - findfont: score(FontEntry(fname='C:\\Windows\\Fonts\\BKANT.TTF', name='Book Antiqua', style='normal', variant='normal', weight=400, stretch='normal', size='scalable')) = 10.335
15:55:49 [DEBUG   ] matplotlib.font_manager - findfont: score(FontEntry(fname='C:\\Windows\\Fonts\\LSANSD.TTF', name='Lucida Sans', style='normal', variant='normal', weight=600, stretch='normal', size='scalable')) = 10.145
15:55:49 [DEBUG   ] matplotlib.font_manager - findfont: score(FontEntry(fname='C:\\Windows\\Fonts\\BOD_BLAR.TTF', name='Bodoni MT', style='normal', variant='normal', weight=900, stretch='normal', size='scalable')) = 10.24
15:55:49 [DEBUG   ] matplotlib.font_manager - findfont: score(FontEntry(fname='C:\\Windows\\Fonts\\GOTHIC.TTF', name='Century Gothic', style='normal', variant='normal', weight=400, stretch='normal', size='scalable')) = 10.335
15:55:49 [DEBUG   ] matplotlib.font_manager - findfont: score(FontEntry(fname='C:\\Windows\\Fonts\\verdanai.ttf', name='Verdana', style='italic', variant='normal', weight=400, stretch='normal', size='scalable')) = 4.971363636363637
15:55:49 [DEBUG   ] matplotlib.font_manager - findfont: score(FontEntry(fname='C:\\Windows\\Fonts\\YuGothB.ttc', name='Yu Gothic', style='normal', variant='normal', weight=700, stretch='normal', size='scalable')) = 10.05
15:55:49 [DEBUG   ] matplotlib.font_manager - findfont: score(FontEntry(fname='C:\\Windows\\Fonts\\SansSerifCollection.ttf', name='Sans Serif Collection', style='normal', variant='normal', weight=400, stretch='normal', size='scalable')) = 10.335
15:55:49 [DEBUG   ] matplotlib.font_manager - findfont: score(FontEntry(fname='C:\\Windows\\Fonts\\TCCB____.TTF', name='Tw Cen MT Condensed', style='normal', variant='normal', weight=700, stretch='condensed', size='scalable')) = 10.25
15:55:49 [DEBUG   ] matplotlib.font_manager - findfont: score(FontEntry(fname='C:\\Windows\\Fonts\\LSANSI.TTF', name='Lucida Sans', style='italic', variant='normal', weight=400, stretch='normal', size='scalable')) = 11.335
15:55:49 [DEBUG   ] matplotlib.font_manager - findfont: score(FontEntry(fname='C:\\Windows\\Fonts\\RAGE.TTF', name='Rage Italic', style='italic', variant='normal', weight=400, stretch='normal', size='scalable')) = 11.335
15:55:49 [DEBUG   ] matplotlib.font_manager - findfont: score(FontEntry(fname='C:\\Program Files (x86)\\IBM\\SPSS\\Amos\\24\\JRE\\lib\\fonts\\LucidaBrightDemiItalic.ttf', name='Lucida Bright', style='italic', variant='normal', weight=700, stretch='normal', size='scalable')) = 11.05
15:55:49 [DEBUG   ] matplotlib.font_manager - findfont: score(FontEntry(fname='C:\\Windows\\Fonts\\timesbd.ttf', name='Times New Roman', style='normal', variant='normal', weight=700, stretch='normal', size='scalable')) = 10.05
15:55:49 [DEBUG   ] matplotlib.font_manager - findfont: score(FontEntry(fname='C:\\Windows\\Fonts\\webdings.ttf', name='Webdings', style='normal', variant='normal', weight=400, stretch='normal', size='scalable')) = 10.335
15:55:49 [DEBUG   ] matplotlib.font_manager - findfont: score(FontEntry(fname='C:\\Windows\\Fonts\\ERASLGHT.TTF', name='Eras Light ITC', style='normal', variant='normal', weight=400, stretch='normal', size='scalable')) = 10.335
15:55:49 [DEBUG   ] matplotlib.font_manager - findfont: score(FontEntry(fname='C:\\Windows\\Fonts\\segoesc.ttf', name='Segoe Script', style='normal', variant='normal', weight=400, stretch='normal', size='scalable')) = 10.335
15:55:49 [DEBUG   ] matplotlib.font_manager - findfont: score(FontEntry(fname='C:\\Windows\\Fonts\\BRADHITC.TTF', name='Bradley Hand ITC', style='normal', variant='normal', weight=400, stretch='normal', size='scalable')) = 10.335
15:55:49 [DEBUG   ] matplotlib.font_manager - findfont: score(FontEntry(fname='C:\\Windows\\Fonts\\timesi.ttf', name='Times New Roman', style='italic', variant='normal', weight=400, stretch='normal', size='scalable')) = 11.335
15:55:49 [DEBUG   ] matplotlib.font_manager - findfont: score(FontEntry(fname='C:\\Windows\\Fonts\\ROCKB.TTF', name='Rockwell', style='normal', variant='normal', weight=700, stretch='normal', size='scalable')) = 10.05
15:55:49 [DEBUG   ] matplotlib.font_manager - findfont: score(FontEntry(fname='C:\\Windows\\Fonts\\SHOWG.TTF', name='Showcard Gothic', style='normal', variant='normal', weight=400, stretch='normal', size='scalable')) = 10.335
15:55:49 [DEBUG   ] matplotlib.font_manager - findfont: score(FontEntry(fname='C:\\Windows\\Fonts\\trebucbd.ttf', name='Trebuchet MS', style='normal', variant='normal', weight=700, stretch='normal', size='scalable')) = 10.05
15:55:49 [DEBUG   ] matplotlib.font_manager - findfont: score(FontEntry(fname='C:\\Windows\\Fonts\\BOOKOSBI.TTF', name='Bookman Old Style', style='italic', variant='normal', weight=600, stretch='normal', size='scalable')) = 11.145
15:55:49 [DEBUG   ] matplotlib.font_manager - findfont: score(FontEntry(fname='C:\\Windows\\Fonts\\TCCEB.TTF', name='Tw Cen MT Condensed Extra Bold', style='normal', variant='normal', weight=400, stretch='condensed', size='scalable')) = 10.535
15:55:49 [DEBUG   ] matplotlib.font_manager - findfont: score(FontEntry(fname='C:\\Windows\\Fonts\\constan.ttf', name='Constantia', style='normal', variant='normal', weight=400, stretch='normal', size='scalable')) = 10.335
15:55:49 [DEBUG   ] matplotlib.font_manager - findfont: score(FontEntry(fname='C:\\Windows\\Fonts\\CALISTBI.TTF', name='Calisto MT', style='italic', variant='normal', weight=700, stretch='normal', size='scalable')) = 11.05
15:55:49 [DEBUG   ] matplotlib.font_manager - findfont: score(FontEntry(fname='C:\\Windows\\Fonts\\FRABK.TTF', name='Franklin Gothic Book', style='normal', variant='normal', weight=400, stretch='normal', size='scalable')) = 10.335
15:55:49 [DEBUG   ] matplotlib.font_manager - findfont: score(FontEntry(fname='C:\\Windows\\Fonts\\HATTEN.TTF', name='Haettenschweiler', style='normal', variant='normal', weight=400, stretch='normal', size='scalable')) = 10.335
15:55:49 [DEBUG   ] matplotlib.font_manager - findfont: score(FontEntry(fname='C:\\Windows\\Fonts\\ARIALNB.TTF', name='Arial', style='normal', variant='normal', weight=700, stretch='condensed', size='scalable')) = 6.613636363636363
15:55:49 [DEBUG   ] matplotlib.font_manager - findfont: score(FontEntry(fname='C:\\Windows\\Fonts\\malgunbd.ttf', name='Malgun Gothic', style='normal', variant='normal', weight=700, stretch='normal', size='scalable')) = 10.05
15:55:49 [DEBUG   ] matplotlib.font_manager - findfont: score(FontEntry(fname='C:\\Windows\\Fonts\\calibri.ttf', name='Calibri', style='normal', variant='normal', weight=400, stretch='normal', size='scalable')) = 10.335
15:55:49 [DEBUG   ] matplotlib.font_manager - findfont: score(FontEntry(fname='C:\\Windows\\Fonts\\TCBI____.TTF', name='Tw Cen MT', style='italic', variant='normal', weight=700, stretch='normal', size='scalable')) = 11.05
15:55:49 [DEBUG   ] matplotlib.font_manager - findfont: score(FontEntry(fname='C:\\Windows\\Fonts\\LEELAWDB.TTF', name='Leelawadee', style='normal', variant='normal', weight=700, stretch='normal', size='scalable')) = 10.05
15:55:49 [DEBUG   ] matplotlib.font_manager - findfont: score(FontEntry(fname='C:\\Windows\\Fonts\\verdanaz.ttf', name='Verdana', style='italic', variant='normal', weight=700, stretch='normal', size='scalable')) = 4.6863636363636365
15:55:49 [DEBUG   ] matplotlib.font_manager - findfont: score(FontEntry(fname='C:\\Windows\\Fonts\\SimsunExtG.ttf', name='SimSun-ExtG', style='normal', variant='normal', weight=400, stretch='normal', size='scalable')) = 10.335
15:55:49 [DEBUG   ] matplotlib.font_manager - findfont: score(FontEntry(fname='C:\\Windows\\Fonts\\DUBAI-MEDIUM.TTF', name='Dubai', style='normal', variant='normal', weight=500, stretch='normal', size='scalable')) = 10.24
15:55:49 [DEBUG   ] matplotlib.font_manager - findfont: score(FontEntry(fname='C:\\Windows\\Fonts\\seguisym.ttf', name='Segoe UI Symbol', style='normal', variant='normal', weight=400, stretch='normal', size='scalable')) = 10.335
15:55:49 [DEBUG   ] matplotlib.font_manager - findfont: score(FontEntry(fname='C:\\Windows\\Fonts\\cambriai.ttf', name='Cambria', style='italic', variant='normal', weight=400, stretch='normal', size='scalable')) = 11.335
15:55:49 [DEBUG   ] matplotlib.font_manager - findfont: score(FontEntry(fname='C:\\Windows\\Fonts\\PAPYRUS.TTF', name='Papyrus', style='normal', variant='normal', weight=400, stretch='normal', size='scalable')) = 10.335
15:55:49 [DEBUG   ] matplotlib.font_manager - findfont: score(FontEntry(fname='C:\\Windows\\Fonts\\MSUIGHUB.TTF', name='Microsoft Uighur', style='normal', variant='normal', weight=700, stretch='normal', size='scalable')) = 10.05
15:55:49 [DEBUG   ] matplotlib.font_manager - findfont: score(FontEntry(fname='C:\\Windows\\Fonts\\MOD20.TTF', name='Modern No. 20', style='normal', variant='normal', weight=400, stretch='normal', size='scalable')) = 10.335
15:55:49 [DEBUG   ] matplotlib.font_manager - findfont: score(FontEntry(fname='C:\\Program Files (x86)\\IBM\\SPSS\\Amos\\24\\JRE\\lib\\fonts\\LucidaSansDemiBold.ttf', name='Lucida Sans', style='normal', variant='normal', weight=700, stretch='normal', size='scalable')) = 10.05
15:55:49 [DEBUG   ] matplotlib.font_manager - findfont: score(FontEntry(fname='C:\\Windows\\Fonts\\RAVIE.TTF', name='Ravie', style='normal', variant='normal', weight=400, stretch='normal', size='scalable')) = 10.335
15:55:49 [DEBUG   ] matplotlib.font_manager - findfont: score(FontEntry(fname='C:\\Windows\\Fonts\\PERTIBD.TTF', name='Perpetua Titling MT', style='normal', variant='normal', weight=700, stretch='normal', size='scalable')) = 10.05
15:55:49 [DEBUG   ] matplotlib.font_manager - findfont: score(FontEntry(fname='C:\\Windows\\Fonts\\LHANDW.TTF', name='Lucida Handwriting', style='italic', variant='normal', weight=400, stretch='normal', size='scalable')) = 11.335
15:55:49 [DEBUG   ] matplotlib.font_manager - findfont: score(FontEntry(fname='C:\\Windows\\Fonts\\FRABKIT.TTF', name='Franklin Gothic Book', style='italic', variant='normal', weight=400, stretch='normal', size='scalable')) = 11.335
15:55:49 [DEBUG   ] matplotlib.font_manager - findfont: score(FontEntry(fname='C:\\Program Files (x86)\\Adobe\\Acrobat DC\\Resource\\Font\\AdobeDevanagari-Italic.otf', name='Adobe Devanagari', style='italic', variant='normal', weight=400, stretch='normal', size='scalable')) = 11.335
15:55:49 [DEBUG   ] matplotlib.font_manager - findfont: score(FontEntry(fname='C:\\Windows\\Fonts\\taile.ttf', name='Microsoft Tai Le', style='normal', variant='normal', weight=400, stretch='normal', size='scalable')) = 10.335
15:55:49 [DEBUG   ] matplotlib.font_manager - findfont: score(FontEntry(fname='C:\\Windows\\Fonts\\segoeuisl.ttf', name='Segoe UI', style='normal', variant='normal', weight=350, stretch='normal', size='scalable')) = 10.3825
15:55:49 [DEBUG   ] matplotlib.font_manager - findfont: score(FontEntry(fname='C:\\Windows\\Fonts\\MSUIGHUR.TTF', name='Microsoft Uighur', style='normal', variant='normal', weight=400, stretch='normal', size='scalable')) = 10.335
15:55:49 [DEBUG   ] matplotlib.font_manager - findfont: score(FontEntry(fname='C:\\Windows\\Fonts\\NIAGENG.TTF', name='Niagara Engraved', style='normal', variant='normal', weight=400, stretch='normal', size='scalable')) = 10.335
15:55:49 [DEBUG   ] matplotlib.font_manager - findfont: score(FontEntry(fname='C:\\Windows\\Fonts\\KUNSTLER.TTF', name='Kunstler Script', style='normal', variant='normal', weight=400, stretch='normal', size='scalable')) = 10.335
15:55:49 [DEBUG   ] matplotlib.font_manager - findfont: score(FontEntry(fname='C:\\Windows\\Fonts\\PERBI___.TTF', name='Perpetua', style='italic', variant='normal', weight=700, stretch='normal', size='scalable')) = 11.05
15:55:49 [DEBUG   ] matplotlib.font_manager - findfont: score(FontEntry(fname='C:\\Windows\\Fonts\\ELEPHNT.TTF', name='Elephant', style='normal', variant='normal', weight=400, stretch='normal', size='scalable')) = 10.335
15:55:49 [DEBUG   ] matplotlib.font_manager - findfont: score(FontEntry(fname='C:\\Windows\\Fonts\\GARA.TTF', name='Garamond', style='normal', variant='normal', weight=400, stretch='normal', size='scalable')) = 10.335
15:55:49 [DEBUG   ] matplotlib.font_manager - findfont: score(FontEntry(fname='C:\\Windows\\Fonts\\msyh.ttc', name='Microsoft YaHei', style='normal', variant='normal', weight=400, stretch='normal', size='scalable')) = 10.335
15:55:49 [DEBUG   ] matplotlib.font_manager - findfont: score(FontEntry(fname='C:\\Windows\\Fonts\\LEELAWAD.TTF', name='Leelawadee', style='normal', variant='normal', weight=400, stretch='normal', size='scalable')) = 10.335
15:55:49 [DEBUG   ] matplotlib.font_manager - findfont: score(FontEntry(fname='C:\\Windows\\Fonts\\constanb.ttf', name='Constantia', style='normal', variant='normal', weight=700, stretch='normal', size='scalable')) = 10.05
15:55:49 [DEBUG   ] matplotlib.font_manager - findfont: score(FontEntry(fname='C:\\Windows\\Fonts\\BOD_CR.TTF', name='Bodoni MT', style='normal', variant='normal', weight=400, stretch='condensed', size='scalable')) = 10.535
15:55:49 [DEBUG   ] matplotlib.font_manager - findfont: score(FontEntry(fname='C:\\Windows\\Fonts\\TCCM____.TTF', name='Tw Cen MT Condensed', style='normal', variant='normal', weight=400, stretch='condensed', size='scalable')) = 10.535
15:55:49 [DEBUG   ] matplotlib.font_manager - findfont: score(FontEntry(fname='C:\\Windows\\Fonts\\OCRAEXT.TTF', name='OCR A Extended', style='normal', variant='normal', weight=400, stretch='expanded', size='scalable')) = 10.535
15:55:49 [DEBUG   ] matplotlib.font_manager - findfont: score(FontEntry(fname='C:\\Windows\\Fonts\\IMPRISHA.TTF', name='Imprint MT Shadow', style='normal', variant='normal', weight=400, stretch='normal', size='scalable')) = 10.335
15:55:49 [DEBUG   ] matplotlib.font_manager - findfont: score(FontEntry(fname='C:\\Windows\\Fonts\\symbol.ttf', name='Symbol', style='normal', variant='normal', weight=400, stretch='normal', size='scalable')) = 10.335
15:55:49 [DEBUG   ] matplotlib.font_manager - findfont: score(FontEntry(fname='C:\\Windows\\Fonts\\constanz.ttf', name='Constantia', style='italic', variant='normal', weight=700, stretch='normal', size='scalable')) = 11.05
15:55:49 [DEBUG   ] matplotlib.font_manager - findfont: score(FontEntry(fname='C:\\Windows\\Fonts\\Inkfree.ttf', name='Ink Free', style='normal', variant='normal', weight=400, stretch='normal', size='scalable')) = 10.335
15:55:49 [DEBUG   ] matplotlib.font_manager - findfont: score(FontEntry(fname='C:\\Windows\\Fonts\\GILLUBCD.TTF', name='Gill Sans Ultra Bold Condensed', style='normal', variant='normal', weight=400, stretch='condensed', size='scalable')) = 10.535
15:55:49 [DEBUG   ] matplotlib.font_manager - findfont: score(FontEntry(fname='C:\\Windows\\Fonts\\HARLOWSI.TTF', name='Harlow Solid Italic', style='italic', variant='normal', weight=400, stretch='normal', size='scalable')) = 11.335
15:55:49 [DEBUG   ] matplotlib.font_manager - findfont: score(FontEntry(fname='C:\\Windows\\Fonts\\taileb.ttf', name='Microsoft Tai Le', style='normal', variant='normal', weight=700, stretch='normal', size='scalable')) = 10.05
15:55:49 [DEBUG   ] matplotlib.font_manager - findfont: score(FontEntry(fname='C:\\Program Files (x86)\\IBM\\SPSS\\Amos\\24\\JRE\\lib\\fonts\\LucidaBrightDemiBold.ttf', name='Lucida Bright', style='normal', variant='normal', weight=700, stretch='normal', size='scalable')) = 10.05
15:55:49 [DEBUG   ] matplotlib.font_manager - findfont: score(FontEntry(fname='C:\\Windows\\Fonts\\STENCIL.TTF', name='Stencil', style='normal', variant='normal', weight=400, stretch='normal', size='scalable')) = 10.335
15:55:49 [DEBUG   ] matplotlib.font_manager - findfont: score(FontEntry(fname='C:\\Windows\\Fonts\\BRITANIC.TTF', name='Britannic Bold', style='normal', variant='normal', weight=400, stretch='normal', size='scalable')) = 10.335
15:55:49 [DEBUG   ] matplotlib.font_manager - findfont: score(FontEntry(fname='C:\\Windows\\Fonts\\malgun.ttf', name='Malgun Gothic', style='normal', variant='normal', weight=400, stretch='normal', size='scalable')) = 10.335
15:55:49 [DEBUG   ] matplotlib.font_manager - findfont: score(FontEntry(fname='C:\\Windows\\Fonts\\ntailu.ttf', name='Microsoft New Tai Lue', style='normal', variant='normal', weight=400, stretch='normal', size='scalable')) = 10.335
15:55:49 [DEBUG   ] matplotlib.font_manager - findfont: score(FontEntry(fname='C:\\Windows\\Fonts\\BRLNSR.TTF', name='Berlin Sans FB', style='normal', variant='normal', weight=400, stretch='normal', size='scalable')) = 10.335
15:55:49 [DEBUG   ] matplotlib.font_manager - findfont: score(FontEntry(fname='C:\\Windows\\Fonts\\mingliub.ttc', name='MingLiU-ExtB', style='normal', variant='normal', weight=400, stretch='normal', size='scalable')) = 10.335
15:55:49 [DEBUG   ] matplotlib.font_manager - findfont: score(FontEntry(fname='C:\\Windows\\Fonts\\BOOKOS.TTF', name='Bookman Old Style', style='normal', variant='normal', weight=300, stretch='normal', size='scalable')) = 10.43
15:55:49 [DEBUG   ] matplotlib.font_manager - findfont: score(FontEntry(fname='C:\\Windows\\Fonts\\GILSANUB.TTF', name='Gill Sans Ultra Bold', style='normal', variant='normal', weight=400, stretch='normal', size='scalable')) = 10.335
15:55:49 [DEBUG   ] matplotlib.font_manager - findfont: score(FontEntry(fname='C:\\Windows\\Fonts\\calibril.ttf', name='Calibri', style='normal', variant='normal', weight=300, stretch='normal', size='scalable')) = 10.43
15:55:49 [DEBUG   ] matplotlib.font_manager - findfont: score(FontEntry(fname='C:\\Windows\\Fonts\\WINGDNG2.TTF', name='Wingdings 2', style='normal', variant='normal', weight=400, stretch='normal', size='scalable')) = 10.335
15:55:49 [DEBUG   ] matplotlib.font_manager - findfont: score(FontEntry(fname='C:\\Windows\\Fonts\\FRAMDCN.TTF', name='Franklin Gothic Medium Cond', style='normal', variant='normal', weight=400, stretch='condensed', size='scalable')) = 10.535
15:55:49 [DEBUG   ] matplotlib.font_manager - findfont: score(FontEntry(fname='C:\\Windows\\Fonts\\BAUHS93.TTF', name='Bauhaus 93', style='normal', variant='normal', weight=400, stretch='normal', size='scalable')) = 10.335
15:55:49 [DEBUG   ] matplotlib.font_manager - findfont: score(FontEntry(fname='C:\\Windows\\Fonts\\ebrimabd.ttf', name='Ebrima', style='normal', variant='normal', weight=700, stretch='normal', size='scalable')) = 10.05
15:55:49 [DEBUG   ] matplotlib.font_manager - findfont: score(FontEntry(fname='C:\\Windows\\Fonts\\LFAXD.TTF', name='Lucida Fax', style='normal', variant='normal', weight=600, stretch='normal', size='scalable')) = 10.145
15:55:49 [DEBUG   ] matplotlib.font_manager - findfont: score(FontEntry(fname='C:\\Windows\\Fonts\\framd.ttf', name='Franklin Gothic Medium', style='normal', variant='normal', weight=400, stretch='normal', size='scalable')) = 10.335
15:55:49 [DEBUG   ] matplotlib.font_manager - findfont: score(FontEntry(fname='C:\\Windows\\Fonts\\ANTQUABI.TTF', name='Book Antiqua', style='italic', variant='normal', weight=700, stretch='normal', size='scalable')) = 11.05
15:55:49 [DEBUG   ] matplotlib.font_manager - findfont: score(FontEntry(fname='C:\\Windows\\Fonts\\mmrtext.ttf', name='Myanmar Text', style='normal', variant='normal', weight=400, stretch='normal', size='scalable')) = 10.335
15:55:49 [DEBUG   ] matplotlib.font_manager - findfont: score(FontEntry(fname='C:\\Windows\\Fonts\\GOTHICI.TTF', name='Century Gothic', style='italic', variant='normal', weight=400, stretch='normal', size='scalable')) = 11.335
15:55:49 [DEBUG   ] matplotlib.font_manager - findfont: score(FontEntry(fname='C:\\Windows\\Fonts\\ANTQUAB.TTF', name='Book Antiqua', style='normal', variant='normal', weight=700, stretch='normal', size='scalable')) = 10.05
15:55:49 [DEBUG   ] matplotlib.font_manager - findfont: score(FontEntry(fname='C:\\Windows\\Fonts\\GOTHICB.TTF', name='Century Gothic', style='normal', variant='normal', weight=700, stretch='normal', size='scalable')) = 10.05
15:55:49 [DEBUG   ] matplotlib.font_manager - findfont: score(FontEntry(fname='C:\\Windows\\Fonts\\arialbi.ttf', name='Arial', style='italic', variant='normal', weight=700, stretch='normal', size='scalable')) = 7.413636363636363
15:55:49 [DEBUG   ] matplotlib.font_manager - findfont: score(FontEntry(fname='C:\\Windows\\Fonts\\WINGDNG3.TTF', name='Wingdings 3', style='normal', variant='normal', weight=400, stretch='normal', size='scalable')) = 10.335
15:55:49 [DEBUG   ] matplotlib.font_manager - findfont: score(FontEntry(fname='C:\\Windows\\Fonts\\cour.ttf', name='Courier New', style='normal', variant='normal', weight=400, stretch='normal', size='scalable')) = 10.335
15:55:49 [DEBUG   ] matplotlib.font_manager - findfont: score(FontEntry(fname='C:\\Windows\\Fonts\\verdana.ttf', name='Verdana', style='normal', variant='normal', weight=400, stretch='normal', size='scalable')) = 3.9713636363636367
15:55:49 [DEBUG   ] matplotlib.font_manager - findfont: score(FontEntry(fname='C:\\Windows\\Fonts\\SegoeIcons.ttf', name='Segoe Fluent Icons', style='normal', variant='normal', weight=400, stretch='normal', size='scalable')) = 10.335
15:55:49 [DEBUG   ] matplotlib.font_manager - findfont: score(FontEntry(fname='C:\\Windows\\Fonts\\VINERITC.TTF', name='Viner Hand ITC', style='normal', variant='normal', weight=400, stretch='normal', size='scalable')) = 10.335
15:55:49 [DEBUG   ] matplotlib.font_manager - findfont: score(FontEntry(fname='C:\\Windows\\Fonts\\msjhl.ttc', name='Microsoft JhengHei', style='normal', variant='normal', weight=290, stretch='normal', size='scalable')) = 10.4395
15:55:49 [DEBUG   ] matplotlib.font_manager - findfont: score(FontEntry(fname='C:\\Windows\\Fonts\\segoeuiz.ttf', name='Segoe UI', style='italic', variant='normal', weight=700, stretch='normal', size='scalable')) = 11.05
15:55:49 [DEBUG   ] matplotlib.font_manager - findfont: score(FontEntry(fname='C:\\Windows\\Fonts\\simsunb.ttf', name='SimSun-ExtB', style='normal', variant='normal', weight=400, stretch='normal', size='scalable')) = 10.335
15:55:49 [DEBUG   ] matplotlib.font_manager - findfont: score(FontEntry(fname='C:\\Program Files (x86)\\Adobe\\Acrobat DC\\Resource\\Font\\AdobeDevanagari-BoldItalic.otf', name='Adobe Devanagari', style='italic', variant='normal', weight=700, stretch='normal', size='scalable')) = 11.05
15:55:49 [DEBUG   ] matplotlib.font_manager - findfont: score(FontEntry(fname='C:\\Windows\\Fonts\\ebrima.ttf', name='Ebrima', style='normal', variant='normal', weight=400, stretch='normal', size='scalable')) = 10.335
15:55:49 [DEBUG   ] matplotlib.font_manager - findfont: score(FontEntry(fname='C:\\Windows\\Fonts\\seguibl.ttf', name='Segoe UI', style='normal', variant='normal', weight=900, stretch='normal', size='scalable')) = 10.24
15:55:49 [DEBUG   ] matplotlib.font_manager - findfont: score(FontEntry(fname='C:\\Windows\\Fonts\\OLDENGL.TTF', name='Old English Text MT', style='normal', variant='normal', weight=400, stretch='normal', size='scalable')) = 10.335
15:55:49 [DEBUG   ] matplotlib.font_manager - findfont: score(FontEntry(fname='C:\\Windows\\Fonts\\MISTRAL.TTF', name='Mistral', style='normal', variant='normal', weight=400, stretch='normal', size='scalable')) = 10.335
15:55:49 [DEBUG   ] matplotlib.font_manager - findfont: score(FontEntry(fname='C:\\Windows\\Fonts\\LATINWD.TTF', name='Wide Latin', style='normal', variant='normal', weight=400, stretch='expanded', size='scalable')) = 10.535
15:55:49 [DEBUG   ] matplotlib.font_manager - findfont: score(FontEntry(fname='C:\\Windows\\Fonts\\ariali.ttf', name='Arial', style='italic', variant='normal', weight=400, stretch='normal', size='scalable')) = 7.698636363636363
15:55:49 [DEBUG   ] matplotlib.font_manager - findfont: score(FontEntry(fname='C:\\Windows\\Fonts\\bahnschrift.ttf', name='Bahnschrift', style='normal', variant='normal', weight=400, stretch='normal', size='scalable')) = 10.335
15:55:49 [DEBUG   ] matplotlib.font_manager - findfont: score(FontEntry(fname='C:\\Windows\\Fonts\\gadugib.ttf', name='Gadugi', style='normal', variant='normal', weight=700, stretch='normal', size='scalable')) = 10.05
15:55:49 [DEBUG   ] matplotlib.font_manager - findfont: score(FontEntry(fname='C:\\Windows\\Fonts\\BELL.TTF', name='Bell MT', style='normal', variant='normal', weight=400, stretch='normal', size='scalable')) = 10.335
15:55:49 [DEBUG   ] matplotlib.font_manager - findfont: score(FontEntry(fname='C:\\Windows\\Fonts\\FREESCPT.TTF', name='Freestyle Script', style='normal', variant='normal', weight=400, stretch='normal', size='scalable')) = 10.335
15:55:49 [DEBUG   ] matplotlib.font_manager - findfont: score(FontEntry(fname='C:\\Windows\\Fonts\\ROCKBI.TTF', name='Rockwell', style='italic', variant='normal', weight=700, stretch='normal', size='scalable')) = 11.05
15:55:49 [DEBUG   ] matplotlib.font_manager - findfont: score(FontEntry(fname='C:\\Windows\\Fonts\\MAGNETOB.TTF', name='Magneto', style='normal', variant='normal', weight=700, stretch='normal', size='scalable')) = 10.05
15:55:49 [DEBUG   ] matplotlib.font_manager - findfont: score(FontEntry(fname='C:\\Windows\\Fonts\\msjhbd.ttc', name='Microsoft JhengHei', style='normal', variant='normal', weight=700, stretch='normal', size='scalable')) = 10.05
15:55:49 [DEBUG   ] matplotlib.font_manager - findfont: score(FontEntry(fname='C:\\Windows\\Fonts\\palab.ttf', name='Palatino Linotype', style='normal', variant='normal', weight=700, stretch='normal', size='scalable')) = 10.05
15:55:49 [DEBUG   ] matplotlib.font_manager - findfont: score(FontEntry(fname='C:\\Windows\\Fonts\\DUBAI-REGULAR.TTF', name='Dubai', style='normal', variant='normal', weight=400, stretch='normal', size='scalable')) = 10.335
15:55:49 [DEBUG   ] matplotlib.font_manager - findfont: score(FontEntry(fname='C:\\Windows\\Fonts\\msjh.ttc', name='Microsoft JhengHei', style='normal', variant='normal', weight=400, stretch='normal', size='scalable')) = 10.335
15:55:49 [DEBUG   ] matplotlib.font_manager - findfont: score(FontEntry(fname='C:\\Windows\\Fonts\\MAIAN.TTF', name='Maiandra GD', style='normal', variant='normal', weight=400, stretch='normal', size='scalable')) = 10.335
15:55:49 [DEBUG   ] matplotlib.font_manager - findfont: score(FontEntry(fname='C:\\Windows\\Fonts\\FRSCRIPT.TTF', name='French Script MT', style='normal', variant='normal', weight=400, stretch='normal', size='scalable')) = 10.335
15:55:49 [DEBUG   ] matplotlib.font_manager - findfont: score(FontEntry(fname='C:\\Program Files (x86)\\IBM\\SPSS\\Amos\\24\\JRE\\lib\\fonts\\LucidaTypewriterRegular.ttf', name='Lucida Sans Typewriter', style='normal', variant='normal', weight=400, stretch='normal', size='scalable')) = 10.335
15:55:49 [DEBUG   ] matplotlib.font_manager - findfont: score(FontEntry(fname='C:\\Windows\\Fonts\\cambria.ttc', name='Cambria', style='normal', variant='normal', weight=400, stretch='normal', size='scalable')) = 10.335
15:55:49 [DEBUG   ] matplotlib.font_manager - findfont: score(FontEntry(fname='C:\\Windows\\Fonts\\msyhbd.ttc', name='Microsoft YaHei', style='normal', variant='normal', weight=700, stretch='normal', size='scalable')) = 10.05
15:55:49 [DEBUG   ] matplotlib.font_manager - findfont: score(FontEntry(fname='C:\\Windows\\Fonts\\FRADMIT.TTF', name='Franklin Gothic Demi', style='italic', variant='normal', weight=400, stretch='normal', size='scalable')) = 11.335
15:55:49 [DEBUG   ] matplotlib.font_manager - findfont: score(FontEntry(fname='C:\\Windows\\Fonts\\phagspab.ttf', name='Microsoft PhagsPa', style='normal', variant='normal', weight=700, stretch='normal', size='scalable')) = 10.05
15:55:49 [DEBUG   ] matplotlib.font_manager - findfont: score(FontEntry(fname='C:\\Windows\\Fonts\\TCMI____.TTF', name='Tw Cen MT', style='italic', variant='normal', weight=400, stretch='normal', size='scalable')) = 11.335
15:55:49 [DEBUG   ] matplotlib.font_manager - findfont: score(FontEntry(fname='C:\\Windows\\Fonts\\BOD_CBI.TTF', name='Bodoni MT', style='italic', variant='normal', weight=700, stretch='condensed', size='scalable')) = 11.25
15:55:49 [DEBUG   ] matplotlib.font_manager - findfont: score(FontEntry(fname='C:\\Windows\\Fonts\\calibriz.ttf', name='Calibri', style='italic', variant='normal', weight=700, stretch='normal', size='scalable')) = 11.05
15:55:49 [DEBUG   ] matplotlib.font_manager - findfont: score(FontEntry(fname='C:\\Windows\\Fonts\\seguibli.ttf', name='Segoe UI', style='italic', variant='normal', weight=900, stretch='normal', size='scalable')) = 11.24
15:55:49 [DEBUG   ] matplotlib.font_manager - findfont: score(FontEntry(fname='C:\\Windows\\Fonts\\courbd.ttf', name='Courier New', style='normal', variant='normal', weight=700, stretch='normal', size='scalable')) = 10.05
15:55:49 [DEBUG   ] matplotlib.font_manager - findfont: score(FontEntry(fname='C:\\Windows\\Fonts\\BOD_PSTC.TTF', name='Bodoni MT', style='normal', variant='normal', weight=300, stretch='normal', size='scalable')) = 10.43
15:55:49 [DEBUG   ] matplotlib.font_manager - findfont: score(FontEntry(fname='C:\\Windows\\Fonts\\cambriab.ttf', name='Cambria', style='normal', variant='normal', weight=700, stretch='normal', size='scalable')) = 10.05
15:55:49 [DEBUG   ] matplotlib.font_manager - findfont: score(FontEntry(fname='C:\\Windows\\Fonts\\georgiai.ttf', name='Georgia', style='italic', variant='normal', weight=400, stretch='normal', size='scalable')) = 11.335
15:55:49 [DEBUG   ] matplotlib.font_manager - findfont: score(FontEntry(fname='C:\\Windows\\Fonts\\CALIFI.TTF', name='Californian FB', style='italic', variant='normal', weight=400, stretch='normal', size='scalable')) = 11.335
15:55:49 [DEBUG   ] matplotlib.font_manager - findfont: score(FontEntry(fname='C:\\Windows\\Fonts\\mmrtextb.ttf', name='Myanmar Text', style='normal', variant='normal', weight=700, stretch='normal', size='scalable')) = 10.05
15:55:49 [DEBUG   ] matplotlib.font_manager - findfont: score(FontEntry(fname='C:\\Windows\\Fonts\\SCHLBKB.TTF', name='Century Schoolbook', style='normal', variant='normal', weight=700, stretch='normal', size='scalable')) = 10.05
15:55:49 [DEBUG   ] matplotlib.font_manager - findfont: score(FontEntry(fname='C:\\Windows\\Fonts\\OUTLOOK.TTF', name='MS Outlook', style='normal', variant='normal', weight=400, stretch='normal', size='scalable')) = 10.335
15:55:49 [DEBUG   ] matplotlib.font_manager - findfont: score(FontEntry(fname='C:\\Windows\\Fonts\\georgia.ttf', name='Georgia', style='normal', variant='normal', weight=400, stretch='normal', size='scalable')) = 10.335
15:55:49 [DEBUG   ] matplotlib.font_manager - findfont: score(FontEntry(fname='C:\\Windows\\Fonts\\BELLB.TTF', name='Bell MT', style='normal', variant='normal', weight=700, stretch='normal', size='scalable')) = 10.05
15:55:49 [DEBUG   ] matplotlib.font_manager - findfont: score(FontEntry(fname='C:\\Windows\\Fonts\\ERASDEMI.TTF', name='Eras Demi ITC', style='normal', variant='normal', weight=400, stretch='normal', size='scalable')) = 10.335
15:55:49 [DEBUG   ] matplotlib.font_manager - findfont: score(FontEntry(fname='C:\\Windows\\Fonts\\framdit.ttf', name='Franklin Gothic Medium', style='italic', variant='normal', weight=400, stretch='normal', size='scalable')) = 11.335
15:55:49 [DEBUG   ] matplotlib.font_manager - findfont: score(FontEntry(fname='C:\\Windows\\Fonts\\GOUDYSTO.TTF', name='Goudy Stout', style='normal', variant='normal', weight=400, stretch='normal', size='scalable')) = 10.335
15:55:49 [DEBUG   ] matplotlib.font_manager - findfont: score(FontEntry(fname='C:\\Windows\\Fonts\\CALIST.TTF', name='Calisto MT', style='normal', variant='normal', weight=400, stretch='normal', size='scalable')) = 10.335
15:55:49 [DEBUG   ] matplotlib.font_manager - findfont: score(FontEntry(fname='C:\\Program Files (x86)\\IBM\\SPSS\\Amos\\24\\JRE\\lib\\fonts\\LucidaBrightItalic.ttf', name='Lucida Bright', style='italic', variant='normal', weight=400, stretch='normal', size='scalable')) = 11.335
15:55:49 [DEBUG   ] matplotlib.font_manager - findfont: score(FontEntry(fname='C:\\Windows\\Fonts\\CHILLER.TTF', name='Chiller', style='normal', variant='normal', weight=400, stretch='normal', size='scalable')) = 10.335
15:55:49 [DEBUG   ] matplotlib.font_manager - findfont: score(FontEntry(fname='C:\\Windows\\Fonts\\ZWAdobeF.TTF', name='ZWAdobeF', style='normal', variant='normal', weight=400, stretch='normal', size='scalable')) = 10.335
15:55:49 [DEBUG   ] matplotlib.font_manager - findfont: score(FontEntry(fname='C:\\Windows\\Fonts\\monbaiti.ttf', name='Mongolian Baiti', style='normal', variant='normal', weight=400, stretch='normal', size='scalable')) = 10.335
15:55:49 [DEBUG   ] matplotlib.font_manager - findfont: score(FontEntry(fname='C:\\Windows\\Fonts\\GILI____.TTF', name='Gill Sans MT', style='italic', variant='normal', weight=400, stretch='normal', size='scalable')) = 11.335
15:55:49 [DEBUG   ] matplotlib.font_manager - findfont: score(FontEntry(fname='C:\\Windows\\Fonts\\SCHLBKI.TTF', name='Century Schoolbook', style='italic', variant='normal', weight=400, stretch='normal', size='scalable')) = 11.335
15:55:49 [DEBUG   ] matplotlib.font_manager - findfont: score(FontEntry(fname='C:\\Windows\\Fonts\\BRUSHSCI.TTF', name='Brush Script MT', style='italic', variant='normal', weight=400, stretch='normal', size='scalable')) = 11.335
15:55:49 [DEBUG   ] matplotlib.font_manager - findfont: score(FontEntry(fname='C:\\Windows\\Fonts\\georgiaz.ttf', name='Georgia', style='italic', variant='normal', weight=700, stretch='normal', size='scalable')) = 11.05
15:55:49 [DEBUG   ] matplotlib.font_manager - findfont: score(FontEntry(fname='C:\\Windows\\Fonts\\corbelz.ttf', name='Corbel', style='italic', variant='normal', weight=700, stretch='normal', size='scalable')) = 11.05
15:55:49 [DEBUG   ] matplotlib.font_manager - findfont: score(FontEntry(fname='C:\\Windows\\Fonts\\INFROMAN.TTF', name='Informal Roman', style='normal', variant='normal', weight=400, stretch='normal', size='scalable')) = 10.335
15:55:49 [DEBUG   ] matplotlib.font_manager - findfont: score(FontEntry(fname='C:\\Windows\\Fonts\\Candarab.ttf', name='Candara', style='normal', variant='normal', weight=700, stretch='normal', size='scalable')) = 10.05
15:55:49 [DEBUG   ] matplotlib.font_manager - findfont: score(FontEntry(fname='C:\\Windows\\Fonts\\FRAHVIT.TTF', name='Franklin Gothic Heavy', style='italic', variant='normal', weight=400, stretch='normal', size='scalable')) = 11.335
15:55:49 [DEBUG   ] matplotlib.font_manager - findfont: score(FontEntry(fname='C:\\Windows\\Fonts\\Candaral.ttf', name='Candara', style='normal', variant='normal', weight=400, stretch='normal', size='scalable')) = 10.335
15:55:49 [DEBUG   ] matplotlib.font_manager - findfont: score(FontEntry(fname='C:\\Windows\\Fonts\\ITCKRIST.TTF', name='Kristen ITC', style='normal', variant='normal', weight=400, stretch='normal', size='scalable')) = 10.335
15:55:49 [DEBUG   ] matplotlib.font_manager - findfont: score(FontEntry(fname='C:\\Windows\\Fonts\\ENGR.TTF', name='Engravers MT', style='normal', variant='normal', weight=500, stretch='normal', size='scalable')) = 10.24
15:55:49 [DEBUG   ] matplotlib.font_manager - findfont: score(FontEntry(fname='C:\\Windows\\Fonts\\ITCBLKAD.TTF', name='Blackadder ITC', style='normal', variant='normal', weight=400, stretch='normal', size='scalable')) = 10.335
15:55:49 [DEBUG   ] matplotlib.font_manager - findfont: score(FontEntry(fname='C:\\Windows\\Fonts\\seguisbi.ttf', name='Segoe UI', style='italic', variant='normal', weight=600, stretch='normal', size='scalable')) = 11.145
15:55:49 [DEBUG   ] matplotlib.font_manager - findfont: score(FontEntry(fname='C:\\Windows\\Fonts\\GLSNECB.TTF', name='Gill Sans MT Ext Condensed Bold', style='normal', variant='normal', weight=400, stretch='condensed', size='scalable')) = 10.535
15:55:49 [DEBUG   ] matplotlib.font_manager - findfont: score(FontEntry(fname='C:\\Windows\\Fonts\\VIVALDII.TTF', name='Vivaldi', style='italic', variant='normal', weight=400, stretch='normal', size='scalable')) = 11.335
15:55:49 [DEBUG   ] matplotlib.font_manager - findfont: score(FontEntry(fname='C:\\Windows\\Fonts\\SegUIVar.ttf', name='Segoe UI Variable', style='normal', variant='normal', weight=400, stretch='normal', size='scalable')) = 10.335
15:55:49 [DEBUG   ] matplotlib.font_manager - findfont: score(FontEntry(fname='C:\\Windows\\Fonts\\LFAXDI.TTF', name='Lucida Fax', style='italic', variant='normal', weight=600, stretch='normal', size='scalable')) = 11.145
15:55:49 [DEBUG   ] matplotlib.font_manager - findfont: score(FontEntry(fname='C:\\Windows\\Fonts\\CALIFB.TTF', name='Californian FB', style='normal', variant='normal', weight=700, stretch='normal', size='scalable')) = 10.05
15:55:49 [DEBUG   ] matplotlib.font_manager - findfont: score(FontEntry(fname='C:\\Windows\\Fonts\\segmdl2.ttf', name='Segoe MDL2 Assets', style='normal', variant='normal', weight=400, stretch='normal', size='scalable')) = 10.335
15:55:49 [DEBUG   ] matplotlib.font_manager - findfont: score(FontEntry(fname='C:\\Windows\\Fonts\\LBRITE.TTF', name='Lucida Bright', style='normal', variant='normal', weight=400, stretch='normal', size='scalable')) = 10.335
15:55:49 [DEBUG   ] matplotlib.font_manager - findfont: score(FontEntry(fname='C:\\Windows\\Fonts\\AGENCYR.TTF', name='Agency FB', style='normal', variant='normal', weight=400, stretch='normal', size='scalable')) = 10.335
15:55:49 [DEBUG   ] matplotlib.font_manager - findfont: score(FontEntry(fname='C:\\Windows\\Fonts\\CURLZ___.TTF', name='Curlz MT', style='normal', variant='normal', weight=400, stretch='normal', size='scalable')) = 10.335
15:55:49 [DEBUG   ] matplotlib.font_manager - findfont: score(FontEntry(fname='C:\\Windows\\Fonts\\trebucit.ttf', name='Trebuchet MS', style='italic', variant='normal', weight=400, stretch='normal', size='scalable')) = 11.335
15:55:49 [DEBUG   ] matplotlib.font_manager - findfont: score(FontEntry(fname='C:\\Windows\\Fonts\\seguili.ttf', name='Segoe UI', style='italic', variant='normal', weight=300, stretch='normal', size='scalable')) = 11.43
15:55:49 [DEBUG   ] matplotlib.font_manager - findfont: score(FontEntry(fname='C:\\Windows\\Fonts\\GIGI.TTF', name='Gigi', style='normal', variant='normal', weight=400, stretch='normal', size='scalable')) = 10.335
15:55:49 [DEBUG   ] matplotlib.font_manager - findfont: score(FontEntry(fname='C:\\Windows\\Fonts\\cambriaz.ttf', name='Cambria', style='italic', variant='normal', weight=700, stretch='normal', size='scalable')) = 11.05
15:55:49 [DEBUG   ] matplotlib.font_manager - findfont: score(FontEntry(fname='C:\\Windows\\Fonts\\corbelli.ttf', name='Corbel', style='italic', variant='normal', weight=300, stretch='normal', size='scalable')) = 11.43
15:55:49 [DEBUG   ] matplotlib.font_manager - findfont: score(FontEntry(fname='C:\\Windows\\Fonts\\calibrili.ttf', name='Calibri', style='italic', variant='normal', weight=300, stretch='normal', size='scalable')) = 11.43
15:55:49 [DEBUG   ] matplotlib.font_manager - findfont: score(FontEntry(fname='C:\\Windows\\Fonts\\CENSCBK.TTF', name='Century Schoolbook', style='normal', variant='normal', weight=400, stretch='normal', size='scalable')) = 10.335
15:55:49 [DEBUG   ] matplotlib.font_manager - findfont: score(FontEntry(fname='C:\\Windows\\Fonts\\ariblk.ttf', name='Arial', style='normal', variant='normal', weight=900, stretch='normal', size='scalable')) = 6.6036363636363635
15:55:49 [DEBUG   ] matplotlib.font_manager - findfont: score(FontEntry(fname='C:\\Windows\\Fonts\\SCRIPTBL.TTF', name='Script MT Bold', style='normal', variant='normal', weight=700, stretch='normal', size='scalable')) = 10.05
15:55:49 [DEBUG   ] matplotlib.font_manager - findfont: score(FontEntry(fname='C:\\Windows\\Fonts\\Candaraz.ttf', name='Candara', style='italic', variant='normal', weight=700, stretch='normal', size='scalable')) = 11.05
15:55:49 [DEBUG   ] matplotlib.font_manager - findfont: score(FontEntry(fname='C:\\Windows\\Fonts\\SitkaVF-Italic.ttf', name='Sitka', style='italic', variant='normal', weight=400, stretch='normal', size='scalable')) = 11.335
15:55:49 [DEBUG   ] matplotlib.font_manager - findfont: score(FontEntry(fname='C:\\Windows\\Fonts\\BRLNSDB.TTF', name='Berlin Sans FB Demi', style='normal', variant='normal', weight=700, stretch='normal', size='scalable')) = 10.05
15:55:49 [DEBUG   ] matplotlib.font_manager - findfont: score(FontEntry(fname='C:\\Program Files (x86)\\Adobe\\Acrobat DC\\Resource\\Font\\AdobeDevanagari-Regular.otf', name='Adobe Devanagari', style='normal', variant='normal', weight=400, stretch='normal', size='scalable')) = 10.335
15:55:49 [DEBUG   ] matplotlib.font_manager - findfont: score(FontEntry(fname='C:\\Windows\\Fonts\\trebuc.ttf', name='Trebuchet MS', style='normal', variant='normal', weight=400, stretch='normal', size='scalable')) = 10.335
15:55:49 [DEBUG   ] matplotlib.font_manager - findfont: score(FontEntry(fname='C:\\Windows\\Fonts\\arial.ttf', name='Arial', style='normal', variant='normal', weight=400, stretch='normal', size='scalable')) = 6.698636363636363
15:55:49 [DEBUG   ] matplotlib.font_manager - findfont: score(FontEntry(fname='C:\\Windows\\Fonts\\impact.ttf', name='Impact', style='normal', variant='normal', weight=400, stretch='normal', size='scalable')) = 10.335
15:55:49 [DEBUG   ] matplotlib.font_manager - findfont: score(FontEntry(fname='C:\\Windows\\Fonts\\comicbd.ttf', name='Comic Sans MS', style='normal', variant='normal', weight=700, stretch='normal', size='scalable')) = 10.05
15:55:49 [DEBUG   ] matplotlib.font_manager - findfont: score(FontEntry(fname='C:\\Windows\\Fonts\\FRADM.TTF', name='Franklin Gothic Demi', style='normal', variant='normal', weight=400, stretch='normal', size='scalable')) = 10.335
15:55:49 [DEBUG   ] matplotlib.font_manager - findfont: score(FontEntry(fname='C:\\Windows\\Fonts\\l_10646.ttf', name='Lucida Sans Unicode', style='normal', variant='normal', weight=400, stretch='normal', size='scalable')) = 10.335
15:55:49 [DEBUG   ] matplotlib.font_manager - findfont: score(FontEntry(fname='C:\\Windows\\Fonts\\BOOKOSI.TTF', name='Bookman Old Style', style='italic', variant='normal', weight=300, stretch='normal', size='scalable')) = 11.43
15:55:49 [DEBUG   ] matplotlib.font_manager - findfont: score(FontEntry(fname='C:\\Windows\\Fonts\\LFAX.TTF', name='Lucida Fax', style='normal', variant='normal', weight=400, stretch='normal', size='scalable')) = 10.335
15:55:49 [DEBUG   ] matplotlib.font_manager - findfont: score(FontEntry(fname='C:\\Windows\\Fonts\\SCHLBKBI.TTF', name='Century Schoolbook', style='italic', variant='normal', weight=700, stretch='normal', size='scalable')) = 11.05
15:55:49 [DEBUG   ] matplotlib.font_manager - findfont: score(FontEntry(fname='C:\\Windows\\Fonts\\segoeuii.ttf', name='Segoe UI', style='italic', variant='normal', weight=400, stretch='normal', size='scalable')) = 11.335
15:55:49 [DEBUG   ] matplotlib.font_manager - findfont: score(FontEntry(fname='C:\\Windows\\Fonts\\BOD_B.TTF', name='Bodoni MT', style='normal', variant='normal', weight=700, stretch='normal', size='scalable')) = 10.05
15:55:49 [DEBUG   ] matplotlib.font_manager - findfont: score(FontEntry(fname='C:\\Windows\\Fonts\\BOD_CI.TTF', name='Bodoni MT', style='italic', variant='normal', weight=400, stretch='condensed', size='scalable')) = 11.535
15:55:49 [DEBUG   ] matplotlib.font_manager - findfont: score(FontEntry(fname='C:\\Windows\\Fonts\\FRADMCN.TTF', name='Franklin Gothic Demi Cond', style='normal', variant='normal', weight=400, stretch='condensed', size='scalable')) = 10.535
15:55:49 [DEBUG   ] matplotlib.font_manager - findfont: score(FontEntry(fname='C:\\Windows\\Fonts\\corbell.ttf', name='Corbel', style='normal', variant='normal', weight=300, stretch='normal', size='scalable')) = 10.43
15:55:49 [DEBUG   ] matplotlib.font_manager - findfont: score(FontEntry(fname='C:\\Windows\\Fonts\\segoeuil.ttf', name='Segoe UI', style='normal', variant='normal', weight=300, stretch='normal', size='scalable')) = 10.43
15:55:49 [DEBUG   ] matplotlib.font_manager - findfont: score(FontEntry(fname='C:\\Windows\\Fonts\\consolab.ttf', name='Consolas', style='normal', variant='normal', weight=700, stretch='normal', size='scalable')) = 10.05
15:55:49 [DEBUG   ] matplotlib.font_manager - findfont: score(FontEntry(fname='C:\\Windows\\Fonts\\CALISTI.TTF', name='Calisto MT', style='italic', variant='normal', weight=400, stretch='normal', size='scalable')) = 11.335
15:55:49 [DEBUG   ] matplotlib.font_manager - findfont: score(FontEntry(fname='C:\\Windows\\Fonts\\malgunsl.ttf', name='Malgun Gothic', style='normal', variant='normal', weight=300, stretch='normal', size='scalable')) = 10.43
15:55:49 [DEBUG   ] matplotlib.font_manager - findfont: score(FontEntry(fname='C:\\Windows\\Fonts\\seguihis.ttf', name='Segoe UI Historic', style='normal', variant='normal', weight=400, stretch='normal', size='scalable')) = 10.335
15:55:49 [DEBUG   ] matplotlib.font_manager - findfont: score(FontEntry(fname='C:\\Windows\\Fonts\\ntailub.ttf', name='Microsoft New Tai Lue', style='normal', variant='normal', weight=700, stretch='normal', size='scalable')) = 10.05
15:55:49 [DEBUG   ] matplotlib.font_manager - findfont: score(FontEntry(fname='C:\\Windows\\Fonts\\GILBI___.TTF', name='Gill Sans MT', style='italic', variant='normal', weight=700, stretch='normal', size='scalable')) = 11.05
15:55:49 [DEBUG   ] matplotlib.font_manager - findfont: score(FontEntry(fname='C:\\Windows\\Fonts\\mvboli.ttf', name='MV Boli', style='normal', variant='normal', weight=400, stretch='normal', size='scalable')) = 10.335
15:55:49 [DEBUG   ] matplotlib.font_manager - findfont: score(FontEntry(fname='C:\\Windows\\Fonts\\trebucbi.ttf', name='Trebuchet MS', style='italic', variant='normal', weight=700, stretch='normal', size='scalable')) = 11.05
15:55:49 [DEBUG   ] matplotlib.font_manager - findfont: score(FontEntry(fname='C:\\Windows\\Fonts\\COPRGTB.TTF', name='Copperplate Gothic Bold', style='normal', variant='normal', weight=400, stretch='normal', size='scalable')) = 10.335
15:55:49 [DEBUG   ] matplotlib.font_manager - findfont: score(FontEntry(fname='C:\\Windows\\Fonts\\REFSPCL.TTF', name='MS Reference Specialty', style='normal', variant='normal', weight=400, stretch='normal', size='scalable')) = 10.335
15:55:49 [DEBUG   ] matplotlib.font_manager - findfont: score(FontEntry(fname='C:\\Windows\\Fonts\\LCALLIG.TTF', name='Lucida Calligraphy', style='italic', variant='normal', weight=400, stretch='normal', size='scalable')) = 11.335
15:55:49 [DEBUG   ] matplotlib.font_manager - findfont: score(FontEntry(fname='C:\\Windows\\Fonts\\PLAYBILL.TTF', name='Playbill', style='normal', variant='normal', weight=400, stretch='normal', size='scalable')) = 10.335
15:55:49 [DEBUG   ] matplotlib.font_manager - findfont: score(FontEntry(fname='C:\\Windows\\Fonts\\segoescb.ttf', name='Segoe Script', style='normal', variant='normal', weight=700, stretch='normal', size='scalable')) = 10.05
15:55:49 [DEBUG   ] matplotlib.font_manager - findfont: score(FontEntry(fname='C:\\Windows\\Fonts\\corbelb.ttf', name='Corbel', style='normal', variant='normal', weight=700, stretch='normal', size='scalable')) = 10.05
15:55:49 [DEBUG   ] matplotlib.font_manager - findfont: score(FontEntry(fname='C:\\Windows\\Fonts\\palai.ttf', name='Palatino Linotype', style='italic', variant='normal', weight=400, stretch='normal', size='scalable')) = 11.335
15:55:49 [DEBUG   ] matplotlib.font_manager - findfont: score(FontEntry(fname='C:\\Windows\\Fonts\\phagspa.ttf', name='Microsoft PhagsPa', style='normal', variant='normal', weight=400, stretch='normal', size='scalable')) = 10.335
15:55:49 [DEBUG   ] matplotlib.font_manager - findfont: score(FontEntry(fname='C:\\Windows\\Fonts\\himalaya.ttf', name='Microsoft Himalaya', style='normal', variant='normal', weight=400, stretch='normal', size='scalable')) = 10.335
15:55:49 [DEBUG   ] matplotlib.font_manager - findfont: score(FontEntry(fname='C:\\Windows\\Fonts\\HARNGTON.TTF', name='Harrington', style='normal', variant='normal', weight=400, stretch='normal', size='scalable')) = 10.335
15:55:49 [DEBUG   ] matplotlib.font_manager - findfont: score(FontEntry(fname='C:\\Windows\\Fonts\\ONYX.TTF', name='Onyx', style='normal', variant='normal', weight=400, stretch='normal', size='scalable')) = 10.335
15:55:49 [DEBUG   ] matplotlib.font_manager - findfont: score(FontEntry(fname='C:\\Windows\\Fonts\\CASTELAR.TTF', name='Castellar', style='normal', variant='normal', weight=400, stretch='normal', size='scalable')) = 10.335
15:55:49 [DEBUG   ] matplotlib.font_manager - findfont: score(FontEntry(fname='C:\\Windows\\Fonts\\GOUDOSI.TTF', name='Goudy Old Style', style='italic', variant='normal', weight=400, stretch='normal', size='scalable')) = 11.335
15:55:49 [DEBUG   ] matplotlib.font_manager - findfont: score(FontEntry(fname='C:\\Windows\\Fonts\\ALGER.TTF', name='Algerian', style='normal', variant='normal', weight=400, stretch='normal', size='scalable')) = 10.335
15:55:49 [DEBUG   ] matplotlib.font_manager - findfont: score(FontEntry(fname='C:\\Windows\\Fonts\\segoeui.ttf', name='Segoe UI', style='normal', variant='normal', weight=400, stretch='normal', size='scalable')) = 10.335
15:55:49 [DEBUG   ] matplotlib.font_manager - findfont: score(FontEntry(fname='C:\\Windows\\Fonts\\BRLNSB.TTF', name='Berlin Sans FB', style='normal', variant='normal', weight=700, stretch='normal', size='scalable')) = 10.05
15:55:49 [DEBUG   ] matplotlib.font_manager - findfont: score(FontEntry(fname='C:\\Windows\\Fonts\\javatext.ttf', name='Javanese Text', style='normal', variant='normal', weight=400, stretch='normal', size='scalable')) = 10.335
15:55:49 [DEBUG   ] matplotlib.font_manager - findfont: score(FontEntry(fname='C:\\Windows\\Fonts\\BROADW.TTF', name='Broadway', style='normal', variant='normal', weight=400, stretch='normal', size='scalable')) = 10.335
15:55:49 [DEBUG   ] matplotlib.font_manager - findfont: score(FontEntry(fname='C:\\Windows\\Fonts\\LTYPEO.TTF', name='Lucida Sans Typewriter', style='oblique', variant='normal', weight=400, stretch='normal', size='scalable')) = 11.335
15:55:49 [DEBUG   ] matplotlib.font_manager - findfont: score(FontEntry(fname='C:\\Windows\\Fonts\\ARIALN.TTF', name='Arial', style='normal', variant='normal', weight=400, stretch='condensed', size='scalable')) = 6.8986363636363635
15:55:49 [DEBUG   ] matplotlib.font_manager - findfont: score(FontEntry(fname='C:\\Windows\\Fonts\\comic.ttf', name='Comic Sans MS', style='normal', variant='normal', weight=400, stretch='normal', size='scalable')) = 10.335
15:55:49 [DEBUG   ] matplotlib.font_manager - findfont: score(FontEntry(fname='C:\\Windows\\Fonts\\GARABD.TTF', name='Garamond', style='normal', variant='normal', weight=700, stretch='normal', size='scalable')) = 10.05
15:55:49 [DEBUG   ] matplotlib.font_manager - findfont: score(FontEntry(fname='C:\\Windows\\Fonts\\JOKERMAN.TTF', name='Jokerman', style='normal', variant='normal', weight=400, stretch='normal', size='scalable')) = 10.335
15:55:49 [DEBUG   ] matplotlib.font_manager - findfont: score(FontEntry(fname='C:\\Windows\\Fonts\\CascadiaCode.ttf', name='Cascadia Code', style='normal', variant='normal', weight=400, stretch='normal', size='scalable')) = 10.335
15:55:49 [DEBUG   ] matplotlib.font_manager - findfont: score(FontEntry(fname='C:\\Windows\\Fonts\\VLADIMIR.TTF', name='Vladimir Script', style='normal', variant='normal', weight=400, stretch='normal', size='scalable')) = 10.335
15:55:49 [DEBUG   ] matplotlib.font_manager - findfont: score(FontEntry(fname='C:\\Windows\\Fonts\\GILB____.TTF', name='Gill Sans MT', style='normal', variant='normal', weight=700, stretch='normal', size='scalable')) = 10.05
15:55:49 [DEBUG   ] matplotlib.font_manager - findfont: score(FontEntry(fname='C:\\Windows\\Fonts\\palabi.ttf', name='Palatino Linotype', style='italic', variant='normal', weight=700, stretch='normal', size='scalable')) = 11.05
15:55:49 [DEBUG   ] matplotlib.font_manager - findfont: score(FontEntry(fname='C:\\Windows\\Fonts\\BOD_CB.TTF', name='Bodoni MT', style='normal', variant='normal', weight=700, stretch='condensed', size='scalable')) = 10.25
15:55:49 [DEBUG   ] matplotlib.font_manager - findfont: score(FontEntry(fname='C:\\Windows\\Fonts\\GARAIT.TTF', name='Garamond', style='italic', variant='normal', weight=400, stretch='normal', size='scalable')) = 11.335
15:55:49 [DEBUG   ] matplotlib.font_manager - findfont: score(FontEntry(fname='C:\\Windows\\Fonts\\FRAHV.TTF', name='Franklin Gothic Heavy', style='normal', variant='normal', weight=400, stretch='normal', size='scalable')) = 10.335
15:55:49 [DEBUG   ] matplotlib.font_manager - findfont: score(FontEntry(fname='C:\\Windows\\Fonts\\BOD_BI.TTF', name='Bodoni MT', style='italic', variant='normal', weight=700, stretch='normal', size='scalable')) = 11.05
15:55:49 [DEBUG   ] matplotlib.font_manager - findfont: score(FontEntry(fname='C:\\Windows\\Fonts\\Candara.ttf', name='Candara', style='normal', variant='normal', weight=400, stretch='normal', size='scalable')) = 10.335
15:55:49 [DEBUG   ] matplotlib.font_manager - findfont: score(FontEntry(fname='C:\\Windows\\Fonts\\BERNHC.TTF', name='Bernard MT Condensed', style='normal', variant='normal', weight=400, stretch='condensed', size='scalable')) = 10.535
15:55:49 [DEBUG   ] matplotlib.font_manager - findfont: score(FontEntry(fname='C:\\Windows\\Fonts\\ERASBD.TTF', name='Eras Bold ITC', style='normal', variant='normal', weight=400, stretch='normal', size='scalable')) = 10.335
15:55:49 [DEBUG   ] matplotlib.font_manager - findfont: score(FontEntry(fname='C:\\Windows\\Fonts\\YuGothL.ttc', name='Yu Gothic', style='normal', variant='normal', weight=300, stretch='normal', size='scalable')) = 10.43
15:55:49 [DEBUG   ] matplotlib.font_manager - findfont: score(FontEntry(fname='C:\\Windows\\Fonts\\MATURASC.TTF', name='Matura MT Script Capitals', style='normal', variant='normal', weight=400, stretch='normal', size='scalable')) = 10.335
15:55:49 [DEBUG   ] matplotlib.font_manager - findfont: score(FontEntry(fname='C:\\Windows\\Fonts\\PALSCRI.TTF', name='Palace Script MT', style='normal', variant='normal', weight=400, stretch='normal', size='scalable')) = 10.335
15:55:49 [DEBUG   ] matplotlib.font_manager - findfont: score(FontEntry(fname='C:\\Windows\\Fonts\\GIL_____.TTF', name='Gill Sans MT', style='normal', variant='normal', weight=400, stretch='normal', size='scalable')) = 10.335
15:55:49 [DEBUG   ] matplotlib.font_manager - findfont: score(FontEntry(fname='C:\\Program Files (x86)\\IBM\\SPSS\\Amos\\24\\JRE\\lib\\fonts\\LucidaBrightRegular.ttf', name='Lucida Bright', style='normal', variant='normal', weight=400, stretch='normal', size='scalable')) = 10.335
15:55:49 [DEBUG   ] matplotlib.font_manager - findfont: score(FontEntry(fname='C:\\Windows\\Fonts\\LeelaUIb.ttf', name='Leelawadee UI', style='normal', variant='normal', weight=700, stretch='normal', size='scalable')) = 10.05
15:55:49 [DEBUG   ] matplotlib.font_manager - findfont: score(FontEntry(fname='C:\\Windows\\Fonts\\HTOWERT.TTF', name='High Tower Text', style='normal', variant='normal', weight=400, stretch='normal', size='scalable')) = 10.335
15:55:49 [DEBUG   ] matplotlib.font_manager - findfont: score(FontEntry(fname='C:\\Windows\\Fonts\\LTYPEBO.TTF', name='Lucida Sans Typewriter', style='oblique', variant='normal', weight=600, stretch='normal', size='scalable')) = 11.145
15:55:49 [DEBUG   ] matplotlib.font_manager - findfont: score(FontEntry(fname='C:\\Windows\\Fonts\\micross.ttf', name='Microsoft Sans Serif', style='normal', variant='normal', weight=400, stretch='normal', size='scalable')) = 10.335
15:55:49 [DEBUG   ] matplotlib.font_manager - findfont: score(FontEntry(fname='C:\\Windows\\Fonts\\TCM_____.TTF', name='Tw Cen MT', style='normal', variant='normal', weight=400, stretch='normal', size='scalable')) = 10.335
15:55:49 [DEBUG   ] matplotlib.font_manager - findfont: score(FontEntry(fname='C:\\Windows\\Fonts\\BOOKOSB.TTF', name='Bookman Old Style', style='normal', variant='normal', weight=600, stretch='normal', size='scalable')) = 10.145
15:55:49 [DEBUG   ] matplotlib.font_manager - findfont: score(FontEntry(fname='C:\\Windows\\Fonts\\consola.ttf', name='Consolas', style='normal', variant='normal', weight=400, stretch='normal', size='scalable')) = 10.335
15:55:49 [DEBUG   ] matplotlib.font_manager - findfont: score(FontEntry(fname='C:\\Windows\\Fonts\\ERASMD.TTF', name='Eras Medium ITC', style='normal', variant='normal', weight=400, stretch='normal', size='scalable')) = 10.335
15:55:49 [DEBUG   ] matplotlib.font_manager - findfont: score(FontEntry(fname='C:\\Windows\\Fonts\\BOD_BLAI.TTF', name='Bodoni MT', style='italic', variant='normal', weight=900, stretch='normal', size='scalable')) = 11.24
15:55:49 [DEBUG   ] matplotlib.font_manager - findfont: score(FontEntry(fname='C:\\Windows\\Fonts\\couri.ttf', name='Courier New', style='italic', variant='normal', weight=400, stretch='normal', size='scalable')) = 11.335
15:55:49 [DEBUG   ] matplotlib.font_manager - findfont: score(FontEntry(fname='C:\\Windows\\Fonts\\calibrib.ttf', name='Calibri', style='normal', variant='normal', weight=700, stretch='normal', size='scalable')) = 10.05
15:55:49 [DEBUG   ] matplotlib.font_manager - findfont: score(FontEntry(fname='C:\\Windows\\Fonts\\segoeuib.ttf', name='Segoe UI', style='normal', variant='normal', weight=700, stretch='normal', size='scalable')) = 10.05
15:55:49 [DEBUG   ] matplotlib.font_manager - findfont: score(FontEntry(fname='C:\\Windows\\Fonts\\HTOWERTI.TTF', name='High Tower Text', style='italic', variant='normal', weight=400, stretch='normal', size='scalable')) = 11.335
15:55:49 [DEBUG   ] matplotlib.font_manager - findfont: score(FontEntry(fname='C:\\Windows\\Fonts\\seguiemj.ttf', name='Segoe UI Emoji', style='normal', variant='normal', weight=400, stretch='normal', size='scalable')) = 10.335
15:55:49 [DEBUG   ] matplotlib.font_manager - findfont: score(FontEntry(fname='C:\\Windows\\Fonts\\ROCC____.TTF', name='Rockwell Condensed', style='normal', variant='normal', weight=400, stretch='condensed', size='scalable')) = 10.535
15:55:49 [DEBUG   ] matplotlib.font_manager - findfont: score(FontEntry(fname='C:\\Windows\\Fonts\\LeelawUI.ttf', name='Leelawadee UI', style='normal', variant='normal', weight=400, stretch='normal', size='scalable')) = 10.335
15:55:49 [DEBUG   ] matplotlib.font_manager - findfont: score(FontEntry(fname='C:\\Windows\\Fonts\\TEMPSITC.TTF', name='Tempus Sans ITC', style='normal', variant='normal', weight=400, stretch='normal', size='scalable')) = 10.335
15:55:49 [DEBUG   ] matplotlib.font_manager - findfont: score(FontEntry(fname='C:\\Windows\\Fonts\\tahomabd.ttf', name='Tahoma', style='normal', variant='normal', weight=700, stretch='normal', size='scalable')) = 10.05
15:55:49 [DEBUG   ] matplotlib.font_manager - findfont: score(FontEntry(fname='C:\\Windows\\Fonts\\comici.ttf', name='Comic Sans MS', style='italic', variant='normal', weight=400, stretch='normal', size='scalable')) = 11.335
15:55:49 [DEBUG   ] matplotlib.font_manager - findfont: score(FontEntry(fname='C:\\Windows\\Fonts\\YuGothR.ttc', name='Yu Gothic', style='normal', variant='normal', weight=400, stretch='normal', size='scalable')) = 10.335
15:55:49 [DEBUG   ] matplotlib.font_manager - findfont: score(FontEntry(fname='C:\\Windows\\Fonts\\PERB____.TTF', name='Perpetua', style='normal', variant='normal', weight=700, stretch='normal', size='scalable')) = 10.05
15:55:49 [DEBUG   ] matplotlib.font_manager - findfont: score(FontEntry(fname='C:\\Windows\\Fonts\\BSSYM7.TTF', name='Bookshelf Symbol 7', style='normal', variant='normal', weight=400, stretch='normal', size='scalable')) = 10.335
15:55:49 [DEBUG   ] matplotlib.font_manager - findfont: score(FontEntry(fname='C:\\Windows\\Fonts\\PERI____.TTF', name='Perpetua', style='italic', variant='normal', weight=400, stretch='normal', size='scalable')) = 11.335
15:55:49 [DEBUG   ] matplotlib.font_manager - findfont: score(FontEntry(fname='C:\\Windows\\Fonts\\segoeprb.ttf', name='Segoe Print', style='normal', variant='normal', weight=700, stretch='normal', size='scalable')) = 10.05
15:55:49 [DEBUG   ] matplotlib.font_manager - findfont: score(FontEntry(fname='C:\\Windows\\Fonts\\DUBAI-LIGHT.TTF', name='Dubai', style='normal', variant='normal', weight=300, stretch='normal', size='scalable')) = 10.43
15:55:49 [DEBUG   ] matplotlib.font_manager - findfont: score(FontEntry(fname='C:\\Windows\\Fonts\\LFAXI.TTF', name='Lucida Fax', style='italic', variant='normal', weight=400, stretch='normal', size='scalable')) = 11.335
15:55:49 [DEBUG   ] matplotlib.font_manager - findfont: score(FontEntry(fname='C:\\Windows\\Fonts\\Candarai.ttf', name='Candara', style='italic', variant='normal', weight=400, stretch='normal', size='scalable')) = 11.335
15:55:49 [DEBUG   ] matplotlib.font_manager - findfont: score(FontEntry(fname='C:\\Windows\\Fonts\\CALISTB.TTF', name='Calisto MT', style='normal', variant='normal', weight=700, stretch='normal', size='scalable')) = 10.05
15:55:49 [DEBUG   ] matplotlib.font_manager - findfont: score(FontEntry(fname='C:\\Windows\\Fonts\\Nirmala.ttc', name='Nirmala UI', style='normal', variant='normal', weight=400, stretch='normal', size='scalable')) = 10.335
15:55:49 [DEBUG   ] matplotlib.font_manager - findfont: score(FontEntry(fname='C:\\Windows\\Fonts\\FTLTLT.TTF', name='Footlight MT Light', style='normal', variant='normal', weight=300, stretch='normal', size='scalable')) = 10.43
15:55:49 [DEBUG   ] matplotlib.font_manager - findfont: score(FontEntry(fname='C:\\Windows\\Fonts\\Candarali.ttf', name='Candara', style='italic', variant='normal', weight=400, stretch='normal', size='scalable')) = 11.335
15:55:49 [DEBUG   ] matplotlib.font_manager - findfont: score(FontEntry(fname='C:\\Windows\\Fonts\\lucon.ttf', name='Lucida Console', style='normal', variant='normal', weight=400, stretch='normal', size='scalable')) = 10.335
15:55:49 [DEBUG   ] matplotlib.font_manager - findfont: score(FontEntry(fname='C:\\Windows\\Fonts\\FORTE.TTF', name='Forte', style='normal', variant='normal', weight=400, stretch='normal', size='scalable')) = 10.335
15:55:49 [DEBUG   ] matplotlib.font_manager - findfont: score(FontEntry(fname='C:\\Windows\\Fonts\\BELLI.TTF', name='Bell MT', style='italic', variant='normal', weight=400, stretch='normal', size='scalable')) = 11.335
15:55:49 [DEBUG   ] matplotlib.font_manager - findfont: score(FontEntry(fname='C:\\Windows\\Fonts\\ARIALNI.TTF', name='Arial', style='italic', variant='normal', weight=400, stretch='condensed', size='scalable')) = 7.8986363636363635
15:55:49 [DEBUG   ] matplotlib.font_manager - findfont: score(FontEntry(fname='C:\\Program Files (x86)\\IBM\\SPSS\\Amos\\24\\JRE\\lib\\fonts\\LucidaTypewriterBold.ttf', name='Lucida Sans Typewriter', style='normal', variant='normal', weight=700, stretch='normal', size='scalable')) = 10.05
15:55:49 [DEBUG   ] matplotlib.font_manager - findfont: score(FontEntry(fname='C:\\Windows\\Fonts\\ROCCB___.TTF', name='Rockwell Condensed', style='normal', variant='normal', weight=700, stretch='condensed', size='scalable')) = 10.25
15:55:49 [DEBUG   ] matplotlib.font_manager - findfont: score(FontEntry(fname='C:\\Windows\\Fonts\\ROCKI.TTF', name='Rockwell', style='italic', variant='normal', weight=400, stretch='normal', size='scalable')) = 11.335
15:55:49 [DEBUG   ] matplotlib.font_manager - findfont: score(FontEntry(fname='C:\\Windows\\Fonts\\ROCKEB.TTF', name='Rockwell Extra Bold', style='normal', variant='normal', weight=800, stretch='normal', size='scalable')) = 10.145
15:55:49 [DEBUG   ] matplotlib.font_manager - findfont: score(FontEntry(fname='C:\\Windows\\Fonts\\FELIXTI.TTF', name='Felix Titling', style='normal', variant='normal', weight=400, stretch='normal', size='scalable')) = 10.335
15:55:49 [DEBUG   ] matplotlib.font_manager - findfont: score(FontEntry(fname='C:\\Windows\\Fonts\\msgothic.ttc', name='MS Gothic', style='normal', variant='normal', weight=400, stretch='normal', size='scalable')) = 10.335
15:55:49 [DEBUG   ] matplotlib.font_manager - findfont: score(FontEntry(fname='C:\\Windows\\Fonts\\BOD_I.TTF', name='Bodoni MT', style='italic', variant='normal', weight=400, stretch='normal', size='scalable')) = 11.335
15:55:49 [DEBUG   ] matplotlib.font_manager - findfont: score(FontEntry(fname='C:\\Windows\\Fonts\\ROCK.TTF', name='Rockwell', style='normal', variant='normal', weight=400, stretch='normal', size='scalable')) = 10.335
15:55:49 [DEBUG   ] matplotlib.font_manager - findfont: score(FontEntry(fname='C:\\Program Files (x86)\\Adobe\\Acrobat DC\\Resource\\Font\\AdobeDevanagari-Bold.otf', name='Adobe Devanagari', style='normal', variant='normal', weight=700, stretch='normal', size='scalable')) = 10.05
15:55:49 [DEBUG   ] matplotlib.font_manager - findfont: score(FontEntry(fname='C:\\Windows\\Fonts\\PER_____.TTF', name='Perpetua', style='normal', variant='normal', weight=400, stretch='normal', size='scalable')) = 10.335
15:55:49 [DEBUG   ] matplotlib.font_manager - findfont: score(FontEntry(fname='C:\\Windows\\Fonts\\wingding.ttf', name='Wingdings', style='normal', variant='normal', weight=400, stretch='normal', size='scalable')) = 10.335
15:55:49 [DEBUG   ] matplotlib.font_manager - findfont: score(FontEntry(fname='C:\\Windows\\Fonts\\ITCEDSCR.TTF', name='Edwardian Script ITC', style='normal', variant='normal', weight=400, stretch='normal', size='scalable')) = 10.335
15:55:49 [DEBUG   ] matplotlib.font_manager - findfont: score(FontEntry(fname='C:\\Windows\\Fonts\\YuGothM.ttc', name='Yu Gothic', style='normal', variant='normal', weight=500, stretch='normal', size='scalable')) = 10.24
15:55:49 [DEBUG   ] matplotlib.font_manager - findfont: score(FontEntry(fname='C:\\Windows\\Fonts\\SNAP____.TTF', name='Snap ITC', style='normal', variant='normal', weight=400, stretch='normal', size='scalable')) = 10.335
15:55:49 [DEBUG   ] matplotlib.font_manager - findfont: score(FontEntry(fname='C:\\Windows\\Fonts\\ELEPHNTI.TTF', name='Elephant', style='italic', variant='normal', weight=400, stretch='normal', size='scalable')) = 11.335
15:55:49 [DEBUG   ] matplotlib.font_manager - findfont: score(FontEntry(fname='C:\\Windows\\Fonts\\GILC____.TTF', name='Gill Sans MT Condensed', style='normal', variant='normal', weight=400, stretch='condensed', size='scalable')) = 10.535
15:55:49 [DEBUG   ] matplotlib.font_manager - findfont: score(FontEntry(fname='C:\\Windows\\Fonts\\BOD_R.TTF', name='Bodoni MT', style='normal', variant='normal', weight=400, stretch='normal', size='scalable')) = 10.335
15:55:49 [DEBUG   ] matplotlib.font_manager - findfont: score(FontEntry(fname='C:\\Windows\\Fonts\\NIAGSOL.TTF', name='Niagara Solid', style='normal', variant='normal', weight=400, stretch='normal', size='scalable')) = 10.335
15:55:49 [DEBUG   ] matplotlib.font_manager - findfont: score(FontEntry(fname='C:\\Windows\\Fonts\\DUBAI-BOLD.TTF', name='Dubai', style='normal', variant='normal', weight=700, stretch='normal', size='scalable')) = 10.05
15:55:49 [DEBUG   ] matplotlib.font_manager - findfont: score(FontEntry(fname='C:\\Windows\\Fonts\\corbeli.ttf', name='Corbel', style='italic', variant='normal', weight=400, stretch='normal', size='scalable')) = 11.335
15:55:49 [DEBUG   ] matplotlib.font_manager - findfont: score(FontEntry(fname='C:\\Windows\\Fonts\\sylfaen.ttf', name='Sylfaen', style='normal', variant='normal', weight=400, stretch='normal', size='scalable')) = 10.335
15:55:49 [DEBUG   ] matplotlib.font_manager - findfont: score(FontEntry(fname='C:\\Windows\\Fonts\\georgiab.ttf', name='Georgia', style='normal', variant='normal', weight=700, stretch='normal', size='scalable')) = 10.05
15:55:49 [DEBUG   ] matplotlib.font_manager - findfont: score(FontEntry(fname='C:\\Windows\\Fonts\\COPRGTL.TTF', name='Copperplate Gothic Light', style='normal', variant='normal', weight=400, stretch='normal', size='scalable')) = 10.335
15:55:49 [DEBUG   ] matplotlib.font_manager - findfont: score(FontEntry(fname='C:\\Windows\\Fonts\\pala.ttf', name='Palatino Linotype', style='normal', variant='normal', weight=400, stretch='normal', size='scalable')) = 10.335
15:55:49 [DEBUG   ] matplotlib.font_manager - findfont: score(FontEntry(fname='C:\\Windows\\Fonts\\MTCORSVA.TTF', name='Monotype Corsiva', style='normal', variant='normal', weight=400, stretch='normal', size='scalable')) = 10.335
15:55:49 [DEBUG   ] matplotlib.font_manager - findfont: score(FontEntry(fname='C:\\Windows\\Fonts\\msyi.ttf', name='Microsoft Yi Baiti', style='normal', variant='normal', weight=400, stretch='normal', size='scalable')) = 10.335
15:55:49 [DEBUG   ] matplotlib.font_manager - findfont: score(FontEntry(fname='C:\\Windows\\Fonts\\arialbd.ttf', name='Arial', style='normal', variant='normal', weight=700, stretch='normal', size='scalable')) = 6.413636363636363
15:55:49 [DEBUG   ] matplotlib.font_manager - findfont: score(FontEntry(fname='C:\\Windows\\Fonts\\LSANSDI.TTF', name='Lucida Sans', style='italic', variant='normal', weight=600, stretch='normal', size='scalable')) = 11.145
15:55:49 [DEBUG   ] matplotlib.font_manager - findfont: score(FontEntry(fname='C:\\Windows\\Fonts\\SitkaVF.ttf', name='Sitka', style='normal', variant='normal', weight=400, stretch='normal', size='scalable')) = 10.335
15:55:49 [DEBUG   ] matplotlib.font_manager - findfont: score(FontEntry(fname='C:\\Windows\\Fonts\\PERTILI.TTF', name='Perpetua Titling MT', style='normal', variant='normal', weight=300, stretch='normal', size='scalable')) = 10.43
15:55:49 [DEBUG   ] matplotlib.font_manager - findfont: score(FontEntry(fname='C:\\Windows\\Fonts\\times.ttf', name='Times New Roman', style='normal', variant='normal', weight=400, stretch='normal', size='scalable')) = 10.335
15:55:49 [DEBUG   ] matplotlib.font_manager - findfont: score(FontEntry(fname='C:\\Windows\\Fonts\\ARIALNBI.TTF', name='Arial', style='italic', variant='normal', weight=700, stretch='condensed', size='scalable')) = 7.613636363636363
15:55:49 [DEBUG   ] matplotlib.font_manager - findfont: score(FontEntry(fname='C:\\Windows\\Fonts\\POORICH.TTF', name='Poor Richard', style='normal', variant='normal', weight=400, stretch='normal', size='scalable')) = 10.335
15:55:49 [DEBUG   ] matplotlib.font_manager - findfont: score(FontEntry(fname='C:\\Windows\\Fonts\\calibrii.ttf', name='Calibri', style='italic', variant='normal', weight=400, stretch='normal', size='scalable')) = 11.335
15:55:49 [DEBUG   ] matplotlib.font_manager - findfont: score(FontEntry(fname='C:\\Windows\\Fonts\\ARLRDBD.TTF', name='Arial Rounded MT Bold', style='normal', variant='normal', weight=400, stretch='normal', size='scalable')) = 10.335
15:55:49 [DEBUG   ] matplotlib.font_manager - findfont: score(FontEntry(fname='C:\\Windows\\Fonts\\AGENCYB.TTF', name='Agency FB', style='normal', variant='normal', weight=700, stretch='normal', size='scalable')) = 10.05
15:55:49 [DEBUG   ] matplotlib.font_manager - findfont: score(FontEntry(fname='C:\\Windows\\Fonts\\seguisli.ttf', name='Segoe UI', style='italic', variant='normal', weight=350, stretch='normal', size='scalable')) = 11.3825
15:55:49 [DEBUG   ] matplotlib.font_manager - findfont: score(FontEntry(fname='C:\\Windows\\Fonts\\TCB_____.TTF', name='Tw Cen MT', style='normal', variant='normal', weight=700, stretch='normal', size='scalable')) = 10.05
15:55:49 [DEBUG   ] matplotlib.font_manager - findfont: score(FontEntry(fname='C:\\Windows\\Fonts\\CascadiaMono.ttf', name='Cascadia Mono', style='normal', variant='normal', weight=400, stretch='normal', size='scalable')) = 10.335
15:55:49 [DEBUG   ] matplotlib.font_manager - findfont: score(FontEntry(fname='C:\\Windows\\Fonts\\JUICE___.TTF', name='Juice ITC', style='normal', variant='normal', weight=400, stretch='normal', size='scalable')) = 10.335
15:55:49 [DEBUG   ] matplotlib.font_manager - findfont: score(FontEntry(fname='C:\\Windows\\Fonts\\REFSAN.TTF', name='MS Reference Sans Serif', style='normal', variant='normal', weight=400, stretch='normal', size='scalable')) = 10.335
15:55:49 [DEBUG   ] matplotlib.font_manager - findfont: Matching sans\-serif:style=normal:variant=normal:weight=bold:stretch=normal:size=10.0 to DejaVu Sans ('C:\\Users\\DELL\\AppData\\Local\\Programs\\Python\\Python314\\Lib\\site-packages\\matplotlib\\mpl-data\\fonts\\ttf\\DejaVuSans-Bold.ttf') with score of 0.050000.
15:55:49 [INFO    ] PIPELINE     - [VN] All plots saved
15:55:49 [INFO    ] PIPELINE     - [VN] DONE -> C:\Users\DELL\Documents\Storage\Github\NCKH\output_v7\VN
15:55:49 [INFO    ] MAIN         - 
--- [US] Starting pipeline ---
15:55:49 [INFO    ] PIPELINE     - [US] Building quarterly dataset...
15:55:49 [INFO    ] DATA         - [US] Dataset: 32 obs | GDP [-13.14, 12.29] | MFN [3.37, 3.76] | Ren [16.7, 24.3] | Trade [19.4, 27.9]
15:55:49 [INFO    ] DATA         - [INPUT] Saved US quarterly data -> US_quarterly.csv
15:55:49 [INFO    ] PIPELINE     - [US] ADF + KPSS stationarity tests...
15:55:49 [INFO    ] STATTEST     - [US] Stationarity: 9 vars | I(0)=3 | I(1)=3
15:55:49 [INFO    ] PIPELINE     - [US] Engle-Granger cointegration tests...
15:55:49 [INFO    ] PIPELINE     - [US] Building ARDL(1) design matrix...
15:55:49 [WARNING ] DESIGN       - [US] EPV=3.9 < 10 (n=31, k=8) - interpret conservatively
15:55:49 [INFO    ] DESIGN       - [US] Final VIF max=3.71 (below threshold 5.0)
15:55:49 [INFO    ] PIPELINE     - [US] Final VIF max=3.71
15:55:49 [INFO    ] PIPELINE     - [US] Estimating OLS-HAC (n=31, k=8)...
15:55:49 [INFO    ] PIPELINE     - [US] OLS R2=0.6591, adj-R2=0.5553, DW=2.0321
15:55:49 [INFO    ] PIPELINE     - [US] Estimating GLSAR AR(1)...
15:55:49 [INFO    ] PIPELINE     - [US] GLSAR rho=-0.1504, R2=0.6559
15:55:49 [INFO    ] PIPELINE     - [US] Ridge Bootstrap (500 iterations)...
15:55:49 [INFO    ] RIDGE        - [US] Ridge lambda*=1000.0000, R2(std)=0.0526
15:57:53 [INFO    ] PIPELINE     - [US] H4 marginal effect + Johnson-Neyman...
15:57:53 [INFO    ] H4           - [US] H4 ME: low=-6.1573, mean=-12.8506, high=-19.5439
15:57:53 [INFO    ] H4           - [US] J-N threshold: 16.3% | When renewable < 16.3%: tariff effect is MORE NEGATIVE -> lack of gree
15:57:53 [INFO    ] PIPELINE     - [US] Hold-out backtest (2025Q1-Q4)...
15:57:53 [INFO    ] BACKTEST     - [BACKTEST] RMSE=4.7587 | MAE=3.8291 | MAPE=183.8% | in-RMSE=2.1180 | ratio=2.247 -> Moderate overfit
15:57:53 [INFO    ] PIPELINE     - [US] Out-of-sample forecast 2026Q1-Q2...
15:57:53 [INFO    ] PIPELINE     - [US] 2026Q1: fc=-0.38%, act=2.0, err=-2.3822, in_95CI=True
15:57:53 [INFO    ] PIPELINE     - [US] 2026Q2: fc=-0.90%, act=2.1, err=-3.0023, in_95CI=True
15:57:53 [INFO    ] PIPELINE     - [US] Final forecast 2026Q3-Q4 (horizon=1Q)...
15:57:53 [INFO    ] PIPELINE     - [US] FC 2026Q3: -0.37% [-5.36, 4.63]
15:57:53 [DEBUG   ] matplotlib.colorbar - locator: <matplotlib.ticker.AutoLocator object at 0x0000015554782570>
15:57:54 [DEBUG   ] matplotlib.colorbar - locator: <matplotlib.ticker.AutoLocator object at 0x00000155561D9E20>
15:57:55 [INFO    ] PIPELINE     - [US] All plots saved
15:57:55 [INFO    ] PIPELINE     - [US] DONE -> C:\Users\DELL\Documents\Storage\Github\NCKH\output_v7\US
15:57:55 [INFO    ] MAIN         - 
--- [CN] Starting pipeline ---
15:57:55 [INFO    ] PIPELINE     - [CN] Building quarterly dataset...
15:57:55 [INFO    ] DATA         - [CN] Dataset: 32 obs | GDP [-7.44, 9.66] | MFN [6.98, 9.79] | Ren [26.5, 36.9] | Trade [32.7, 40.4]
15:57:55 [INFO    ] DATA         - [INPUT] Saved CN quarterly data -> CN_quarterly.csv
15:57:55 [INFO    ] PIPELINE     - [CN] ADF + KPSS stationarity tests...
15:57:55 [INFO    ] STATTEST     - [CN] Stationarity: 9 vars | I(0)=2 | I(1)=6
15:57:55 [INFO    ] PIPELINE     - [CN] Engle-Granger cointegration tests...
15:57:55 [INFO    ] PIPELINE     - [CN] Building ARDL(1) design matrix...
15:57:55 [WARNING ] DESIGN       - [CN] EPV=3.9 < 10 (n=31, k=8) - interpret conservatively
15:57:55 [INFO    ] DESIGN       - [CN] Final VIF max=2.72 (below threshold 5.0)
15:57:55 [INFO    ] PIPELINE     - [CN] Final VIF max=2.72
15:57:55 [INFO    ] PIPELINE     - [CN] Estimating OLS-HAC (n=31, k=8)...
15:57:55 [INFO    ] PIPELINE     - [CN] OLS R2=0.5394, adj-R2=0.3993, DW=1.9870
15:57:55 [INFO    ] PIPELINE     - [CN] Estimating GLSAR AR(1)...
15:57:55 [INFO    ] PIPELINE     - [CN] GLSAR rho=-0.2890, R2=0.5049
15:57:55 [INFO    ] PIPELINE     - [CN] Ridge Bootstrap (500 iterations)...
15:57:56 [INFO    ] RIDGE        - [CN] Ridge lambda*=1000.0000, R2(std)=0.0464
16:00:02 [INFO    ] PIPELINE     - [CN] H4 marginal effect + Johnson-Neyman...
16:00:02 [INFO    ] H4           - [CN] H4 ME: low=+0.0542, mean=-1.8906, high=-3.8354
16:00:02 [INFO    ] H4           - [CN] J-N threshold: 28.1% | When renewable < 28.1%: tariff effect is MORE NEGATIVE -> lack of gree
16:00:02 [INFO    ] PIPELINE     - [CN] Hold-out backtest (2025Q1-Q4)...
16:00:02 [INFO    ] BACKTEST     - [BACKTEST] RMSE=6.0722 | MAE=4.5948 | MAPE=58.7% | in-RMSE=2.0001 | ratio=3.036 -> Heavy overfit
16:00:02 [INFO    ] PIPELINE     - [CN] Out-of-sample forecast 2026Q1-Q2...
16:00:02 [INFO    ] PIPELINE     - [CN] 2026Q1: fc=7.03%, act=5.4, err=1.6314, in_95CI=True
16:00:02 [INFO    ] PIPELINE     - [CN] 2026Q2: fc=5.82%, act=4.6, err=1.22, in_95CI=True
16:00:02 [INFO    ] PIPELINE     - [CN] Final forecast 2026Q3-Q4 (horizon=1Q)...
16:00:02 [INFO    ] PIPELINE     - [CN] FC 2026Q3: 4.64% [-0.01, 9.28]
16:00:03 [DEBUG   ] matplotlib.colorbar - locator: <matplotlib.ticker.AutoLocator object at 0x0000015557481400>
16:00:04 [DEBUG   ] matplotlib.colorbar - locator: <matplotlib.ticker.AutoLocator object at 0x0000015558E87380>
16:00:05 [INFO    ] PIPELINE     - [CN] All plots saved
16:00:05 [INFO    ] PIPELINE     - [CN] DONE -> C:\Users\DELL\Documents\Storage\Github\NCKH\output_v7\CN
16:00:05 [INFO    ] MAIN         - 
[PHASE 3] H5 Panel OLS + Chow Tests
16:00:05 [INFO    ] H5           - [H5] Pooled OLS: N=93, R2=0.463
16:00:05 [INFO    ] H5           - [CHOW] VNxUS: F=8.8274, p=0.0 -> Structural difference confirmed (p<0.05) - H5 supp
16:00:05 [INFO    ] H5           - [CHOW] VNxCN: F=3.1512, p=0.008 -> Structural difference confirmed (p<0.05) - H5 supp
16:00:05 [INFO    ] H5           - [CHOW] USxCN: F=3.1175, p=0.0067 -> Structural difference confirmed (p<0.05) - H5 supp
16:00:05 [INFO    ] MAIN         - 
[PHASE 4] Comparative Visualizations
16:00:06 [DEBUG   ] matplotlib.font_manager - findfont: Matching sans\-serif:style=normal:variant=normal:weight=normal:stretch=normal:size=9.0.
16:00:06 [DEBUG   ] matplotlib.font_manager - findfont: score(FontEntry(fname='C:\\Users\\DELL\\AppData\\Local\\Programs\\Python\\Python314\\Lib\\site-packages\\matplotlib\\mpl-data\\fonts\\ttf\\DejaVuSerif-Bold.ttf', name='DejaVu Serif', style='normal', variant='normal', weight=700, stretch='normal', size='scalable')) = 10.335
16:00:06 [DEBUG   ] matplotlib.font_manager - findfont: score(FontEntry(fname='C:\\Users\\DELL\\AppData\\Local\\Programs\\Python\\Python314\\Lib\\site-packages\\matplotlib\\mpl-data\\fonts\\ttf\\STIXSizFourSymBol.ttf', name='STIXSizeFourSym', style='normal', variant='normal', weight=700, stretch='normal', size='scalable')) = 10.335
16:00:06 [DEBUG   ] matplotlib.font_manager - findfont: score(FontEntry(fname='C:\\Users\\DELL\\AppData\\Local\\Programs\\Python\\Python314\\Lib\\site-packages\\matplotlib\\mpl-data\\fonts\\ttf\\STIXSizThreeSymReg.ttf', name='STIXSizeThreeSym', style='normal', variant='normal', weight=400, stretch='normal', size='scalable')) = 10.05
16:00:06 [DEBUG   ] matplotlib.font_manager - findfont: score(FontEntry(fname='C:\\Users\\DELL\\AppData\\Local\\Programs\\Python\\Python314\\Lib\\site-packages\\matplotlib\\mpl-data\\fonts\\ttf\\DejaVuSansMono.ttf', name='DejaVu Sans Mono', style='normal', variant='normal', weight=400, stretch='normal', size='scalable')) = 10.05
16:00:06 [DEBUG   ] matplotlib.font_manager - findfont: score(FontEntry(fname='C:\\Users\\DELL\\AppData\\Local\\Programs\\Python\\Python314\\Lib\\site-packages\\matplotlib\\mpl-data\\fonts\\ttf\\cmmi10.ttf', name='cmmi10', style='normal', variant='normal', weight=400, stretch='normal', size='scalable')) = 10.05
16:00:06 [DEBUG   ] matplotlib.font_manager - findfont: score(FontEntry(fname='C:\\Users\\DELL\\AppData\\Local\\Programs\\Python\\Python314\\Lib\\site-packages\\matplotlib\\mpl-data\\fonts\\ttf\\STIXNonUniIta.ttf', name='STIXNonUnicode', style='italic', variant='normal', weight=400, stretch='normal', size='scalable')) = 11.05
16:00:06 [DEBUG   ] matplotlib.font_manager - findfont: score(FontEntry(fname='C:\\Users\\DELL\\AppData\\Local\\Programs\\Python\\Python314\\Lib\\site-packages\\matplotlib\\mpl-data\\fonts\\ttf\\STIXSizTwoSymReg.ttf', name='STIXSizeTwoSym', style='normal', variant='normal', weight=400, stretch='normal', size='scalable')) = 10.05
16:00:06 [DEBUG   ] matplotlib.font_manager - findfont: score(FontEntry(fname='C:\\Users\\DELL\\AppData\\Local\\Programs\\Python\\Python314\\Lib\\site-packages\\matplotlib\\mpl-data\\fonts\\ttf\\DejaVuSans.ttf', name='DejaVu Sans', style='normal', variant='normal', weight=400, stretch='normal', size='scalable')) = 0.05
16:00:06 [DEBUG   ] matplotlib.font_manager - findfont: score(FontEntry(fname='C:\\Users\\DELL\\AppData\\Local\\Programs\\Python\\Python314\\Lib\\site-packages\\matplotlib\\mpl-data\\fonts\\ttf\\DejaVuSansMono-BoldOblique.ttf', name='DejaVu Sans Mono', style='oblique', variant='normal', weight=700, stretch='normal', size='scalable')) = 11.335
16:00:06 [DEBUG   ] matplotlib.font_manager - findfont: score(FontEntry(fname='C:\\Users\\DELL\\AppData\\Local\\Programs\\Python\\Python314\\Lib\\site-packages\\matplotlib\\mpl-data\\fonts\\ttf\\STIXGeneralBol.ttf', name='STIXGeneral', style='normal', variant='normal', weight=700, stretch='normal', size='scalable')) = 10.335
16:00:06 [DEBUG   ] matplotlib.font_manager - findfont: score(FontEntry(fname='C:\\Users\\DELL\\AppData\\Local\\Programs\\Python\\Python314\\Lib\\site-packages\\matplotlib\\mpl-data\\fonts\\ttf\\cmb10.ttf', name='cmb10', style='normal', variant='normal', weight=400, stretch='normal', size='scalable')) = 10.05
16:00:06 [DEBUG   ] matplotlib.font_manager - findfont: score(FontEntry(fname='C:\\Users\\DELL\\AppData\\Local\\Programs\\Python\\Python314\\Lib\\site-packages\\matplotlib\\mpl-data\\fonts\\ttf\\STIXGeneralBolIta.ttf', name='STIXGeneral', style='italic', variant='normal', weight=700, stretch='normal', size='scalable')) = 11.335
16:00:06 [DEBUG   ] matplotlib.font_manager - findfont: score(FontEntry(fname='C:\\Users\\DELL\\AppData\\Local\\Programs\\Python\\Python314\\Lib\\site-packages\\matplotlib\\mpl-data\\fonts\\ttf\\DejaVuSansMono-Oblique.ttf', name='DejaVu Sans Mono', style='oblique', variant='normal', weight=400, stretch='normal', size='scalable')) = 11.05
16:00:06 [DEBUG   ] matplotlib.font_manager - findfont: score(FontEntry(fname='C:\\Users\\DELL\\AppData\\Local\\Programs\\Python\\Python314\\Lib\\site-packages\\matplotlib\\mpl-data\\fonts\\ttf\\STIXSizFourSymReg.ttf', name='STIXSizeFourSym', style='normal', variant='normal', weight=400, stretch='normal', size='scalable')) = 10.05
16:00:06 [DEBUG   ] matplotlib.font_manager - findfont: score(FontEntry(fname='C:\\Users\\DELL\\AppData\\Local\\Programs\\Python\\Python314\\Lib\\site-packages\\matplotlib\\mpl-data\\fonts\\ttf\\STIXSizThreeSymBol.ttf', name='STIXSizeThreeSym', style='normal', variant='normal', weight=700, stretch='normal', size='scalable')) = 10.335
16:00:06 [DEBUG   ] matplotlib.font_manager - findfont: score(FontEntry(fname='C:\\Users\\DELL\\AppData\\Local\\Programs\\Python\\Python314\\Lib\\site-packages\\matplotlib\\mpl-data\\fonts\\ttf\\cmtt10.ttf', name='cmtt10', style='normal', variant='normal', weight=400, stretch='normal', size='scalable')) = 10.05
16:00:06 [DEBUG   ] matplotlib.font_manager - findfont: score(FontEntry(fname='C:\\Users\\DELL\\AppData\\Local\\Programs\\Python\\Python314\\Lib\\site-packages\\matplotlib\\mpl-data\\fonts\\ttf\\cmr10.ttf', name='cmr10', style='normal', variant='normal', weight=400, stretch='normal', size='scalable')) = 10.05
16:00:06 [DEBUG   ] matplotlib.font_manager - findfont: score(FontEntry(fname='C:\\Users\\DELL\\AppData\\Local\\Programs\\Python\\Python314\\Lib\\site-packages\\matplotlib\\mpl-data\\fonts\\ttf\\STIXSizFiveSymReg.ttf', name='STIXSizeFiveSym', style='normal', variant='normal', weight=400, stretch='normal', size='scalable')) = 10.05
16:00:06 [DEBUG   ] matplotlib.font_manager - findfont: score(FontEntry(fname='C:\\Users\\DELL\\AppData\\Local\\Programs\\Python\\Python314\\Lib\\site-packages\\matplotlib\\mpl-data\\fonts\\ttf\\cmsy10.ttf', name='cmsy10', style='normal', variant='normal', weight=400, stretch='normal', size='scalable')) = 10.05
16:00:06 [DEBUG   ] matplotlib.font_manager - findfont: score(FontEntry(fname='C:\\Users\\DELL\\AppData\\Local\\Programs\\Python\\Python314\\Lib\\site-packages\\matplotlib\\mpl-data\\fonts\\ttf\\DejaVuSansDisplay.ttf', name='DejaVu Sans Display', style='normal', variant='normal', weight=400, stretch='normal', size='scalable')) = 10.05
16:00:06 [DEBUG   ] matplotlib.font_manager - findfont: score(FontEntry(fname='C:\\Users\\DELL\\AppData\\Local\\Programs\\Python\\Python314\\Lib\\site-packages\\matplotlib\\mpl-data\\fonts\\ttf\\DejaVuSansMono-Bold.ttf', name='DejaVu Sans Mono', style='normal', variant='normal', weight=700, stretch='normal', size='scalable')) = 10.335
16:00:06 [DEBUG   ] matplotlib.font_manager - findfont: score(FontEntry(fname='C:\\Users\\DELL\\AppData\\Local\\Programs\\Python\\Python314\\Lib\\site-packages\\matplotlib\\mpl-data\\fonts\\ttf\\DejaVuSerifDisplay.ttf', name='DejaVu Serif Display', style='normal', variant='normal', weight=400, stretch='normal', size='scalable')) = 10.05
16:00:06 [DEBUG   ] matplotlib.font_manager - findfont: score(FontEntry(fname='C:\\Users\\DELL\\AppData\\Local\\Programs\\Python\\Python314\\Lib\\site-packages\\matplotlib\\mpl-data\\fonts\\ttf\\STIXSizOneSymBol.ttf', name='STIXSizeOneSym', style='normal', variant='normal', weight=700, stretch='normal', size='scalable')) = 10.335
16:00:06 [DEBUG   ] matplotlib.font_manager - findfont: score(FontEntry(fname='C:\\Users\\DELL\\AppData\\Local\\Programs\\Python\\Python314\\Lib\\site-packages\\matplotlib\\mpl-data\\fonts\\ttf\\STIXNonUniBol.ttf', name='STIXNonUnicode', style='normal', variant='normal', weight=700, stretch='normal', size='scalable')) = 10.335
16:00:06 [DEBUG   ] matplotlib.font_manager - findfont: score(FontEntry(fname='C:\\Users\\DELL\\AppData\\Local\\Programs\\Python\\Python314\\Lib\\site-packages\\matplotlib\\mpl-data\\fonts\\ttf\\DejaVuSans-BoldOblique.ttf', name='DejaVu Sans', style='oblique', variant='normal', weight=700, stretch='normal', size='scalable')) = 1.335
16:00:06 [DEBUG   ] matplotlib.font_manager - findfont: score(FontEntry(fname='C:\\Users\\DELL\\AppData\\Local\\Programs\\Python\\Python314\\Lib\\site-packages\\matplotlib\\mpl-data\\fonts\\ttf\\STIXNonUniBolIta.ttf', name='STIXNonUnicode', style='italic', variant='normal', weight=700, stretch='normal', size='scalable')) = 11.335
16:00:06 [DEBUG   ] matplotlib.font_manager - findfont: score(FontEntry(fname='C:\\Users\\DELL\\AppData\\Local\\Programs\\Python\\Python314\\Lib\\site-packages\\matplotlib\\mpl-data\\fonts\\ttf\\DejaVuSerif-Italic.ttf', name='DejaVu Serif', style='italic', variant='normal', weight=400, stretch='normal', size='scalable')) = 11.05
16:00:06 [DEBUG   ] matplotlib.font_manager - findfont: score(FontEntry(fname='C:\\Users\\DELL\\AppData\\Local\\Programs\\Python\\Python314\\Lib\\site-packages\\matplotlib\\mpl-data\\fonts\\ttf\\cmex10.ttf', name='cmex10', style='normal', variant='normal', weight=400, stretch='normal', size='scalable')) = 10.05
16:00:06 [DEBUG   ] matplotlib.font_manager - findfont: score(FontEntry(fname='C:\\Users\\DELL\\AppData\\Local\\Programs\\Python\\Python314\\Lib\\site-packages\\matplotlib\\mpl-data\\fonts\\ttf\\cmss10.ttf', name='cmss10', style='normal', variant='normal', weight=400, stretch='normal', size='scalable')) = 10.05
16:00:06 [DEBUG   ] matplotlib.font_manager - findfont: score(FontEntry(fname='C:\\Users\\DELL\\AppData\\Local\\Programs\\Python\\Python314\\Lib\\site-packages\\matplotlib\\mpl-data\\fonts\\ttf\\DejaVuSans-Bold.ttf', name='DejaVu Sans', style='normal', variant='normal', weight=700, stretch='normal', size='scalable')) = 0.33499999999999996
16:00:06 [DEBUG   ] matplotlib.font_manager - findfont: score(FontEntry(fname='C:\\Users\\DELL\\AppData\\Local\\Programs\\Python\\Python314\\Lib\\site-packages\\matplotlib\\mpl-data\\fonts\\ttf\\DejaVuSans-Oblique.ttf', name='DejaVu Sans', style='oblique', variant='normal', weight=400, stretch='normal', size='scalable')) = 1.05
16:00:06 [DEBUG   ] matplotlib.font_manager - findfont: score(FontEntry(fname='C:\\Users\\DELL\\AppData\\Local\\Programs\\Python\\Python314\\Lib\\site-packages\\matplotlib\\mpl-data\\fonts\\ttf\\STIXSizOneSymReg.ttf', name='STIXSizeOneSym', style='normal', variant='normal', weight=400, stretch='normal', size='scalable')) = 10.05
16:00:06 [DEBUG   ] matplotlib.font_manager - findfont: score(FontEntry(fname='C:\\Users\\DELL\\AppData\\Local\\Programs\\Python\\Python314\\Lib\\site-packages\\matplotlib\\mpl-data\\fonts\\ttf\\DejaVuSerif-BoldItalic.ttf', name='DejaVu Serif', style='italic', variant='normal', weight=700, stretch='normal', size='scalable')) = 11.335
16:00:06 [DEBUG   ] matplotlib.font_manager - findfont: score(FontEntry(fname='C:\\Users\\DELL\\AppData\\Local\\Programs\\Python\\Python314\\Lib\\site-packages\\matplotlib\\mpl-data\\fonts\\ttf\\STIXNonUni.ttf', name='STIXNonUnicode', style='normal', variant='normal', weight=400, stretch='normal', size='scalable')) = 10.05
16:00:06 [DEBUG   ] matplotlib.font_manager - findfont: score(FontEntry(fname='C:\\Users\\DELL\\AppData\\Local\\Programs\\Python\\Python314\\Lib\\site-packages\\matplotlib\\mpl-data\\fonts\\ttf\\DejaVuSerif.ttf', name='DejaVu Serif', style='normal', variant='normal', weight=400, stretch='normal', size='scalable')) = 10.05
16:00:06 [DEBUG   ] matplotlib.font_manager - findfont: score(FontEntry(fname='C:\\Users\\DELL\\AppData\\Local\\Programs\\Python\\Python314\\Lib\\site-packages\\matplotlib\\mpl-data\\fonts\\ttf\\STIXGeneral.ttf', name='STIXGeneral', style='normal', variant='normal', weight=400, stretch='normal', size='scalable')) = 10.05
16:00:06 [DEBUG   ] matplotlib.font_manager - findfont: score(FontEntry(fname='C:\\Users\\DELL\\AppData\\Local\\Programs\\Python\\Python314\\Lib\\site-packages\\matplotlib\\mpl-data\\fonts\\ttf\\STIXGeneralItalic.ttf', name='STIXGeneral', style='italic', variant='normal', weight=400, stretch='normal', size='scalable')) = 11.05
16:00:06 [DEBUG   ] matplotlib.font_manager - findfont: score(FontEntry(fname='C:\\Users\\DELL\\AppData\\Local\\Programs\\Python\\Python314\\Lib\\site-packages\\matplotlib\\mpl-data\\fonts\\ttf\\STIXSizTwoSymBol.ttf', name='STIXSizeTwoSym', style='normal', variant='normal', weight=700, stretch='normal', size='scalable')) = 10.335
16:00:06 [DEBUG   ] matplotlib.font_manager - findfont: score(FontEntry(fname='C:\\Windows\\Fonts\\GOUDOSB.TTF', name='Goudy Old Style', style='normal', variant='normal', weight=700, stretch='normal', size='scalable')) = 10.335
16:00:06 [DEBUG   ] matplotlib.font_manager - findfont: score(FontEntry(fname='C:\\Windows\\Fonts\\GLECB.TTF', name='Gloucester MT Extra Condensed', style='normal', variant='normal', weight=400, stretch='condensed', size='scalable')) = 10.25
16:00:06 [DEBUG   ] matplotlib.font_manager - findfont: score(FontEntry(fname='C:\\Windows\\Fonts\\COLONNA.TTF', name='Colonna MT', style='normal', variant='normal', weight=400, stretch='normal', size='scalable')) = 10.05
16:00:06 [DEBUG   ] matplotlib.font_manager - findfont: score(FontEntry(fname='C:\\Windows\\Fonts\\CENTURY.TTF', name='Century', style='normal', variant='normal', weight=400, stretch='normal', size='scalable')) = 10.05
16:00:06 [DEBUG   ] matplotlib.font_manager - findfont: score(FontEntry(fname='C:\\Windows\\Fonts\\constani.ttf', name='Constantia', style='italic', variant='normal', weight=400, stretch='normal', size='scalable')) = 11.05
16:00:06 [DEBUG   ] matplotlib.font_manager - findfont: score(FontEntry(fname='C:\\Windows\\Fonts\\gadugi.ttf', name='Gadugi', style='normal', variant='normal', weight=400, stretch='normal', size='scalable')) = 10.05
16:00:06 [DEBUG   ] matplotlib.font_manager - findfont: score(FontEntry(fname='C:\\Windows\\Fonts\\segoepr.ttf', name='Segoe Print', style='normal', variant='normal', weight=400, stretch='normal', size='scalable')) = 10.05
16:00:06 [DEBUG   ] matplotlib.font_manager - findfont: score(FontEntry(fname='C:\\Windows\\Fonts\\tahoma.ttf', name='Tahoma', style='normal', variant='normal', weight=400, stretch='normal', size='scalable')) = 10.05
16:00:06 [DEBUG   ] matplotlib.font_manager - findfont: score(FontEntry(fname='C:\\Windows\\Fonts\\CALIFR.TTF', name='Californian FB', style='normal', variant='normal', weight=400, stretch='normal', size='scalable')) = 10.05
16:00:06 [DEBUG   ] matplotlib.font_manager - findfont: score(FontEntry(fname='C:\\Windows\\Fonts\\PRISTINA.TTF', name='Pristina', style='normal', variant='normal', weight=400, stretch='normal', size='scalable')) = 10.05
16:00:06 [DEBUG   ] matplotlib.font_manager - findfont: score(FontEntry(fname='C:\\Windows\\Fonts\\ANTQUAI.TTF', name='Book Antiqua', style='italic', variant='normal', weight=400, stretch='normal', size='scalable')) = 11.05
16:00:06 [DEBUG   ] matplotlib.font_manager - findfont: score(FontEntry(fname='C:\\Windows\\Fonts\\simsun.ttc', name='SimSun', style='normal', variant='normal', weight=400, stretch='normal', size='scalable')) = 10.05
16:00:06 [DEBUG   ] matplotlib.font_manager - findfont: score(FontEntry(fname='C:\\Windows\\Fonts\\GOUDOS.TTF', name='Goudy Old Style', style='normal', variant='normal', weight=400, stretch='normal', size='scalable')) = 10.05
16:00:06 [DEBUG   ] matplotlib.font_manager - findfont: score(FontEntry(fname='C:\\Windows\\Fonts\\msyhl.ttc', name='Microsoft YaHei', style='normal', variant='normal', weight=290, stretch='normal', size='scalable')) = 10.1545
16:00:06 [DEBUG   ] matplotlib.font_manager - findfont: score(FontEntry(fname='C:\\Windows\\Fonts\\timesbi.ttf', name='Times New Roman', style='italic', variant='normal', weight=700, stretch='normal', size='scalable')) = 11.335
16:00:06 [DEBUG   ] matplotlib.font_manager - findfont: score(FontEntry(fname='C:\\Windows\\Fonts\\CENTAUR.TTF', name='Centaur', style='normal', variant='normal', weight=400, stretch='normal', size='scalable')) = 10.05
16:00:06 [DEBUG   ] matplotlib.font_manager - findfont: score(FontEntry(fname='C:\\Windows\\Fonts\\comicz.ttf', name='Comic Sans MS', style='italic', variant='normal', weight=700, stretch='normal', size='scalable')) = 11.335
16:00:06 [DEBUG   ] matplotlib.font_manager - findfont: score(FontEntry(fname='C:\\Windows\\Fonts\\Gabriola.ttf', name='Gabriola', style='normal', variant='normal', weight=400, stretch='normal', size='scalable')) = 10.05
16:00:06 [DEBUG   ] matplotlib.font_manager - findfont: score(FontEntry(fname='C:\\Windows\\Fonts\\consolaz.ttf', name='Consolas', style='italic', variant='normal', weight=700, stretch='normal', size='scalable')) = 11.335
16:00:06 [DEBUG   ] matplotlib.font_manager - findfont: score(FontEntry(fname='C:\\Windows\\Fonts\\PARCHM.TTF', name='Parchment', style='normal', variant='normal', weight=400, stretch='normal', size='scalable')) = 10.05
16:00:06 [DEBUG   ] matplotlib.font_manager - findfont: score(FontEntry(fname='C:\\Windows\\Fonts\\BASKVILL.TTF', name='Baskerville Old Face', style='normal', variant='normal', weight=400, stretch='normal', size='scalable')) = 10.05
16:00:06 [DEBUG   ] matplotlib.font_manager - findfont: score(FontEntry(fname='C:\\Windows\\Fonts\\LeelUIsl.ttf', name='Leelawadee UI', style='normal', variant='normal', weight=350, stretch='normal', size='scalable')) = 10.0975
16:00:06 [DEBUG   ] matplotlib.font_manager - findfont: score(FontEntry(fname='C:\\Windows\\Fonts\\MTEXTRA.TTF', name='MT Extra', style='normal', variant='normal', weight=400, stretch='normal', size='scalable')) = 10.05
16:00:06 [DEBUG   ] matplotlib.font_manager - findfont: score(FontEntry(fname='C:\\Windows\\Fonts\\COOPBL.TTF', name='Cooper Black', style='normal', variant='normal', weight=400, stretch='normal', size='scalable')) = 10.05
16:00:06 [DEBUG   ] matplotlib.font_manager - findfont: score(FontEntry(fname='C:\\Windows\\Fonts\\verdanab.ttf', name='Verdana', style='normal', variant='normal', weight=700, stretch='normal', size='scalable')) = 3.9713636363636367
16:00:06 [DEBUG   ] matplotlib.font_manager - findfont: score(FontEntry(fname='C:\\Windows\\Fonts\\seguisb.ttf', name='Segoe UI', style='normal', variant='normal', weight=600, stretch='normal', size='scalable')) = 10.24
16:00:06 [DEBUG   ] matplotlib.font_manager - findfont: score(FontEntry(fname='C:\\Windows\\Fonts\\consolai.ttf', name='Consolas', style='italic', variant='normal', weight=400, stretch='normal', size='scalable')) = 11.05
16:00:06 [DEBUG   ] matplotlib.font_manager - findfont: score(FontEntry(fname='C:\\Program Files (x86)\\IBM\\SPSS\\Amos\\24\\JRE\\lib\\fonts\\LucidaSansRegular.ttf', name='Lucida Sans', style='normal', variant='normal', weight=400, stretch='normal', size='scalable')) = 10.05
16:00:06 [DEBUG   ] matplotlib.font_manager - findfont: score(FontEntry(fname='C:\\Windows\\Fonts\\GOTHICBI.TTF', name='Century Gothic', style='italic', variant='normal', weight=700, stretch='normal', size='scalable')) = 11.335
16:00:06 [DEBUG   ] matplotlib.font_manager - findfont: score(FontEntry(fname='C:\\Windows\\Fonts\\courbi.ttf', name='Courier New', style='italic', variant='normal', weight=700, stretch='normal', size='scalable')) = 11.335
16:00:06 [DEBUG   ] matplotlib.font_manager - findfont: score(FontEntry(fname='C:\\Windows\\Fonts\\corbel.ttf', name='Corbel', style='normal', variant='normal', weight=400, stretch='normal', size='scalable')) = 10.05
16:00:06 [DEBUG   ] matplotlib.font_manager - findfont: score(FontEntry(fname='C:\\Windows\\Fonts\\BKANT.TTF', name='Book Antiqua', style='normal', variant='normal', weight=400, stretch='normal', size='scalable')) = 10.05
16:00:06 [DEBUG   ] matplotlib.font_manager - findfont: score(FontEntry(fname='C:\\Windows\\Fonts\\LSANSD.TTF', name='Lucida Sans', style='normal', variant='normal', weight=600, stretch='normal', size='scalable')) = 10.24
16:00:06 [DEBUG   ] matplotlib.font_manager - findfont: score(FontEntry(fname='C:\\Windows\\Fonts\\BOD_BLAR.TTF', name='Bodoni MT', style='normal', variant='normal', weight=900, stretch='normal', size='scalable')) = 10.525
16:00:06 [DEBUG   ] matplotlib.font_manager - findfont: score(FontEntry(fname='C:\\Windows\\Fonts\\GOTHIC.TTF', name='Century Gothic', style='normal', variant='normal', weight=400, stretch='normal', size='scalable')) = 10.05
16:00:06 [DEBUG   ] matplotlib.font_manager - findfont: score(FontEntry(fname='C:\\Windows\\Fonts\\verdanai.ttf', name='Verdana', style='italic', variant='normal', weight=400, stretch='normal', size='scalable')) = 4.6863636363636365
16:00:06 [DEBUG   ] matplotlib.font_manager - findfont: score(FontEntry(fname='C:\\Windows\\Fonts\\YuGothB.ttc', name='Yu Gothic', style='normal', variant='normal', weight=700, stretch='normal', size='scalable')) = 10.335
16:00:06 [DEBUG   ] matplotlib.font_manager - findfont: score(FontEntry(fname='C:\\Windows\\Fonts\\SansSerifCollection.ttf', name='Sans Serif Collection', style='normal', variant='normal', weight=400, stretch='normal', size='scalable')) = 10.05
16:00:06 [DEBUG   ] matplotlib.font_manager - findfont: score(FontEntry(fname='C:\\Windows\\Fonts\\TCCB____.TTF', name='Tw Cen MT Condensed', style='normal', variant='normal', weight=700, stretch='condensed', size='scalable')) = 10.535
16:00:06 [DEBUG   ] matplotlib.font_manager - findfont: score(FontEntry(fname='C:\\Windows\\Fonts\\LSANSI.TTF', name='Lucida Sans', style='italic', variant='normal', weight=400, stretch='normal', size='scalable')) = 11.05
16:00:06 [DEBUG   ] matplotlib.font_manager - findfont: score(FontEntry(fname='C:\\Windows\\Fonts\\RAGE.TTF', name='Rage Italic', style='italic', variant='normal', weight=400, stretch='normal', size='scalable')) = 11.05
16:00:06 [DEBUG   ] matplotlib.font_manager - findfont: score(FontEntry(fname='C:\\Program Files (x86)\\IBM\\SPSS\\Amos\\24\\JRE\\lib\\fonts\\LucidaBrightDemiItalic.ttf', name='Lucida Bright', style='italic', variant='normal', weight=700, stretch='normal', size='scalable')) = 11.335
16:00:06 [DEBUG   ] matplotlib.font_manager - findfont: score(FontEntry(fname='C:\\Windows\\Fonts\\timesbd.ttf', name='Times New Roman', style='normal', variant='normal', weight=700, stretch='normal', size='scalable')) = 10.335
16:00:06 [DEBUG   ] matplotlib.font_manager - findfont: score(FontEntry(fname='C:\\Windows\\Fonts\\webdings.ttf', name='Webdings', style='normal', variant='normal', weight=400, stretch='normal', size='scalable')) = 10.05
16:00:06 [DEBUG   ] matplotlib.font_manager - findfont: score(FontEntry(fname='C:\\Windows\\Fonts\\ERASLGHT.TTF', name='Eras Light ITC', style='normal', variant='normal', weight=400, stretch='normal', size='scalable')) = 10.05
16:00:06 [DEBUG   ] matplotlib.font_manager - findfont: score(FontEntry(fname='C:\\Windows\\Fonts\\segoesc.ttf', name='Segoe Script', style='normal', variant='normal', weight=400, stretch='normal', size='scalable')) = 10.05
16:00:06 [DEBUG   ] matplotlib.font_manager - findfont: score(FontEntry(fname='C:\\Windows\\Fonts\\BRADHITC.TTF', name='Bradley Hand ITC', style='normal', variant='normal', weight=400, stretch='normal', size='scalable')) = 10.05
16:00:06 [DEBUG   ] matplotlib.font_manager - findfont: score(FontEntry(fname='C:\\Windows\\Fonts\\timesi.ttf', name='Times New Roman', style='italic', variant='normal', weight=400, stretch='normal', size='scalable')) = 11.05
16:00:06 [DEBUG   ] matplotlib.font_manager - findfont: score(FontEntry(fname='C:\\Windows\\Fonts\\ROCKB.TTF', name='Rockwell', style='normal', variant='normal', weight=700, stretch='normal', size='scalable')) = 10.335
16:00:06 [DEBUG   ] matplotlib.font_manager - findfont: score(FontEntry(fname='C:\\Windows\\Fonts\\SHOWG.TTF', name='Showcard Gothic', style='normal', variant='normal', weight=400, stretch='normal', size='scalable')) = 10.05
16:00:06 [DEBUG   ] matplotlib.font_manager - findfont: score(FontEntry(fname='C:\\Windows\\Fonts\\trebucbd.ttf', name='Trebuchet MS', style='normal', variant='normal', weight=700, stretch='normal', size='scalable')) = 10.335
16:00:06 [DEBUG   ] matplotlib.font_manager - findfont: score(FontEntry(fname='C:\\Windows\\Fonts\\BOOKOSBI.TTF', name='Bookman Old Style', style='italic', variant='normal', weight=600, stretch='normal', size='scalable')) = 11.24
16:00:06 [DEBUG   ] matplotlib.font_manager - findfont: score(FontEntry(fname='C:\\Windows\\Fonts\\TCCEB.TTF', name='Tw Cen MT Condensed Extra Bold', style='normal', variant='normal', weight=400, stretch='condensed', size='scalable')) = 10.25
16:00:06 [DEBUG   ] matplotlib.font_manager - findfont: score(FontEntry(fname='C:\\Windows\\Fonts\\constan.ttf', name='Constantia', style='normal', variant='normal', weight=400, stretch='normal', size='scalable')) = 10.05
16:00:06 [DEBUG   ] matplotlib.font_manager - findfont: score(FontEntry(fname='C:\\Windows\\Fonts\\CALISTBI.TTF', name='Calisto MT', style='italic', variant='normal', weight=700, stretch='normal', size='scalable')) = 11.335
16:00:06 [DEBUG   ] matplotlib.font_manager - findfont: score(FontEntry(fname='C:\\Windows\\Fonts\\FRABK.TTF', name='Franklin Gothic Book', style='normal', variant='normal', weight=400, stretch='normal', size='scalable')) = 10.05
16:00:06 [DEBUG   ] matplotlib.font_manager - findfont: score(FontEntry(fname='C:\\Windows\\Fonts\\HATTEN.TTF', name='Haettenschweiler', style='normal', variant='normal', weight=400, stretch='normal', size='scalable')) = 10.05
16:00:06 [DEBUG   ] matplotlib.font_manager - findfont: score(FontEntry(fname='C:\\Windows\\Fonts\\ARIALNB.TTF', name='Arial', style='normal', variant='normal', weight=700, stretch='condensed', size='scalable')) = 6.8986363636363635
16:00:06 [DEBUG   ] matplotlib.font_manager - findfont: score(FontEntry(fname='C:\\Windows\\Fonts\\malgunbd.ttf', name='Malgun Gothic', style='normal', variant='normal', weight=700, stretch='normal', size='scalable')) = 10.335
16:00:06 [DEBUG   ] matplotlib.font_manager - findfont: score(FontEntry(fname='C:\\Windows\\Fonts\\calibri.ttf', name='Calibri', style='normal', variant='normal', weight=400, stretch='normal', size='scalable')) = 10.05
16:00:06 [DEBUG   ] matplotlib.font_manager - findfont: score(FontEntry(fname='C:\\Windows\\Fonts\\TCBI____.TTF', name='Tw Cen MT', style='italic', variant='normal', weight=700, stretch='normal', size='scalable')) = 11.335
16:00:06 [DEBUG   ] matplotlib.font_manager - findfont: score(FontEntry(fname='C:\\Windows\\Fonts\\LEELAWDB.TTF', name='Leelawadee', style='normal', variant='normal', weight=700, stretch='normal', size='scalable')) = 10.335
16:00:06 [DEBUG   ] matplotlib.font_manager - findfont: score(FontEntry(fname='C:\\Windows\\Fonts\\verdanaz.ttf', name='Verdana', style='italic', variant='normal', weight=700, stretch='normal', size='scalable')) = 4.971363636363637
16:00:06 [DEBUG   ] matplotlib.font_manager - findfont: score(FontEntry(fname='C:\\Windows\\Fonts\\SimsunExtG.ttf', name='SimSun-ExtG', style='normal', variant='normal', weight=400, stretch='normal', size='scalable')) = 10.05
16:00:06 [DEBUG   ] matplotlib.font_manager - findfont: score(FontEntry(fname='C:\\Windows\\Fonts\\DUBAI-MEDIUM.TTF', name='Dubai', style='normal', variant='normal', weight=500, stretch='normal', size='scalable')) = 10.145
16:00:06 [DEBUG   ] matplotlib.font_manager - findfont: score(FontEntry(fname='C:\\Windows\\Fonts\\seguisym.ttf', name='Segoe UI Symbol', style='normal', variant='normal', weight=400, stretch='normal', size='scalable')) = 10.05
16:00:06 [DEBUG   ] matplotlib.font_manager - findfont: score(FontEntry(fname='C:\\Windows\\Fonts\\cambriai.ttf', name='Cambria', style='italic', variant='normal', weight=400, stretch='normal', size='scalable')) = 11.05
16:00:06 [DEBUG   ] matplotlib.font_manager - findfont: score(FontEntry(fname='C:\\Windows\\Fonts\\PAPYRUS.TTF', name='Papyrus', style='normal', variant='normal', weight=400, stretch='normal', size='scalable')) = 10.05
16:00:06 [DEBUG   ] matplotlib.font_manager - findfont: score(FontEntry(fname='C:\\Windows\\Fonts\\MSUIGHUB.TTF', name='Microsoft Uighur', style='normal', variant='normal', weight=700, stretch='normal', size='scalable')) = 10.335
16:00:06 [DEBUG   ] matplotlib.font_manager - findfont: score(FontEntry(fname='C:\\Windows\\Fonts\\MOD20.TTF', name='Modern No. 20', style='normal', variant='normal', weight=400, stretch='normal', size='scalable')) = 10.05
16:00:06 [DEBUG   ] matplotlib.font_manager - findfont: score(FontEntry(fname='C:\\Program Files (x86)\\IBM\\SPSS\\Amos\\24\\JRE\\lib\\fonts\\LucidaSansDemiBold.ttf', name='Lucida Sans', style='normal', variant='normal', weight=700, stretch='normal', size='scalable')) = 10.335
16:00:06 [DEBUG   ] matplotlib.font_manager - findfont: score(FontEntry(fname='C:\\Windows\\Fonts\\RAVIE.TTF', name='Ravie', style='normal', variant='normal', weight=400, stretch='normal', size='scalable')) = 10.05
16:00:06 [DEBUG   ] matplotlib.font_manager - findfont: score(FontEntry(fname='C:\\Windows\\Fonts\\PERTIBD.TTF', name='Perpetua Titling MT', style='normal', variant='normal', weight=700, stretch='normal', size='scalable')) = 10.335
16:00:06 [DEBUG   ] matplotlib.font_manager - findfont: score(FontEntry(fname='C:\\Windows\\Fonts\\LHANDW.TTF', name='Lucida Handwriting', style='italic', variant='normal', weight=400, stretch='normal', size='scalable')) = 11.05
16:00:06 [DEBUG   ] matplotlib.font_manager - findfont: score(FontEntry(fname='C:\\Windows\\Fonts\\FRABKIT.TTF', name='Franklin Gothic Book', style='italic', variant='normal', weight=400, stretch='normal', size='scalable')) = 11.05
16:00:06 [DEBUG   ] matplotlib.font_manager - findfont: score(FontEntry(fname='C:\\Program Files (x86)\\Adobe\\Acrobat DC\\Resource\\Font\\AdobeDevanagari-Italic.otf', name='Adobe Devanagari', style='italic', variant='normal', weight=400, stretch='normal', size='scalable')) = 11.05
16:00:06 [DEBUG   ] matplotlib.font_manager - findfont: score(FontEntry(fname='C:\\Windows\\Fonts\\taile.ttf', name='Microsoft Tai Le', style='normal', variant='normal', weight=400, stretch='normal', size='scalable')) = 10.05
16:00:06 [DEBUG   ] matplotlib.font_manager - findfont: score(FontEntry(fname='C:\\Windows\\Fonts\\segoeuisl.ttf', name='Segoe UI', style='normal', variant='normal', weight=350, stretch='normal', size='scalable')) = 10.0975
16:00:06 [DEBUG   ] matplotlib.font_manager - findfont: score(FontEntry(fname='C:\\Windows\\Fonts\\MSUIGHUR.TTF', name='Microsoft Uighur', style='normal', variant='normal', weight=400, stretch='normal', size='scalable')) = 10.05
16:00:06 [DEBUG   ] matplotlib.font_manager - findfont: score(FontEntry(fname='C:\\Windows\\Fonts\\NIAGENG.TTF', name='Niagara Engraved', style='normal', variant='normal', weight=400, stretch='normal', size='scalable')) = 10.05
16:00:06 [DEBUG   ] matplotlib.font_manager - findfont: score(FontEntry(fname='C:\\Windows\\Fonts\\KUNSTLER.TTF', name='Kunstler Script', style='normal', variant='normal', weight=400, stretch='normal', size='scalable')) = 10.05
16:00:06 [DEBUG   ] matplotlib.font_manager - findfont: score(FontEntry(fname='C:\\Windows\\Fonts\\PERBI___.TTF', name='Perpetua', style='italic', variant='normal', weight=700, stretch='normal', size='scalable')) = 11.335
16:00:06 [DEBUG   ] matplotlib.font_manager - findfont: score(FontEntry(fname='C:\\Windows\\Fonts\\ELEPHNT.TTF', name='Elephant', style='normal', variant='normal', weight=400, stretch='normal', size='scalable')) = 10.05
16:00:06 [DEBUG   ] matplotlib.font_manager - findfont: score(FontEntry(fname='C:\\Windows\\Fonts\\GARA.TTF', name='Garamond', style='normal', variant='normal', weight=400, stretch='normal', size='scalable')) = 10.05
16:00:06 [DEBUG   ] matplotlib.font_manager - findfont: score(FontEntry(fname='C:\\Windows\\Fonts\\msyh.ttc', name='Microsoft YaHei', style='normal', variant='normal', weight=400, stretch='normal', size='scalable')) = 10.05
16:00:06 [DEBUG   ] matplotlib.font_manager - findfont: score(FontEntry(fname='C:\\Windows\\Fonts\\LEELAWAD.TTF', name='Leelawadee', style='normal', variant='normal', weight=400, stretch='normal', size='scalable')) = 10.05
16:00:06 [DEBUG   ] matplotlib.font_manager - findfont: score(FontEntry(fname='C:\\Windows\\Fonts\\constanb.ttf', name='Constantia', style='normal', variant='normal', weight=700, stretch='normal', size='scalable')) = 10.335
16:00:06 [DEBUG   ] matplotlib.font_manager - findfont: score(FontEntry(fname='C:\\Windows\\Fonts\\BOD_CR.TTF', name='Bodoni MT', style='normal', variant='normal', weight=400, stretch='condensed', size='scalable')) = 10.25
16:00:06 [DEBUG   ] matplotlib.font_manager - findfont: score(FontEntry(fname='C:\\Windows\\Fonts\\TCCM____.TTF', name='Tw Cen MT Condensed', style='normal', variant='normal', weight=400, stretch='condensed', size='scalable')) = 10.25
16:00:06 [DEBUG   ] matplotlib.font_manager - findfont: score(FontEntry(fname='C:\\Windows\\Fonts\\OCRAEXT.TTF', name='OCR A Extended', style='normal', variant='normal', weight=400, stretch='expanded', size='scalable')) = 10.25
16:00:06 [DEBUG   ] matplotlib.font_manager - findfont: score(FontEntry(fname='C:\\Windows\\Fonts\\IMPRISHA.TTF', name='Imprint MT Shadow', style='normal', variant='normal', weight=400, stretch='normal', size='scalable')) = 10.05
16:00:06 [DEBUG   ] matplotlib.font_manager - findfont: score(FontEntry(fname='C:\\Windows\\Fonts\\symbol.ttf', name='Symbol', style='normal', variant='normal', weight=400, stretch='normal', size='scalable')) = 10.05
16:00:06 [DEBUG   ] matplotlib.font_manager - findfont: score(FontEntry(fname='C:\\Windows\\Fonts\\constanz.ttf', name='Constantia', style='italic', variant='normal', weight=700, stretch='normal', size='scalable')) = 11.335
16:00:06 [DEBUG   ] matplotlib.font_manager - findfont: score(FontEntry(fname='C:\\Windows\\Fonts\\Inkfree.ttf', name='Ink Free', style='normal', variant='normal', weight=400, stretch='normal', size='scalable')) = 10.05
16:00:06 [DEBUG   ] matplotlib.font_manager - findfont: score(FontEntry(fname='C:\\Windows\\Fonts\\GILLUBCD.TTF', name='Gill Sans Ultra Bold Condensed', style='normal', variant='normal', weight=400, stretch='condensed', size='scalable')) = 10.25
16:00:06 [DEBUG   ] matplotlib.font_manager - findfont: score(FontEntry(fname='C:\\Windows\\Fonts\\HARLOWSI.TTF', name='Harlow Solid Italic', style='italic', variant='normal', weight=400, stretch='normal', size='scalable')) = 11.05
16:00:06 [DEBUG   ] matplotlib.font_manager - findfont: score(FontEntry(fname='C:\\Windows\\Fonts\\taileb.ttf', name='Microsoft Tai Le', style='normal', variant='normal', weight=700, stretch='normal', size='scalable')) = 10.335
16:00:06 [DEBUG   ] matplotlib.font_manager - findfont: score(FontEntry(fname='C:\\Program Files (x86)\\IBM\\SPSS\\Amos\\24\\JRE\\lib\\fonts\\LucidaBrightDemiBold.ttf', name='Lucida Bright', style='normal', variant='normal', weight=700, stretch='normal', size='scalable')) = 10.335
16:00:06 [DEBUG   ] matplotlib.font_manager - findfont: score(FontEntry(fname='C:\\Windows\\Fonts\\STENCIL.TTF', name='Stencil', style='normal', variant='normal', weight=400, stretch='normal', size='scalable')) = 10.05
16:00:06 [DEBUG   ] matplotlib.font_manager - findfont: score(FontEntry(fname='C:\\Windows\\Fonts\\BRITANIC.TTF', name='Britannic Bold', style='normal', variant='normal', weight=400, stretch='normal', size='scalable')) = 10.05
16:00:06 [DEBUG   ] matplotlib.font_manager - findfont: score(FontEntry(fname='C:\\Windows\\Fonts\\malgun.ttf', name='Malgun Gothic', style='normal', variant='normal', weight=400, stretch='normal', size='scalable')) = 10.05
16:00:06 [DEBUG   ] matplotlib.font_manager - findfont: score(FontEntry(fname='C:\\Windows\\Fonts\\ntailu.ttf', name='Microsoft New Tai Lue', style='normal', variant='normal', weight=400, stretch='normal', size='scalable')) = 10.05
16:00:06 [DEBUG   ] matplotlib.font_manager - findfont: score(FontEntry(fname='C:\\Windows\\Fonts\\BRLNSR.TTF', name='Berlin Sans FB', style='normal', variant='normal', weight=400, stretch='normal', size='scalable')) = 10.05
16:00:06 [DEBUG   ] matplotlib.font_manager - findfont: score(FontEntry(fname='C:\\Windows\\Fonts\\mingliub.ttc', name='MingLiU-ExtB', style='normal', variant='normal', weight=400, stretch='normal', size='scalable')) = 10.05
16:00:06 [DEBUG   ] matplotlib.font_manager - findfont: score(FontEntry(fname='C:\\Windows\\Fonts\\BOOKOS.TTF', name='Bookman Old Style', style='normal', variant='normal', weight=300, stretch='normal', size='scalable')) = 10.145
16:00:06 [DEBUG   ] matplotlib.font_manager - findfont: score(FontEntry(fname='C:\\Windows\\Fonts\\GILSANUB.TTF', name='Gill Sans Ultra Bold', style='normal', variant='normal', weight=400, stretch='normal', size='scalable')) = 10.05
16:00:06 [DEBUG   ] matplotlib.font_manager - findfont: score(FontEntry(fname='C:\\Windows\\Fonts\\calibril.ttf', name='Calibri', style='normal', variant='normal', weight=300, stretch='normal', size='scalable')) = 10.145
16:00:06 [DEBUG   ] matplotlib.font_manager - findfont: score(FontEntry(fname='C:\\Windows\\Fonts\\WINGDNG2.TTF', name='Wingdings 2', style='normal', variant='normal', weight=400, stretch='normal', size='scalable')) = 10.05
16:00:06 [DEBUG   ] matplotlib.font_manager - findfont: score(FontEntry(fname='C:\\Windows\\Fonts\\FRAMDCN.TTF', name='Franklin Gothic Medium Cond', style='normal', variant='normal', weight=400, stretch='condensed', size='scalable')) = 10.25
16:00:06 [DEBUG   ] matplotlib.font_manager - findfont: score(FontEntry(fname='C:\\Windows\\Fonts\\BAUHS93.TTF', name='Bauhaus 93', style='normal', variant='normal', weight=400, stretch='normal', size='scalable')) = 10.05
16:00:06 [DEBUG   ] matplotlib.font_manager - findfont: score(FontEntry(fname='C:\\Windows\\Fonts\\ebrimabd.ttf', name='Ebrima', style='normal', variant='normal', weight=700, stretch='normal', size='scalable')) = 10.335
16:00:06 [DEBUG   ] matplotlib.font_manager - findfont: score(FontEntry(fname='C:\\Windows\\Fonts\\LFAXD.TTF', name='Lucida Fax', style='normal', variant='normal', weight=600, stretch='normal', size='scalable')) = 10.24
16:00:06 [DEBUG   ] matplotlib.font_manager - findfont: score(FontEntry(fname='C:\\Windows\\Fonts\\framd.ttf', name='Franklin Gothic Medium', style='normal', variant='normal', weight=400, stretch='normal', size='scalable')) = 10.05
16:00:06 [DEBUG   ] matplotlib.font_manager - findfont: score(FontEntry(fname='C:\\Windows\\Fonts\\ANTQUABI.TTF', name='Book Antiqua', style='italic', variant='normal', weight=700, stretch='normal', size='scalable')) = 11.335
16:00:06 [DEBUG   ] matplotlib.font_manager - findfont: score(FontEntry(fname='C:\\Windows\\Fonts\\mmrtext.ttf', name='Myanmar Text', style='normal', variant='normal', weight=400, stretch='normal', size='scalable')) = 10.05
16:00:06 [DEBUG   ] matplotlib.font_manager - findfont: score(FontEntry(fname='C:\\Windows\\Fonts\\GOTHICI.TTF', name='Century Gothic', style='italic', variant='normal', weight=400, stretch='normal', size='scalable')) = 11.05
16:00:06 [DEBUG   ] matplotlib.font_manager - findfont: score(FontEntry(fname='C:\\Windows\\Fonts\\ANTQUAB.TTF', name='Book Antiqua', style='normal', variant='normal', weight=700, stretch='normal', size='scalable')) = 10.335
16:00:06 [DEBUG   ] matplotlib.font_manager - findfont: score(FontEntry(fname='C:\\Windows\\Fonts\\GOTHICB.TTF', name='Century Gothic', style='normal', variant='normal', weight=700, stretch='normal', size='scalable')) = 10.335
16:00:06 [DEBUG   ] matplotlib.font_manager - findfont: score(FontEntry(fname='C:\\Windows\\Fonts\\arialbi.ttf', name='Arial', style='italic', variant='normal', weight=700, stretch='normal', size='scalable')) = 7.698636363636363
16:00:06 [DEBUG   ] matplotlib.font_manager - findfont: score(FontEntry(fname='C:\\Windows\\Fonts\\WINGDNG3.TTF', name='Wingdings 3', style='normal', variant='normal', weight=400, stretch='normal', size='scalable')) = 10.05
16:00:06 [DEBUG   ] matplotlib.font_manager - findfont: score(FontEntry(fname='C:\\Windows\\Fonts\\cour.ttf', name='Courier New', style='normal', variant='normal', weight=400, stretch='normal', size='scalable')) = 10.05
16:00:06 [DEBUG   ] matplotlib.font_manager - findfont: score(FontEntry(fname='C:\\Windows\\Fonts\\verdana.ttf', name='Verdana', style='normal', variant='normal', weight=400, stretch='normal', size='scalable')) = 3.6863636363636365
16:00:06 [DEBUG   ] matplotlib.font_manager - findfont: score(FontEntry(fname='C:\\Windows\\Fonts\\SegoeIcons.ttf', name='Segoe Fluent Icons', style='normal', variant='normal', weight=400, stretch='normal', size='scalable')) = 10.05
16:00:06 [DEBUG   ] matplotlib.font_manager - findfont: score(FontEntry(fname='C:\\Windows\\Fonts\\VINERITC.TTF', name='Viner Hand ITC', style='normal', variant='normal', weight=400, stretch='normal', size='scalable')) = 10.05
16:00:06 [DEBUG   ] matplotlib.font_manager - findfont: score(FontEntry(fname='C:\\Windows\\Fonts\\msjhl.ttc', name='Microsoft JhengHei', style='normal', variant='normal', weight=290, stretch='normal', size='scalable')) = 10.1545
16:00:06 [DEBUG   ] matplotlib.font_manager - findfont: score(FontEntry(fname='C:\\Windows\\Fonts\\segoeuiz.ttf', name='Segoe UI', style='italic', variant='normal', weight=700, stretch='normal', size='scalable')) = 11.335
16:00:06 [DEBUG   ] matplotlib.font_manager - findfont: score(FontEntry(fname='C:\\Windows\\Fonts\\simsunb.ttf', name='SimSun-ExtB', style='normal', variant='normal', weight=400, stretch='normal', size='scalable')) = 10.05
16:00:06 [DEBUG   ] matplotlib.font_manager - findfont: score(FontEntry(fname='C:\\Program Files (x86)\\Adobe\\Acrobat DC\\Resource\\Font\\AdobeDevanagari-BoldItalic.otf', name='Adobe Devanagari', style='italic', variant='normal', weight=700, stretch='normal', size='scalable')) = 11.335
16:00:06 [DEBUG   ] matplotlib.font_manager - findfont: score(FontEntry(fname='C:\\Windows\\Fonts\\ebrima.ttf', name='Ebrima', style='normal', variant='normal', weight=400, stretch='normal', size='scalable')) = 10.05
16:00:06 [DEBUG   ] matplotlib.font_manager - findfont: score(FontEntry(fname='C:\\Windows\\Fonts\\seguibl.ttf', name='Segoe UI', style='normal', variant='normal', weight=900, stretch='normal', size='scalable')) = 10.525
16:00:06 [DEBUG   ] matplotlib.font_manager - findfont: score(FontEntry(fname='C:\\Windows\\Fonts\\OLDENGL.TTF', name='Old English Text MT', style='normal', variant='normal', weight=400, stretch='normal', size='scalable')) = 10.05
16:00:06 [DEBUG   ] matplotlib.font_manager - findfont: score(FontEntry(fname='C:\\Windows\\Fonts\\MISTRAL.TTF', name='Mistral', style='normal', variant='normal', weight=400, stretch='normal', size='scalable')) = 10.05
16:00:06 [DEBUG   ] matplotlib.font_manager - findfont: score(FontEntry(fname='C:\\Windows\\Fonts\\LATINWD.TTF', name='Wide Latin', style='normal', variant='normal', weight=400, stretch='expanded', size='scalable')) = 10.25
16:00:06 [DEBUG   ] matplotlib.font_manager - findfont: score(FontEntry(fname='C:\\Windows\\Fonts\\ariali.ttf', name='Arial', style='italic', variant='normal', weight=400, stretch='normal', size='scalable')) = 7.413636363636363
16:00:06 [DEBUG   ] matplotlib.font_manager - findfont: score(FontEntry(fname='C:\\Windows\\Fonts\\bahnschrift.ttf', name='Bahnschrift', style='normal', variant='normal', weight=400, stretch='normal', size='scalable')) = 10.05
16:00:06 [DEBUG   ] matplotlib.font_manager - findfont: score(FontEntry(fname='C:\\Windows\\Fonts\\gadugib.ttf', name='Gadugi', style='normal', variant='normal', weight=700, stretch='normal', size='scalable')) = 10.335
16:00:06 [DEBUG   ] matplotlib.font_manager - findfont: score(FontEntry(fname='C:\\Windows\\Fonts\\BELL.TTF', name='Bell MT', style='normal', variant='normal', weight=400, stretch='normal', size='scalable')) = 10.05
16:00:06 [DEBUG   ] matplotlib.font_manager - findfont: score(FontEntry(fname='C:\\Windows\\Fonts\\FREESCPT.TTF', name='Freestyle Script', style='normal', variant='normal', weight=400, stretch='normal', size='scalable')) = 10.05
16:00:06 [DEBUG   ] matplotlib.font_manager - findfont: score(FontEntry(fname='C:\\Windows\\Fonts\\ROCKBI.TTF', name='Rockwell', style='italic', variant='normal', weight=700, stretch='normal', size='scalable')) = 11.335
16:00:06 [DEBUG   ] matplotlib.font_manager - findfont: score(FontEntry(fname='C:\\Windows\\Fonts\\MAGNETOB.TTF', name='Magneto', style='normal', variant='normal', weight=700, stretch='normal', size='scalable')) = 10.335
16:00:06 [DEBUG   ] matplotlib.font_manager - findfont: score(FontEntry(fname='C:\\Windows\\Fonts\\msjhbd.ttc', name='Microsoft JhengHei', style='normal', variant='normal', weight=700, stretch='normal', size='scalable')) = 10.335
16:00:06 [DEBUG   ] matplotlib.font_manager - findfont: score(FontEntry(fname='C:\\Windows\\Fonts\\palab.ttf', name='Palatino Linotype', style='normal', variant='normal', weight=700, stretch='normal', size='scalable')) = 10.335
16:00:06 [DEBUG   ] matplotlib.font_manager - findfont: score(FontEntry(fname='C:\\Windows\\Fonts\\DUBAI-REGULAR.TTF', name='Dubai', style='normal', variant='normal', weight=400, stretch='normal', size='scalable')) = 10.05
16:00:06 [DEBUG   ] matplotlib.font_manager - findfont: score(FontEntry(fname='C:\\Windows\\Fonts\\msjh.ttc', name='Microsoft JhengHei', style='normal', variant='normal', weight=400, stretch='normal', size='scalable')) = 10.05
16:00:06 [DEBUG   ] matplotlib.font_manager - findfont: score(FontEntry(fname='C:\\Windows\\Fonts\\MAIAN.TTF', name='Maiandra GD', style='normal', variant='normal', weight=400, stretch='normal', size='scalable')) = 10.05
16:00:06 [DEBUG   ] matplotlib.font_manager - findfont: score(FontEntry(fname='C:\\Windows\\Fonts\\FRSCRIPT.TTF', name='French Script MT', style='normal', variant='normal', weight=400, stretch='normal', size='scalable')) = 10.05
16:00:06 [DEBUG   ] matplotlib.font_manager - findfont: score(FontEntry(fname='C:\\Program Files (x86)\\IBM\\SPSS\\Amos\\24\\JRE\\lib\\fonts\\LucidaTypewriterRegular.ttf', name='Lucida Sans Typewriter', style='normal', variant='normal', weight=400, stretch='normal', size='scalable')) = 10.05
16:00:06 [DEBUG   ] matplotlib.font_manager - findfont: score(FontEntry(fname='C:\\Windows\\Fonts\\cambria.ttc', name='Cambria', style='normal', variant='normal', weight=400, stretch='normal', size='scalable')) = 10.05
16:00:06 [DEBUG   ] matplotlib.font_manager - findfont: score(FontEntry(fname='C:\\Windows\\Fonts\\msyhbd.ttc', name='Microsoft YaHei', style='normal', variant='normal', weight=700, stretch='normal', size='scalable')) = 10.335
16:00:06 [DEBUG   ] matplotlib.font_manager - findfont: score(FontEntry(fname='C:\\Windows\\Fonts\\FRADMIT.TTF', name='Franklin Gothic Demi', style='italic', variant='normal', weight=400, stretch='normal', size='scalable')) = 11.05
16:00:06 [DEBUG   ] matplotlib.font_manager - findfont: score(FontEntry(fname='C:\\Windows\\Fonts\\phagspab.ttf', name='Microsoft PhagsPa', style='normal', variant='normal', weight=700, stretch='normal', size='scalable')) = 10.335
16:00:06 [DEBUG   ] matplotlib.font_manager - findfont: score(FontEntry(fname='C:\\Windows\\Fonts\\TCMI____.TTF', name='Tw Cen MT', style='italic', variant='normal', weight=400, stretch='normal', size='scalable')) = 11.05
16:00:06 [DEBUG   ] matplotlib.font_manager - findfont: score(FontEntry(fname='C:\\Windows\\Fonts\\BOD_CBI.TTF', name='Bodoni MT', style='italic', variant='normal', weight=700, stretch='condensed', size='scalable')) = 11.535
16:00:06 [DEBUG   ] matplotlib.font_manager - findfont: score(FontEntry(fname='C:\\Windows\\Fonts\\calibriz.ttf', name='Calibri', style='italic', variant='normal', weight=700, stretch='normal', size='scalable')) = 11.335
16:00:06 [DEBUG   ] matplotlib.font_manager - findfont: score(FontEntry(fname='C:\\Windows\\Fonts\\seguibli.ttf', name='Segoe UI', style='italic', variant='normal', weight=900, stretch='normal', size='scalable')) = 11.525
16:00:06 [DEBUG   ] matplotlib.font_manager - findfont: score(FontEntry(fname='C:\\Windows\\Fonts\\courbd.ttf', name='Courier New', style='normal', variant='normal', weight=700, stretch='normal', size='scalable')) = 10.335
16:00:06 [DEBUG   ] matplotlib.font_manager - findfont: score(FontEntry(fname='C:\\Windows\\Fonts\\BOD_PSTC.TTF', name='Bodoni MT', style='normal', variant='normal', weight=300, stretch='normal', size='scalable')) = 10.145
16:00:06 [DEBUG   ] matplotlib.font_manager - findfont: score(FontEntry(fname='C:\\Windows\\Fonts\\cambriab.ttf', name='Cambria', style='normal', variant='normal', weight=700, stretch='normal', size='scalable')) = 10.335
16:00:06 [DEBUG   ] matplotlib.font_manager - findfont: score(FontEntry(fname='C:\\Windows\\Fonts\\georgiai.ttf', name='Georgia', style='italic', variant='normal', weight=400, stretch='normal', size='scalable')) = 11.05
16:00:06 [DEBUG   ] matplotlib.font_manager - findfont: score(FontEntry(fname='C:\\Windows\\Fonts\\CALIFI.TTF', name='Californian FB', style='italic', variant='normal', weight=400, stretch='normal', size='scalable')) = 11.05
16:00:06 [DEBUG   ] matplotlib.font_manager - findfont: score(FontEntry(fname='C:\\Windows\\Fonts\\mmrtextb.ttf', name='Myanmar Text', style='normal', variant='normal', weight=700, stretch='normal', size='scalable')) = 10.335
16:00:06 [DEBUG   ] matplotlib.font_manager - findfont: score(FontEntry(fname='C:\\Windows\\Fonts\\SCHLBKB.TTF', name='Century Schoolbook', style='normal', variant='normal', weight=700, stretch='normal', size='scalable')) = 10.335
16:00:06 [DEBUG   ] matplotlib.font_manager - findfont: score(FontEntry(fname='C:\\Windows\\Fonts\\OUTLOOK.TTF', name='MS Outlook', style='normal', variant='normal', weight=400, stretch='normal', size='scalable')) = 10.05
16:00:06 [DEBUG   ] matplotlib.font_manager - findfont: score(FontEntry(fname='C:\\Windows\\Fonts\\georgia.ttf', name='Georgia', style='normal', variant='normal', weight=400, stretch='normal', size='scalable')) = 10.05
16:00:06 [DEBUG   ] matplotlib.font_manager - findfont: score(FontEntry(fname='C:\\Windows\\Fonts\\BELLB.TTF', name='Bell MT', style='normal', variant='normal', weight=700, stretch='normal', size='scalable')) = 10.335
16:00:06 [DEBUG   ] matplotlib.font_manager - findfont: score(FontEntry(fname='C:\\Windows\\Fonts\\ERASDEMI.TTF', name='Eras Demi ITC', style='normal', variant='normal', weight=400, stretch='normal', size='scalable')) = 10.05
16:00:06 [DEBUG   ] matplotlib.font_manager - findfont: score(FontEntry(fname='C:\\Windows\\Fonts\\framdit.ttf', name='Franklin Gothic Medium', style='italic', variant='normal', weight=400, stretch='normal', size='scalable')) = 11.05
16:00:06 [DEBUG   ] matplotlib.font_manager - findfont: score(FontEntry(fname='C:\\Windows\\Fonts\\GOUDYSTO.TTF', name='Goudy Stout', style='normal', variant='normal', weight=400, stretch='normal', size='scalable')) = 10.05
16:00:06 [DEBUG   ] matplotlib.font_manager - findfont: score(FontEntry(fname='C:\\Windows\\Fonts\\CALIST.TTF', name='Calisto MT', style='normal', variant='normal', weight=400, stretch='normal', size='scalable')) = 10.05
16:00:06 [DEBUG   ] matplotlib.font_manager - findfont: score(FontEntry(fname='C:\\Program Files (x86)\\IBM\\SPSS\\Amos\\24\\JRE\\lib\\fonts\\LucidaBrightItalic.ttf', name='Lucida Bright', style='italic', variant='normal', weight=400, stretch='normal', size='scalable')) = 11.05
16:00:06 [DEBUG   ] matplotlib.font_manager - findfont: score(FontEntry(fname='C:\\Windows\\Fonts\\CHILLER.TTF', name='Chiller', style='normal', variant='normal', weight=400, stretch='normal', size='scalable')) = 10.05
16:00:06 [DEBUG   ] matplotlib.font_manager - findfont: score(FontEntry(fname='C:\\Windows\\Fonts\\ZWAdobeF.TTF', name='ZWAdobeF', style='normal', variant='normal', weight=400, stretch='normal', size='scalable')) = 10.05
16:00:06 [DEBUG   ] matplotlib.font_manager - findfont: score(FontEntry(fname='C:\\Windows\\Fonts\\monbaiti.ttf', name='Mongolian Baiti', style='normal', variant='normal', weight=400, stretch='normal', size='scalable')) = 10.05
16:00:06 [DEBUG   ] matplotlib.font_manager - findfont: score(FontEntry(fname='C:\\Windows\\Fonts\\GILI____.TTF', name='Gill Sans MT', style='italic', variant='normal', weight=400, stretch='normal', size='scalable')) = 11.05
16:00:06 [DEBUG   ] matplotlib.font_manager - findfont: score(FontEntry(fname='C:\\Windows\\Fonts\\SCHLBKI.TTF', name='Century Schoolbook', style='italic', variant='normal', weight=400, stretch='normal', size='scalable')) = 11.05
16:00:06 [DEBUG   ] matplotlib.font_manager - findfont: score(FontEntry(fname='C:\\Windows\\Fonts\\BRUSHSCI.TTF', name='Brush Script MT', style='italic', variant='normal', weight=400, stretch='normal', size='scalable')) = 11.05
16:00:06 [DEBUG   ] matplotlib.font_manager - findfont: score(FontEntry(fname='C:\\Windows\\Fonts\\georgiaz.ttf', name='Georgia', style='italic', variant='normal', weight=700, stretch='normal', size='scalable')) = 11.335
16:00:06 [DEBUG   ] matplotlib.font_manager - findfont: score(FontEntry(fname='C:\\Windows\\Fonts\\corbelz.ttf', name='Corbel', style='italic', variant='normal', weight=700, stretch='normal', size='scalable')) = 11.335
16:00:06 [DEBUG   ] matplotlib.font_manager - findfont: score(FontEntry(fname='C:\\Windows\\Fonts\\INFROMAN.TTF', name='Informal Roman', style='normal', variant='normal', weight=400, stretch='normal', size='scalable')) = 10.05
16:00:06 [DEBUG   ] matplotlib.font_manager - findfont: score(FontEntry(fname='C:\\Windows\\Fonts\\Candarab.ttf', name='Candara', style='normal', variant='normal', weight=700, stretch='normal', size='scalable')) = 10.335
16:00:06 [DEBUG   ] matplotlib.font_manager - findfont: score(FontEntry(fname='C:\\Windows\\Fonts\\FRAHVIT.TTF', name='Franklin Gothic Heavy', style='italic', variant='normal', weight=400, stretch='normal', size='scalable')) = 11.05
16:00:06 [DEBUG   ] matplotlib.font_manager - findfont: score(FontEntry(fname='C:\\Windows\\Fonts\\Candaral.ttf', name='Candara', style='normal', variant='normal', weight=400, stretch='normal', size='scalable')) = 10.05
16:00:06 [DEBUG   ] matplotlib.font_manager - findfont: score(FontEntry(fname='C:\\Windows\\Fonts\\ITCKRIST.TTF', name='Kristen ITC', style='normal', variant='normal', weight=400, stretch='normal', size='scalable')) = 10.05
16:00:06 [DEBUG   ] matplotlib.font_manager - findfont: score(FontEntry(fname='C:\\Windows\\Fonts\\ENGR.TTF', name='Engravers MT', style='normal', variant='normal', weight=500, stretch='normal', size='scalable')) = 10.145
16:00:06 [DEBUG   ] matplotlib.font_manager - findfont: score(FontEntry(fname='C:\\Windows\\Fonts\\ITCBLKAD.TTF', name='Blackadder ITC', style='normal', variant='normal', weight=400, stretch='normal', size='scalable')) = 10.05
16:00:06 [DEBUG   ] matplotlib.font_manager - findfont: score(FontEntry(fname='C:\\Windows\\Fonts\\seguisbi.ttf', name='Segoe UI', style='italic', variant='normal', weight=600, stretch='normal', size='scalable')) = 11.24
16:00:06 [DEBUG   ] matplotlib.font_manager - findfont: score(FontEntry(fname='C:\\Windows\\Fonts\\GLSNECB.TTF', name='Gill Sans MT Ext Condensed Bold', style='normal', variant='normal', weight=400, stretch='condensed', size='scalable')) = 10.25
16:00:06 [DEBUG   ] matplotlib.font_manager - findfont: score(FontEntry(fname='C:\\Windows\\Fonts\\VIVALDII.TTF', name='Vivaldi', style='italic', variant='normal', weight=400, stretch='normal', size='scalable')) = 11.05
16:00:06 [DEBUG   ] matplotlib.font_manager - findfont: score(FontEntry(fname='C:\\Windows\\Fonts\\SegUIVar.ttf', name='Segoe UI Variable', style='normal', variant='normal', weight=400, stretch='normal', size='scalable')) = 10.05
16:00:06 [DEBUG   ] matplotlib.font_manager - findfont: score(FontEntry(fname='C:\\Windows\\Fonts\\LFAXDI.TTF', name='Lucida Fax', style='italic', variant='normal', weight=600, stretch='normal', size='scalable')) = 11.24
16:00:06 [DEBUG   ] matplotlib.font_manager - findfont: score(FontEntry(fname='C:\\Windows\\Fonts\\CALIFB.TTF', name='Californian FB', style='normal', variant='normal', weight=700, stretch='normal', size='scalable')) = 10.335
16:00:06 [DEBUG   ] matplotlib.font_manager - findfont: score(FontEntry(fname='C:\\Windows\\Fonts\\segmdl2.ttf', name='Segoe MDL2 Assets', style='normal', variant='normal', weight=400, stretch='normal', size='scalable')) = 10.05
16:00:06 [DEBUG   ] matplotlib.font_manager - findfont: score(FontEntry(fname='C:\\Windows\\Fonts\\LBRITE.TTF', name='Lucida Bright', style='normal', variant='normal', weight=400, stretch='normal', size='scalable')) = 10.05
16:00:06 [DEBUG   ] matplotlib.font_manager - findfont: score(FontEntry(fname='C:\\Windows\\Fonts\\AGENCYR.TTF', name='Agency FB', style='normal', variant='normal', weight=400, stretch='normal', size='scalable')) = 10.05
16:00:06 [DEBUG   ] matplotlib.font_manager - findfont: score(FontEntry(fname='C:\\Windows\\Fonts\\CURLZ___.TTF', name='Curlz MT', style='normal', variant='normal', weight=400, stretch='normal', size='scalable')) = 10.05
16:00:06 [DEBUG   ] matplotlib.font_manager - findfont: score(FontEntry(fname='C:\\Windows\\Fonts\\trebucit.ttf', name='Trebuchet MS', style='italic', variant='normal', weight=400, stretch='normal', size='scalable')) = 11.05
16:00:06 [DEBUG   ] matplotlib.font_manager - findfont: score(FontEntry(fname='C:\\Windows\\Fonts\\seguili.ttf', name='Segoe UI', style='italic', variant='normal', weight=300, stretch='normal', size='scalable')) = 11.145
16:00:06 [DEBUG   ] matplotlib.font_manager - findfont: score(FontEntry(fname='C:\\Windows\\Fonts\\GIGI.TTF', name='Gigi', style='normal', variant='normal', weight=400, stretch='normal', size='scalable')) = 10.05
16:00:06 [DEBUG   ] matplotlib.font_manager - findfont: score(FontEntry(fname='C:\\Windows\\Fonts\\cambriaz.ttf', name='Cambria', style='italic', variant='normal', weight=700, stretch='normal', size='scalable')) = 11.335
16:00:06 [DEBUG   ] matplotlib.font_manager - findfont: score(FontEntry(fname='C:\\Windows\\Fonts\\corbelli.ttf', name='Corbel', style='italic', variant='normal', weight=300, stretch='normal', size='scalable')) = 11.145
16:00:06 [DEBUG   ] matplotlib.font_manager - findfont: score(FontEntry(fname='C:\\Windows\\Fonts\\calibrili.ttf', name='Calibri', style='italic', variant='normal', weight=300, stretch='normal', size='scalable')) = 11.145
16:00:06 [DEBUG   ] matplotlib.font_manager - findfont: score(FontEntry(fname='C:\\Windows\\Fonts\\CENSCBK.TTF', name='Century Schoolbook', style='normal', variant='normal', weight=400, stretch='normal', size='scalable')) = 10.05
16:00:06 [DEBUG   ] matplotlib.font_manager - findfont: score(FontEntry(fname='C:\\Windows\\Fonts\\ariblk.ttf', name='Arial', style='normal', variant='normal', weight=900, stretch='normal', size='scalable')) = 6.888636363636364
16:00:06 [DEBUG   ] matplotlib.font_manager - findfont: score(FontEntry(fname='C:\\Windows\\Fonts\\SCRIPTBL.TTF', name='Script MT Bold', style='normal', variant='normal', weight=700, stretch='normal', size='scalable')) = 10.335
16:00:06 [DEBUG   ] matplotlib.font_manager - findfont: score(FontEntry(fname='C:\\Windows\\Fonts\\Candaraz.ttf', name='Candara', style='italic', variant='normal', weight=700, stretch='normal', size='scalable')) = 11.335
16:00:06 [DEBUG   ] matplotlib.font_manager - findfont: score(FontEntry(fname='C:\\Windows\\Fonts\\SitkaVF-Italic.ttf', name='Sitka', style='italic', variant='normal', weight=400, stretch='normal', size='scalable')) = 11.05
16:00:06 [DEBUG   ] matplotlib.font_manager - findfont: score(FontEntry(fname='C:\\Windows\\Fonts\\BRLNSDB.TTF', name='Berlin Sans FB Demi', style='normal', variant='normal', weight=700, stretch='normal', size='scalable')) = 10.335
16:00:06 [DEBUG   ] matplotlib.font_manager - findfont: score(FontEntry(fname='C:\\Program Files (x86)\\Adobe\\Acrobat DC\\Resource\\Font\\AdobeDevanagari-Regular.otf', name='Adobe Devanagari', style='normal', variant='normal', weight=400, stretch='normal', size='scalable')) = 10.05
16:00:06 [DEBUG   ] matplotlib.font_manager - findfont: score(FontEntry(fname='C:\\Windows\\Fonts\\trebuc.ttf', name='Trebuchet MS', style='normal', variant='normal', weight=400, stretch='normal', size='scalable')) = 10.05
16:00:06 [DEBUG   ] matplotlib.font_manager - findfont: score(FontEntry(fname='C:\\Windows\\Fonts\\arial.ttf', name='Arial', style='normal', variant='normal', weight=400, stretch='normal', size='scalable')) = 6.413636363636363
16:00:06 [DEBUG   ] matplotlib.font_manager - findfont: score(FontEntry(fname='C:\\Windows\\Fonts\\impact.ttf', name='Impact', style='normal', variant='normal', weight=400, stretch='normal', size='scalable')) = 10.05
16:00:06 [DEBUG   ] matplotlib.font_manager - findfont: score(FontEntry(fname='C:\\Windows\\Fonts\\comicbd.ttf', name='Comic Sans MS', style='normal', variant='normal', weight=700, stretch='normal', size='scalable')) = 10.335
16:00:06 [DEBUG   ] matplotlib.font_manager - findfont: score(FontEntry(fname='C:\\Windows\\Fonts\\FRADM.TTF', name='Franklin Gothic Demi', style='normal', variant='normal', weight=400, stretch='normal', size='scalable')) = 10.05
16:00:06 [DEBUG   ] matplotlib.font_manager - findfont: score(FontEntry(fname='C:\\Windows\\Fonts\\l_10646.ttf', name='Lucida Sans Unicode', style='normal', variant='normal', weight=400, stretch='normal', size='scalable')) = 10.05
16:00:06 [DEBUG   ] matplotlib.font_manager - findfont: score(FontEntry(fname='C:\\Windows\\Fonts\\BOOKOSI.TTF', name='Bookman Old Style', style='italic', variant='normal', weight=300, stretch='normal', size='scalable')) = 11.145
16:00:06 [DEBUG   ] matplotlib.font_manager - findfont: score(FontEntry(fname='C:\\Windows\\Fonts\\LFAX.TTF', name='Lucida Fax', style='normal', variant='normal', weight=400, stretch='normal', size='scalable')) = 10.05
16:00:06 [DEBUG   ] matplotlib.font_manager - findfont: score(FontEntry(fname='C:\\Windows\\Fonts\\SCHLBKBI.TTF', name='Century Schoolbook', style='italic', variant='normal', weight=700, stretch='normal', size='scalable')) = 11.335
16:00:06 [DEBUG   ] matplotlib.font_manager - findfont: score(FontEntry(fname='C:\\Windows\\Fonts\\segoeuii.ttf', name='Segoe UI', style='italic', variant='normal', weight=400, stretch='normal', size='scalable')) = 11.05
16:00:06 [DEBUG   ] matplotlib.font_manager - findfont: score(FontEntry(fname='C:\\Windows\\Fonts\\BOD_B.TTF', name='Bodoni MT', style='normal', variant='normal', weight=700, stretch='normal', size='scalable')) = 10.335
16:00:06 [DEBUG   ] matplotlib.font_manager - findfont: score(FontEntry(fname='C:\\Windows\\Fonts\\BOD_CI.TTF', name='Bodoni MT', style='italic', variant='normal', weight=400, stretch='condensed', size='scalable')) = 11.25
16:00:06 [DEBUG   ] matplotlib.font_manager - findfont: score(FontEntry(fname='C:\\Windows\\Fonts\\FRADMCN.TTF', name='Franklin Gothic Demi Cond', style='normal', variant='normal', weight=400, stretch='condensed', size='scalable')) = 10.25
16:00:06 [DEBUG   ] matplotlib.font_manager - findfont: score(FontEntry(fname='C:\\Windows\\Fonts\\corbell.ttf', name='Corbel', style='normal', variant='normal', weight=300, stretch='normal', size='scalable')) = 10.145
16:00:06 [DEBUG   ] matplotlib.font_manager - findfont: score(FontEntry(fname='C:\\Windows\\Fonts\\segoeuil.ttf', name='Segoe UI', style='normal', variant='normal', weight=300, stretch='normal', size='scalable')) = 10.145
16:00:06 [DEBUG   ] matplotlib.font_manager - findfont: score(FontEntry(fname='C:\\Windows\\Fonts\\consolab.ttf', name='Consolas', style='normal', variant='normal', weight=700, stretch='normal', size='scalable')) = 10.335
16:00:06 [DEBUG   ] matplotlib.font_manager - findfont: score(FontEntry(fname='C:\\Windows\\Fonts\\CALISTI.TTF', name='Calisto MT', style='italic', variant='normal', weight=400, stretch='normal', size='scalable')) = 11.05
16:00:06 [DEBUG   ] matplotlib.font_manager - findfont: score(FontEntry(fname='C:\\Windows\\Fonts\\malgunsl.ttf', name='Malgun Gothic', style='normal', variant='normal', weight=300, stretch='normal', size='scalable')) = 10.145
16:00:06 [DEBUG   ] matplotlib.font_manager - findfont: score(FontEntry(fname='C:\\Windows\\Fonts\\seguihis.ttf', name='Segoe UI Historic', style='normal', variant='normal', weight=400, stretch='normal', size='scalable')) = 10.05
16:00:06 [DEBUG   ] matplotlib.font_manager - findfont: score(FontEntry(fname='C:\\Windows\\Fonts\\ntailub.ttf', name='Microsoft New Tai Lue', style='normal', variant='normal', weight=700, stretch='normal', size='scalable')) = 10.335
16:00:06 [DEBUG   ] matplotlib.font_manager - findfont: score(FontEntry(fname='C:\\Windows\\Fonts\\GILBI___.TTF', name='Gill Sans MT', style='italic', variant='normal', weight=700, stretch='normal', size='scalable')) = 11.335
16:00:06 [DEBUG   ] matplotlib.font_manager - findfont: score(FontEntry(fname='C:\\Windows\\Fonts\\mvboli.ttf', name='MV Boli', style='normal', variant='normal', weight=400, stretch='normal', size='scalable')) = 10.05
16:00:06 [DEBUG   ] matplotlib.font_manager - findfont: score(FontEntry(fname='C:\\Windows\\Fonts\\trebucbi.ttf', name='Trebuchet MS', style='italic', variant='normal', weight=700, stretch='normal', size='scalable')) = 11.335
16:00:06 [DEBUG   ] matplotlib.font_manager - findfont: score(FontEntry(fname='C:\\Windows\\Fonts\\COPRGTB.TTF', name='Copperplate Gothic Bold', style='normal', variant='normal', weight=400, stretch='normal', size='scalable')) = 10.05
16:00:06 [DEBUG   ] matplotlib.font_manager - findfont: score(FontEntry(fname='C:\\Windows\\Fonts\\REFSPCL.TTF', name='MS Reference Specialty', style='normal', variant='normal', weight=400, stretch='normal', size='scalable')) = 10.05
16:00:06 [DEBUG   ] matplotlib.font_manager - findfont: score(FontEntry(fname='C:\\Windows\\Fonts\\LCALLIG.TTF', name='Lucida Calligraphy', style='italic', variant='normal', weight=400, stretch='normal', size='scalable')) = 11.05
16:00:06 [DEBUG   ] matplotlib.font_manager - findfont: score(FontEntry(fname='C:\\Windows\\Fonts\\PLAYBILL.TTF', name='Playbill', style='normal', variant='normal', weight=400, stretch='normal', size='scalable')) = 10.05
16:00:06 [DEBUG   ] matplotlib.font_manager - findfont: score(FontEntry(fname='C:\\Windows\\Fonts\\segoescb.ttf', name='Segoe Script', style='normal', variant='normal', weight=700, stretch='normal', size='scalable')) = 10.335
16:00:06 [DEBUG   ] matplotlib.font_manager - findfont: score(FontEntry(fname='C:\\Windows\\Fonts\\corbelb.ttf', name='Corbel', style='normal', variant='normal', weight=700, stretch='normal', size='scalable')) = 10.335
16:00:06 [DEBUG   ] matplotlib.font_manager - findfont: score(FontEntry(fname='C:\\Windows\\Fonts\\palai.ttf', name='Palatino Linotype', style='italic', variant='normal', weight=400, stretch='normal', size='scalable')) = 11.05
16:00:06 [DEBUG   ] matplotlib.font_manager - findfont: score(FontEntry(fname='C:\\Windows\\Fonts\\phagspa.ttf', name='Microsoft PhagsPa', style='normal', variant='normal', weight=400, stretch='normal', size='scalable')) = 10.05
16:00:06 [DEBUG   ] matplotlib.font_manager - findfont: score(FontEntry(fname='C:\\Windows\\Fonts\\himalaya.ttf', name='Microsoft Himalaya', style='normal', variant='normal', weight=400, stretch='normal', size='scalable')) = 10.05
16:00:06 [DEBUG   ] matplotlib.font_manager - findfont: score(FontEntry(fname='C:\\Windows\\Fonts\\HARNGTON.TTF', name='Harrington', style='normal', variant='normal', weight=400, stretch='normal', size='scalable')) = 10.05
16:00:06 [DEBUG   ] matplotlib.font_manager - findfont: score(FontEntry(fname='C:\\Windows\\Fonts\\ONYX.TTF', name='Onyx', style='normal', variant='normal', weight=400, stretch='normal', size='scalable')) = 10.05
16:00:06 [DEBUG   ] matplotlib.font_manager - findfont: score(FontEntry(fname='C:\\Windows\\Fonts\\CASTELAR.TTF', name='Castellar', style='normal', variant='normal', weight=400, stretch='normal', size='scalable')) = 10.05
16:00:06 [DEBUG   ] matplotlib.font_manager - findfont: score(FontEntry(fname='C:\\Windows\\Fonts\\GOUDOSI.TTF', name='Goudy Old Style', style='italic', variant='normal', weight=400, stretch='normal', size='scalable')) = 11.05
16:00:06 [DEBUG   ] matplotlib.font_manager - findfont: score(FontEntry(fname='C:\\Windows\\Fonts\\ALGER.TTF', name='Algerian', style='normal', variant='normal', weight=400, stretch='normal', size='scalable')) = 10.05
16:00:06 [DEBUG   ] matplotlib.font_manager - findfont: score(FontEntry(fname='C:\\Windows\\Fonts\\segoeui.ttf', name='Segoe UI', style='normal', variant='normal', weight=400, stretch='normal', size='scalable')) = 10.05
16:00:06 [DEBUG   ] matplotlib.font_manager - findfont: score(FontEntry(fname='C:\\Windows\\Fonts\\BRLNSB.TTF', name='Berlin Sans FB', style='normal', variant='normal', weight=700, stretch='normal', size='scalable')) = 10.335
16:00:06 [DEBUG   ] matplotlib.font_manager - findfont: score(FontEntry(fname='C:\\Windows\\Fonts\\javatext.ttf', name='Javanese Text', style='normal', variant='normal', weight=400, stretch='normal', size='scalable')) = 10.05
16:00:06 [DEBUG   ] matplotlib.font_manager - findfont: score(FontEntry(fname='C:\\Windows\\Fonts\\BROADW.TTF', name='Broadway', style='normal', variant='normal', weight=400, stretch='normal', size='scalable')) = 10.05
16:00:06 [DEBUG   ] matplotlib.font_manager - findfont: score(FontEntry(fname='C:\\Windows\\Fonts\\LTYPEO.TTF', name='Lucida Sans Typewriter', style='oblique', variant='normal', weight=400, stretch='normal', size='scalable')) = 11.05
16:00:06 [DEBUG   ] matplotlib.font_manager - findfont: score(FontEntry(fname='C:\\Windows\\Fonts\\ARIALN.TTF', name='Arial', style='normal', variant='normal', weight=400, stretch='condensed', size='scalable')) = 6.613636363636363
16:00:06 [DEBUG   ] matplotlib.font_manager - findfont: score(FontEntry(fname='C:\\Windows\\Fonts\\comic.ttf', name='Comic Sans MS', style='normal', variant='normal', weight=400, stretch='normal', size='scalable')) = 10.05
16:00:06 [DEBUG   ] matplotlib.font_manager - findfont: score(FontEntry(fname='C:\\Windows\\Fonts\\GARABD.TTF', name='Garamond', style='normal', variant='normal', weight=700, stretch='normal', size='scalable')) = 10.335
16:00:06 [DEBUG   ] matplotlib.font_manager - findfont: score(FontEntry(fname='C:\\Windows\\Fonts\\JOKERMAN.TTF', name='Jokerman', style='normal', variant='normal', weight=400, stretch='normal', size='scalable')) = 10.05
16:00:06 [DEBUG   ] matplotlib.font_manager - findfont: score(FontEntry(fname='C:\\Windows\\Fonts\\CascadiaCode.ttf', name='Cascadia Code', style='normal', variant='normal', weight=400, stretch='normal', size='scalable')) = 10.05
16:00:06 [DEBUG   ] matplotlib.font_manager - findfont: score(FontEntry(fname='C:\\Windows\\Fonts\\VLADIMIR.TTF', name='Vladimir Script', style='normal', variant='normal', weight=400, stretch='normal', size='scalable')) = 10.05
16:00:06 [DEBUG   ] matplotlib.font_manager - findfont: score(FontEntry(fname='C:\\Windows\\Fonts\\GILB____.TTF', name='Gill Sans MT', style='normal', variant='normal', weight=700, stretch='normal', size='scalable')) = 10.335
16:00:06 [DEBUG   ] matplotlib.font_manager - findfont: score(FontEntry(fname='C:\\Windows\\Fonts\\palabi.ttf', name='Palatino Linotype', style='italic', variant='normal', weight=700, stretch='normal', size='scalable')) = 11.335
16:00:06 [DEBUG   ] matplotlib.font_manager - findfont: score(FontEntry(fname='C:\\Windows\\Fonts\\BOD_CB.TTF', name='Bodoni MT', style='normal', variant='normal', weight=700, stretch='condensed', size='scalable')) = 10.535
16:00:06 [DEBUG   ] matplotlib.font_manager - findfont: score(FontEntry(fname='C:\\Windows\\Fonts\\GARAIT.TTF', name='Garamond', style='italic', variant='normal', weight=400, stretch='normal', size='scalable')) = 11.05
16:00:06 [DEBUG   ] matplotlib.font_manager - findfont: score(FontEntry(fname='C:\\Windows\\Fonts\\FRAHV.TTF', name='Franklin Gothic Heavy', style='normal', variant='normal', weight=400, stretch='normal', size='scalable')) = 10.05
16:00:06 [DEBUG   ] matplotlib.font_manager - findfont: score(FontEntry(fname='C:\\Windows\\Fonts\\BOD_BI.TTF', name='Bodoni MT', style='italic', variant='normal', weight=700, stretch='normal', size='scalable')) = 11.335
16:00:06 [DEBUG   ] matplotlib.font_manager - findfont: score(FontEntry(fname='C:\\Windows\\Fonts\\Candara.ttf', name='Candara', style='normal', variant='normal', weight=400, stretch='normal', size='scalable')) = 10.05
16:00:06 [DEBUG   ] matplotlib.font_manager - findfont: score(FontEntry(fname='C:\\Windows\\Fonts\\BERNHC.TTF', name='Bernard MT Condensed', style='normal', variant='normal', weight=400, stretch='condensed', size='scalable')) = 10.25
16:00:06 [DEBUG   ] matplotlib.font_manager - findfont: score(FontEntry(fname='C:\\Windows\\Fonts\\ERASBD.TTF', name='Eras Bold ITC', style='normal', variant='normal', weight=400, stretch='normal', size='scalable')) = 10.05
16:00:06 [DEBUG   ] matplotlib.font_manager - findfont: score(FontEntry(fname='C:\\Windows\\Fonts\\YuGothL.ttc', name='Yu Gothic', style='normal', variant='normal', weight=300, stretch='normal', size='scalable')) = 10.145
16:00:06 [DEBUG   ] matplotlib.font_manager - findfont: score(FontEntry(fname='C:\\Windows\\Fonts\\MATURASC.TTF', name='Matura MT Script Capitals', style='normal', variant='normal', weight=400, stretch='normal', size='scalable')) = 10.05
16:00:06 [DEBUG   ] matplotlib.font_manager - findfont: score(FontEntry(fname='C:\\Windows\\Fonts\\PALSCRI.TTF', name='Palace Script MT', style='normal', variant='normal', weight=400, stretch='normal', size='scalable')) = 10.05
16:00:06 [DEBUG   ] matplotlib.font_manager - findfont: score(FontEntry(fname='C:\\Windows\\Fonts\\GIL_____.TTF', name='Gill Sans MT', style='normal', variant='normal', weight=400, stretch='normal', size='scalable')) = 10.05
16:00:06 [DEBUG   ] matplotlib.font_manager - findfont: score(FontEntry(fname='C:\\Program Files (x86)\\IBM\\SPSS\\Amos\\24\\JRE\\lib\\fonts\\LucidaBrightRegular.ttf', name='Lucida Bright', style='normal', variant='normal', weight=400, stretch='normal', size='scalable')) = 10.05
16:00:06 [DEBUG   ] matplotlib.font_manager - findfont: score(FontEntry(fname='C:\\Windows\\Fonts\\LeelaUIb.ttf', name='Leelawadee UI', style='normal', variant='normal', weight=700, stretch='normal', size='scalable')) = 10.335
16:00:06 [DEBUG   ] matplotlib.font_manager - findfont: score(FontEntry(fname='C:\\Windows\\Fonts\\HTOWERT.TTF', name='High Tower Text', style='normal', variant='normal', weight=400, stretch='normal', size='scalable')) = 10.05
16:00:06 [DEBUG   ] matplotlib.font_manager - findfont: score(FontEntry(fname='C:\\Windows\\Fonts\\LTYPEBO.TTF', name='Lucida Sans Typewriter', style='oblique', variant='normal', weight=600, stretch='normal', size='scalable')) = 11.24
16:00:06 [DEBUG   ] matplotlib.font_manager - findfont: score(FontEntry(fname='C:\\Windows\\Fonts\\micross.ttf', name='Microsoft Sans Serif', style='normal', variant='normal', weight=400, stretch='normal', size='scalable')) = 10.05
16:00:06 [DEBUG   ] matplotlib.font_manager - findfont: score(FontEntry(fname='C:\\Windows\\Fonts\\TCM_____.TTF', name='Tw Cen MT', style='normal', variant='normal', weight=400, stretch='normal', size='scalable')) = 10.05
16:00:06 [DEBUG   ] matplotlib.font_manager - findfont: score(FontEntry(fname='C:\\Windows\\Fonts\\BOOKOSB.TTF', name='Bookman Old Style', style='normal', variant='normal', weight=600, stretch='normal', size='scalable')) = 10.24
16:00:06 [DEBUG   ] matplotlib.font_manager - findfont: score(FontEntry(fname='C:\\Windows\\Fonts\\consola.ttf', name='Consolas', style='normal', variant='normal', weight=400, stretch='normal', size='scalable')) = 10.05
16:00:06 [DEBUG   ] matplotlib.font_manager - findfont: score(FontEntry(fname='C:\\Windows\\Fonts\\ERASMD.TTF', name='Eras Medium ITC', style='normal', variant='normal', weight=400, stretch='normal', size='scalable')) = 10.05
16:00:06 [DEBUG   ] matplotlib.font_manager - findfont: score(FontEntry(fname='C:\\Windows\\Fonts\\BOD_BLAI.TTF', name='Bodoni MT', style='italic', variant='normal', weight=900, stretch='normal', size='scalable')) = 11.525
16:00:06 [DEBUG   ] matplotlib.font_manager - findfont: score(FontEntry(fname='C:\\Windows\\Fonts\\couri.ttf', name='Courier New', style='italic', variant='normal', weight=400, stretch='normal', size='scalable')) = 11.05
16:00:06 [DEBUG   ] matplotlib.font_manager - findfont: score(FontEntry(fname='C:\\Windows\\Fonts\\calibrib.ttf', name='Calibri', style='normal', variant='normal', weight=700, stretch='normal', size='scalable')) = 10.335
16:00:06 [DEBUG   ] matplotlib.font_manager - findfont: score(FontEntry(fname='C:\\Windows\\Fonts\\segoeuib.ttf', name='Segoe UI', style='normal', variant='normal', weight=700, stretch='normal', size='scalable')) = 10.335
16:00:06 [DEBUG   ] matplotlib.font_manager - findfont: score(FontEntry(fname='C:\\Windows\\Fonts\\HTOWERTI.TTF', name='High Tower Text', style='italic', variant='normal', weight=400, stretch='normal', size='scalable')) = 11.05
16:00:06 [DEBUG   ] matplotlib.font_manager - findfont: score(FontEntry(fname='C:\\Windows\\Fonts\\seguiemj.ttf', name='Segoe UI Emoji', style='normal', variant='normal', weight=400, stretch='normal', size='scalable')) = 10.05
16:00:06 [DEBUG   ] matplotlib.font_manager - findfont: score(FontEntry(fname='C:\\Windows\\Fonts\\ROCC____.TTF', name='Rockwell Condensed', style='normal', variant='normal', weight=400, stretch='condensed', size='scalable')) = 10.25
16:00:06 [DEBUG   ] matplotlib.font_manager - findfont: score(FontEntry(fname='C:\\Windows\\Fonts\\LeelawUI.ttf', name='Leelawadee UI', style='normal', variant='normal', weight=400, stretch='normal', size='scalable')) = 10.05
16:00:06 [DEBUG   ] matplotlib.font_manager - findfont: score(FontEntry(fname='C:\\Windows\\Fonts\\TEMPSITC.TTF', name='Tempus Sans ITC', style='normal', variant='normal', weight=400, stretch='normal', size='scalable')) = 10.05
16:00:06 [DEBUG   ] matplotlib.font_manager - findfont: score(FontEntry(fname='C:\\Windows\\Fonts\\tahomabd.ttf', name='Tahoma', style='normal', variant='normal', weight=700, stretch='normal', size='scalable')) = 10.335
16:00:06 [DEBUG   ] matplotlib.font_manager - findfont: score(FontEntry(fname='C:\\Windows\\Fonts\\comici.ttf', name='Comic Sans MS', style='italic', variant='normal', weight=400, stretch='normal', size='scalable')) = 11.05
16:00:06 [DEBUG   ] matplotlib.font_manager - findfont: score(FontEntry(fname='C:\\Windows\\Fonts\\YuGothR.ttc', name='Yu Gothic', style='normal', variant='normal', weight=400, stretch='normal', size='scalable')) = 10.05
16:00:06 [DEBUG   ] matplotlib.font_manager - findfont: score(FontEntry(fname='C:\\Windows\\Fonts\\PERB____.TTF', name='Perpetua', style='normal', variant='normal', weight=700, stretch='normal', size='scalable')) = 10.335
16:00:06 [DEBUG   ] matplotlib.font_manager - findfont: score(FontEntry(fname='C:\\Windows\\Fonts\\BSSYM7.TTF', name='Bookshelf Symbol 7', style='normal', variant='normal', weight=400, stretch='normal', size='scalable')) = 10.05
16:00:06 [DEBUG   ] matplotlib.font_manager - findfont: score(FontEntry(fname='C:\\Windows\\Fonts\\PERI____.TTF', name='Perpetua', style='italic', variant='normal', weight=400, stretch='normal', size='scalable')) = 11.05
16:00:06 [DEBUG   ] matplotlib.font_manager - findfont: score(FontEntry(fname='C:\\Windows\\Fonts\\segoeprb.ttf', name='Segoe Print', style='normal', variant='normal', weight=700, stretch='normal', size='scalable')) = 10.335
16:00:06 [DEBUG   ] matplotlib.font_manager - findfont: score(FontEntry(fname='C:\\Windows\\Fonts\\DUBAI-LIGHT.TTF', name='Dubai', style='normal', variant='normal', weight=300, stretch='normal', size='scalable')) = 10.145
16:00:06 [DEBUG   ] matplotlib.font_manager - findfont: score(FontEntry(fname='C:\\Windows\\Fonts\\LFAXI.TTF', name='Lucida Fax', style='italic', variant='normal', weight=400, stretch='normal', size='scalable')) = 11.05
16:00:06 [DEBUG   ] matplotlib.font_manager - findfont: score(FontEntry(fname='C:\\Windows\\Fonts\\Candarai.ttf', name='Candara', style='italic', variant='normal', weight=400, stretch='normal', size='scalable')) = 11.05
16:00:06 [DEBUG   ] matplotlib.font_manager - findfont: score(FontEntry(fname='C:\\Windows\\Fonts\\CALISTB.TTF', name='Calisto MT', style='normal', variant='normal', weight=700, stretch='normal', size='scalable')) = 10.335
16:00:06 [DEBUG   ] matplotlib.font_manager - findfont: score(FontEntry(fname='C:\\Windows\\Fonts\\Nirmala.ttc', name='Nirmala UI', style='normal', variant='normal', weight=400, stretch='normal', size='scalable')) = 10.05
16:00:06 [DEBUG   ] matplotlib.font_manager - findfont: score(FontEntry(fname='C:\\Windows\\Fonts\\FTLTLT.TTF', name='Footlight MT Light', style='normal', variant='normal', weight=300, stretch='normal', size='scalable')) = 10.145
16:00:06 [DEBUG   ] matplotlib.font_manager - findfont: score(FontEntry(fname='C:\\Windows\\Fonts\\Candarali.ttf', name='Candara', style='italic', variant='normal', weight=400, stretch='normal', size='scalable')) = 11.05
16:00:06 [DEBUG   ] matplotlib.font_manager - findfont: score(FontEntry(fname='C:\\Windows\\Fonts\\lucon.ttf', name='Lucida Console', style='normal', variant='normal', weight=400, stretch='normal', size='scalable')) = 10.05
16:00:06 [DEBUG   ] matplotlib.font_manager - findfont: score(FontEntry(fname='C:\\Windows\\Fonts\\FORTE.TTF', name='Forte', style='normal', variant='normal', weight=400, stretch='normal', size='scalable')) = 10.05
16:00:06 [DEBUG   ] matplotlib.font_manager - findfont: score(FontEntry(fname='C:\\Windows\\Fonts\\BELLI.TTF', name='Bell MT', style='italic', variant='normal', weight=400, stretch='normal', size='scalable')) = 11.05
16:00:06 [DEBUG   ] matplotlib.font_manager - findfont: score(FontEntry(fname='C:\\Windows\\Fonts\\ARIALNI.TTF', name='Arial', style='italic', variant='normal', weight=400, stretch='condensed', size='scalable')) = 7.613636363636363
16:00:06 [DEBUG   ] matplotlib.font_manager - findfont: score(FontEntry(fname='C:\\Program Files (x86)\\IBM\\SPSS\\Amos\\24\\JRE\\lib\\fonts\\LucidaTypewriterBold.ttf', name='Lucida Sans Typewriter', style='normal', variant='normal', weight=700, stretch='normal', size='scalable')) = 10.335
16:00:06 [DEBUG   ] matplotlib.font_manager - findfont: score(FontEntry(fname='C:\\Windows\\Fonts\\ROCCB___.TTF', name='Rockwell Condensed', style='normal', variant='normal', weight=700, stretch='condensed', size='scalable')) = 10.535
16:00:06 [DEBUG   ] matplotlib.font_manager - findfont: score(FontEntry(fname='C:\\Windows\\Fonts\\ROCKI.TTF', name='Rockwell', style='italic', variant='normal', weight=400, stretch='normal', size='scalable')) = 11.05
16:00:06 [DEBUG   ] matplotlib.font_manager - findfont: score(FontEntry(fname='C:\\Windows\\Fonts\\ROCKEB.TTF', name='Rockwell Extra Bold', style='normal', variant='normal', weight=800, stretch='normal', size='scalable')) = 10.43
16:00:06 [DEBUG   ] matplotlib.font_manager - findfont: score(FontEntry(fname='C:\\Windows\\Fonts\\FELIXTI.TTF', name='Felix Titling', style='normal', variant='normal', weight=400, stretch='normal', size='scalable')) = 10.05
16:00:06 [DEBUG   ] matplotlib.font_manager - findfont: score(FontEntry(fname='C:\\Windows\\Fonts\\msgothic.ttc', name='MS Gothic', style='normal', variant='normal', weight=400, stretch='normal', size='scalable')) = 10.05
16:00:06 [DEBUG   ] matplotlib.font_manager - findfont: score(FontEntry(fname='C:\\Windows\\Fonts\\BOD_I.TTF', name='Bodoni MT', style='italic', variant='normal', weight=400, stretch='normal', size='scalable')) = 11.05
16:00:06 [DEBUG   ] matplotlib.font_manager - findfont: score(FontEntry(fname='C:\\Windows\\Fonts\\ROCK.TTF', name='Rockwell', style='normal', variant='normal', weight=400, stretch='normal', size='scalable')) = 10.05
16:00:06 [DEBUG   ] matplotlib.font_manager - findfont: score(FontEntry(fname='C:\\Program Files (x86)\\Adobe\\Acrobat DC\\Resource\\Font\\AdobeDevanagari-Bold.otf', name='Adobe Devanagari', style='normal', variant='normal', weight=700, stretch='normal', size='scalable')) = 10.335
16:00:06 [DEBUG   ] matplotlib.font_manager - findfont: score(FontEntry(fname='C:\\Windows\\Fonts\\PER_____.TTF', name='Perpetua', style='normal', variant='normal', weight=400, stretch='normal', size='scalable')) = 10.05
16:00:06 [DEBUG   ] matplotlib.font_manager - findfont: score(FontEntry(fname='C:\\Windows\\Fonts\\wingding.ttf', name='Wingdings', style='normal', variant='normal', weight=400, stretch='normal', size='scalable')) = 10.05
16:00:06 [DEBUG   ] matplotlib.font_manager - findfont: score(FontEntry(fname='C:\\Windows\\Fonts\\ITCEDSCR.TTF', name='Edwardian Script ITC', style='normal', variant='normal', weight=400, stretch='normal', size='scalable')) = 10.05
16:00:06 [DEBUG   ] matplotlib.font_manager - findfont: score(FontEntry(fname='C:\\Windows\\Fonts\\YuGothM.ttc', name='Yu Gothic', style='normal', variant='normal', weight=500, stretch='normal', size='scalable')) = 10.145
16:00:06 [DEBUG   ] matplotlib.font_manager - findfont: score(FontEntry(fname='C:\\Windows\\Fonts\\SNAP____.TTF', name='Snap ITC', style='normal', variant='normal', weight=400, stretch='normal', size='scalable')) = 10.05
16:00:06 [DEBUG   ] matplotlib.font_manager - findfont: score(FontEntry(fname='C:\\Windows\\Fonts\\ELEPHNTI.TTF', name='Elephant', style='italic', variant='normal', weight=400, stretch='normal', size='scalable')) = 11.05
16:00:06 [DEBUG   ] matplotlib.font_manager - findfont: score(FontEntry(fname='C:\\Windows\\Fonts\\GILC____.TTF', name='Gill Sans MT Condensed', style='normal', variant='normal', weight=400, stretch='condensed', size='scalable')) = 10.25
16:00:06 [DEBUG   ] matplotlib.font_manager - findfont: score(FontEntry(fname='C:\\Windows\\Fonts\\BOD_R.TTF', name='Bodoni MT', style='normal', variant='normal', weight=400, stretch='normal', size='scalable')) = 10.05
16:00:06 [DEBUG   ] matplotlib.font_manager - findfont: score(FontEntry(fname='C:\\Windows\\Fonts\\NIAGSOL.TTF', name='Niagara Solid', style='normal', variant='normal', weight=400, stretch='normal', size='scalable')) = 10.05
16:00:06 [DEBUG   ] matplotlib.font_manager - findfont: score(FontEntry(fname='C:\\Windows\\Fonts\\DUBAI-BOLD.TTF', name='Dubai', style='normal', variant='normal', weight=700, stretch='normal', size='scalable')) = 10.335
16:00:06 [DEBUG   ] matplotlib.font_manager - findfont: score(FontEntry(fname='C:\\Windows\\Fonts\\corbeli.ttf', name='Corbel', style='italic', variant='normal', weight=400, stretch='normal', size='scalable')) = 11.05
16:00:06 [DEBUG   ] matplotlib.font_manager - findfont: score(FontEntry(fname='C:\\Windows\\Fonts\\sylfaen.ttf', name='Sylfaen', style='normal', variant='normal', weight=400, stretch='normal', size='scalable')) = 10.05
16:00:06 [DEBUG   ] matplotlib.font_manager - findfont: score(FontEntry(fname='C:\\Windows\\Fonts\\georgiab.ttf', name='Georgia', style='normal', variant='normal', weight=700, stretch='normal', size='scalable')) = 10.335
16:00:06 [DEBUG   ] matplotlib.font_manager - findfont: score(FontEntry(fname='C:\\Windows\\Fonts\\COPRGTL.TTF', name='Copperplate Gothic Light', style='normal', variant='normal', weight=400, stretch='normal', size='scalable')) = 10.05
16:00:06 [DEBUG   ] matplotlib.font_manager - findfont: score(FontEntry(fname='C:\\Windows\\Fonts\\pala.ttf', name='Palatino Linotype', style='normal', variant='normal', weight=400, stretch='normal', size='scalable')) = 10.05
16:00:06 [DEBUG   ] matplotlib.font_manager - findfont: score(FontEntry(fname='C:\\Windows\\Fonts\\MTCORSVA.TTF', name='Monotype Corsiva', style='normal', variant='normal', weight=400, stretch='normal', size='scalable')) = 10.05
16:00:06 [DEBUG   ] matplotlib.font_manager - findfont: score(FontEntry(fname='C:\\Windows\\Fonts\\msyi.ttf', name='Microsoft Yi Baiti', style='normal', variant='normal', weight=400, stretch='normal', size='scalable')) = 10.05
16:00:06 [DEBUG   ] matplotlib.font_manager - findfont: score(FontEntry(fname='C:\\Windows\\Fonts\\arialbd.ttf', name='Arial', style='normal', variant='normal', weight=700, stretch='normal', size='scalable')) = 6.698636363636363
16:00:06 [DEBUG   ] matplotlib.font_manager - findfont: score(FontEntry(fname='C:\\Windows\\Fonts\\LSANSDI.TTF', name='Lucida Sans', style='italic', variant='normal', weight=600, stretch='normal', size='scalable')) = 11.24
16:00:06 [DEBUG   ] matplotlib.font_manager - findfont: score(FontEntry(fname='C:\\Windows\\Fonts\\SitkaVF.ttf', name='Sitka', style='normal', variant='normal', weight=400, stretch='normal', size='scalable')) = 10.05
16:00:06 [DEBUG   ] matplotlib.font_manager - findfont: score(FontEntry(fname='C:\\Windows\\Fonts\\PERTILI.TTF', name='Perpetua Titling MT', style='normal', variant='normal', weight=300, stretch='normal', size='scalable')) = 10.145
16:00:06 [DEBUG   ] matplotlib.font_manager - findfont: score(FontEntry(fname='C:\\Windows\\Fonts\\times.ttf', name='Times New Roman', style='normal', variant='normal', weight=400, stretch='normal', size='scalable')) = 10.05
16:00:06 [DEBUG   ] matplotlib.font_manager - findfont: score(FontEntry(fname='C:\\Windows\\Fonts\\ARIALNBI.TTF', name='Arial', style='italic', variant='normal', weight=700, stretch='condensed', size='scalable')) = 7.8986363636363635
16:00:06 [DEBUG   ] matplotlib.font_manager - findfont: score(FontEntry(fname='C:\\Windows\\Fonts\\POORICH.TTF', name='Poor Richard', style='normal', variant='normal', weight=400, stretch='normal', size='scalable')) = 10.05
16:00:06 [DEBUG   ] matplotlib.font_manager - findfont: score(FontEntry(fname='C:\\Windows\\Fonts\\calibrii.ttf', name='Calibri', style='italic', variant='normal', weight=400, stretch='normal', size='scalable')) = 11.05
16:00:06 [DEBUG   ] matplotlib.font_manager - findfont: score(FontEntry(fname='C:\\Windows\\Fonts\\ARLRDBD.TTF', name='Arial Rounded MT Bold', style='normal', variant='normal', weight=400, stretch='normal', size='scalable')) = 10.05
16:00:06 [DEBUG   ] matplotlib.font_manager - findfont: score(FontEntry(fname='C:\\Windows\\Fonts\\AGENCYB.TTF', name='Agency FB', style='normal', variant='normal', weight=700, stretch='normal', size='scalable')) = 10.335
16:00:06 [DEBUG   ] matplotlib.font_manager - findfont: score(FontEntry(fname='C:\\Windows\\Fonts\\seguisli.ttf', name='Segoe UI', style='italic', variant='normal', weight=350, stretch='normal', size='scalable')) = 11.0975
16:00:06 [DEBUG   ] matplotlib.font_manager - findfont: score(FontEntry(fname='C:\\Windows\\Fonts\\TCB_____.TTF', name='Tw Cen MT', style='normal', variant='normal', weight=700, stretch='normal', size='scalable')) = 10.335
16:00:06 [DEBUG   ] matplotlib.font_manager - findfont: score(FontEntry(fname='C:\\Windows\\Fonts\\CascadiaMono.ttf', name='Cascadia Mono', style='normal', variant='normal', weight=400, stretch='normal', size='scalable')) = 10.05
16:00:06 [DEBUG   ] matplotlib.font_manager - findfont: score(FontEntry(fname='C:\\Windows\\Fonts\\JUICE___.TTF', name='Juice ITC', style='normal', variant='normal', weight=400, stretch='normal', size='scalable')) = 10.05
16:00:06 [DEBUG   ] matplotlib.font_manager - findfont: score(FontEntry(fname='C:\\Windows\\Fonts\\REFSAN.TTF', name='MS Reference Sans Serif', style='normal', variant='normal', weight=400, stretch='normal', size='scalable')) = 10.05
16:00:06 [DEBUG   ] matplotlib.font_manager - findfont: Matching sans\-serif:style=normal:variant=normal:weight=normal:stretch=normal:size=9.0 to DejaVu Sans ('C:\\Users\\DELL\\AppData\\Local\\Programs\\Python\\Python314\\Lib\\site-packages\\matplotlib\\mpl-data\\fonts\\ttf\\DejaVuSans.ttf') with score of 0.050000.
16:00:07 [DEBUG   ] matplotlib.font_manager - findfont: Matching sans\-serif:style=normal:variant=normal:weight=bold:stretch=normal:size=12.0.
16:00:07 [DEBUG   ] matplotlib.font_manager - findfont: score(FontEntry(fname='C:\\Users\\DELL\\AppData\\Local\\Programs\\Python\\Python314\\Lib\\site-packages\\matplotlib\\mpl-data\\fonts\\ttf\\DejaVuSerif-Bold.ttf', name='DejaVu Serif', style='normal', variant='normal', weight=700, stretch='normal', size='scalable')) = 10.05
16:00:07 [DEBUG   ] matplotlib.font_manager - findfont: score(FontEntry(fname='C:\\Users\\DELL\\AppData\\Local\\Programs\\Python\\Python314\\Lib\\site-packages\\matplotlib\\mpl-data\\fonts\\ttf\\STIXSizFourSymBol.ttf', name='STIXSizeFourSym', style='normal', variant='normal', weight=700, stretch='normal', size='scalable')) = 10.05
16:00:07 [DEBUG   ] matplotlib.font_manager - findfont: score(FontEntry(fname='C:\\Users\\DELL\\AppData\\Local\\Programs\\Python\\Python314\\Lib\\site-packages\\matplotlib\\mpl-data\\fonts\\ttf\\STIXSizThreeSymReg.ttf', name='STIXSizeThreeSym', style='normal', variant='normal', weight=400, stretch='normal', size='scalable')) = 10.335
16:00:07 [DEBUG   ] matplotlib.font_manager - findfont: score(FontEntry(fname='C:\\Users\\DELL\\AppData\\Local\\Programs\\Python\\Python314\\Lib\\site-packages\\matplotlib\\mpl-data\\fonts\\ttf\\DejaVuSansMono.ttf', name='DejaVu Sans Mono', style='normal', variant='normal', weight=400, stretch='normal', size='scalable')) = 10.335
16:00:07 [DEBUG   ] matplotlib.font_manager - findfont: score(FontEntry(fname='C:\\Users\\DELL\\AppData\\Local\\Programs\\Python\\Python314\\Lib\\site-packages\\matplotlib\\mpl-data\\fonts\\ttf\\cmmi10.ttf', name='cmmi10', style='normal', variant='normal', weight=400, stretch='normal', size='scalable')) = 10.335
16:00:07 [DEBUG   ] matplotlib.font_manager - findfont: score(FontEntry(fname='C:\\Users\\DELL\\AppData\\Local\\Programs\\Python\\Python314\\Lib\\site-packages\\matplotlib\\mpl-data\\fonts\\ttf\\STIXNonUniIta.ttf', name='STIXNonUnicode', style='italic', variant='normal', weight=400, stretch='normal', size='scalable')) = 11.335
16:00:07 [DEBUG   ] matplotlib.font_manager - findfont: score(FontEntry(fname='C:\\Users\\DELL\\AppData\\Local\\Programs\\Python\\Python314\\Lib\\site-packages\\matplotlib\\mpl-data\\fonts\\ttf\\STIXSizTwoSymReg.ttf', name='STIXSizeTwoSym', style='normal', variant='normal', weight=400, stretch='normal', size='scalable')) = 10.335
16:00:07 [DEBUG   ] matplotlib.font_manager - findfont: score(FontEntry(fname='C:\\Users\\DELL\\AppData\\Local\\Programs\\Python\\Python314\\Lib\\site-packages\\matplotlib\\mpl-data\\fonts\\ttf\\DejaVuSans.ttf', name='DejaVu Sans', style='normal', variant='normal', weight=400, stretch='normal', size='scalable')) = 0.33499999999999996
16:00:07 [DEBUG   ] matplotlib.font_manager - findfont: score(FontEntry(fname='C:\\Users\\DELL\\AppData\\Local\\Programs\\Python\\Python314\\Lib\\site-packages\\matplotlib\\mpl-data\\fonts\\ttf\\DejaVuSansMono-BoldOblique.ttf', name='DejaVu Sans Mono', style='oblique', variant='normal', weight=700, stretch='normal', size='scalable')) = 11.05
16:00:07 [DEBUG   ] matplotlib.font_manager - findfont: score(FontEntry(fname='C:\\Users\\DELL\\AppData\\Local\\Programs\\Python\\Python314\\Lib\\site-packages\\matplotlib\\mpl-data\\fonts\\ttf\\STIXGeneralBol.ttf', name='STIXGeneral', style='normal', variant='normal', weight=700, stretch='normal', size='scalable')) = 10.05
16:00:07 [DEBUG   ] matplotlib.font_manager - findfont: score(FontEntry(fname='C:\\Users\\DELL\\AppData\\Local\\Programs\\Python\\Python314\\Lib\\site-packages\\matplotlib\\mpl-data\\fonts\\ttf\\cmb10.ttf', name='cmb10', style='normal', variant='normal', weight=400, stretch='normal', size='scalable')) = 10.335
16:00:07 [DEBUG   ] matplotlib.font_manager - findfont: score(FontEntry(fname='C:\\Users\\DELL\\AppData\\Local\\Programs\\Python\\Python314\\Lib\\site-packages\\matplotlib\\mpl-data\\fonts\\ttf\\STIXGeneralBolIta.ttf', name='STIXGeneral', style='italic', variant='normal', weight=700, stretch='normal', size='scalable')) = 11.05
16:00:07 [DEBUG   ] matplotlib.font_manager - findfont: score(FontEntry(fname='C:\\Users\\DELL\\AppData\\Local\\Programs\\Python\\Python314\\Lib\\site-packages\\matplotlib\\mpl-data\\fonts\\ttf\\DejaVuSansMono-Oblique.ttf', name='DejaVu Sans Mono', style='oblique', variant='normal', weight=400, stretch='normal', size='scalable')) = 11.335
16:00:07 [DEBUG   ] matplotlib.font_manager - findfont: score(FontEntry(fname='C:\\Users\\DELL\\AppData\\Local\\Programs\\Python\\Python314\\Lib\\site-packages\\matplotlib\\mpl-data\\fonts\\ttf\\STIXSizFourSymReg.ttf', name='STIXSizeFourSym', style='normal', variant='normal', weight=400, stretch='normal', size='scalable')) = 10.335
16:00:07 [DEBUG   ] matplotlib.font_manager - findfont: score(FontEntry(fname='C:\\Users\\DELL\\AppData\\Local\\Programs\\Python\\Python314\\Lib\\site-packages\\matplotlib\\mpl-data\\fonts\\ttf\\STIXSizThreeSymBol.ttf', name='STIXSizeThreeSym', style='normal', variant='normal', weight=700, stretch='normal', size='scalable')) = 10.05
16:00:07 [DEBUG   ] matplotlib.font_manager - findfont: score(FontEntry(fname='C:\\Users\\DELL\\AppData\\Local\\Programs\\Python\\Python314\\Lib\\site-packages\\matplotlib\\mpl-data\\fonts\\ttf\\cmtt10.ttf', name='cmtt10', style='normal', variant='normal', weight=400, stretch='normal', size='scalable')) = 10.335
16:00:07 [DEBUG   ] matplotlib.font_manager - findfont: score(FontEntry(fname='C:\\Users\\DELL\\AppData\\Local\\Programs\\Python\\Python314\\Lib\\site-packages\\matplotlib\\mpl-data\\fonts\\ttf\\cmr10.ttf', name='cmr10', style='normal', variant='normal', weight=400, stretch='normal', size='scalable')) = 10.335
16:00:07 [DEBUG   ] matplotlib.font_manager - findfont: score(FontEntry(fname='C:\\Users\\DELL\\AppData\\Local\\Programs\\Python\\Python314\\Lib\\site-packages\\matplotlib\\mpl-data\\fonts\\ttf\\STIXSizFiveSymReg.ttf', name='STIXSizeFiveSym', style='normal', variant='normal', weight=400, stretch='normal', size='scalable')) = 10.335
16:00:07 [DEBUG   ] matplotlib.font_manager - findfont: score(FontEntry(fname='C:\\Users\\DELL\\AppData\\Local\\Programs\\Python\\Python314\\Lib\\site-packages\\matplotlib\\mpl-data\\fonts\\ttf\\cmsy10.ttf', name='cmsy10', style='normal', variant='normal', weight=400, stretch='normal', size='scalable')) = 10.335
16:00:07 [DEBUG   ] matplotlib.font_manager - findfont: score(FontEntry(fname='C:\\Users\\DELL\\AppData\\Local\\Programs\\Python\\Python314\\Lib\\site-packages\\matplotlib\\mpl-data\\fonts\\ttf\\DejaVuSansDisplay.ttf', name='DejaVu Sans Display', style='normal', variant='normal', weight=400, stretch='normal', size='scalable')) = 10.335
16:00:07 [DEBUG   ] matplotlib.font_manager - findfont: score(FontEntry(fname='C:\\Users\\DELL\\AppData\\Local\\Programs\\Python\\Python314\\Lib\\site-packages\\matplotlib\\mpl-data\\fonts\\ttf\\DejaVuSansMono-Bold.ttf', name='DejaVu Sans Mono', style='normal', variant='normal', weight=700, stretch='normal', size='scalable')) = 10.05
16:00:07 [DEBUG   ] matplotlib.font_manager - findfont: score(FontEntry(fname='C:\\Users\\DELL\\AppData\\Local\\Programs\\Python\\Python314\\Lib\\site-packages\\matplotlib\\mpl-data\\fonts\\ttf\\DejaVuSerifDisplay.ttf', name='DejaVu Serif Display', style='normal', variant='normal', weight=400, stretch='normal', size='scalable')) = 10.335
16:00:07 [DEBUG   ] matplotlib.font_manager - findfont: score(FontEntry(fname='C:\\Users\\DELL\\AppData\\Local\\Programs\\Python\\Python314\\Lib\\site-packages\\matplotlib\\mpl-data\\fonts\\ttf\\STIXSizOneSymBol.ttf', name='STIXSizeOneSym', style='normal', variant='normal', weight=700, stretch='normal', size='scalable')) = 10.05
16:00:07 [DEBUG   ] matplotlib.font_manager - findfont: score(FontEntry(fname='C:\\Users\\DELL\\AppData\\Local\\Programs\\Python\\Python314\\Lib\\site-packages\\matplotlib\\mpl-data\\fonts\\ttf\\STIXNonUniBol.ttf', name='STIXNonUnicode', style='normal', variant='normal', weight=700, stretch='normal', size='scalable')) = 10.05
16:00:07 [DEBUG   ] matplotlib.font_manager - findfont: score(FontEntry(fname='C:\\Users\\DELL\\AppData\\Local\\Programs\\Python\\Python314\\Lib\\site-packages\\matplotlib\\mpl-data\\fonts\\ttf\\DejaVuSans-BoldOblique.ttf', name='DejaVu Sans', style='oblique', variant='normal', weight=700, stretch='normal', size='scalable')) = 1.05
16:00:07 [DEBUG   ] matplotlib.font_manager - findfont: score(FontEntry(fname='C:\\Users\\DELL\\AppData\\Local\\Programs\\Python\\Python314\\Lib\\site-packages\\matplotlib\\mpl-data\\fonts\\ttf\\STIXNonUniBolIta.ttf', name='STIXNonUnicode', style='italic', variant='normal', weight=700, stretch='normal', size='scalable')) = 11.05
16:00:07 [DEBUG   ] matplotlib.font_manager - findfont: score(FontEntry(fname='C:\\Users\\DELL\\AppData\\Local\\Programs\\Python\\Python314\\Lib\\site-packages\\matplotlib\\mpl-data\\fonts\\ttf\\DejaVuSerif-Italic.ttf', name='DejaVu Serif', style='italic', variant='normal', weight=400, stretch='normal', size='scalable')) = 11.335
16:00:07 [DEBUG   ] matplotlib.font_manager - findfont: score(FontEntry(fname='C:\\Users\\DELL\\AppData\\Local\\Programs\\Python\\Python314\\Lib\\site-packages\\matplotlib\\mpl-data\\fonts\\ttf\\cmex10.ttf', name='cmex10', style='normal', variant='normal', weight=400, stretch='normal', size='scalable')) = 10.335
16:00:07 [DEBUG   ] matplotlib.font_manager - findfont: score(FontEntry(fname='C:\\Users\\DELL\\AppData\\Local\\Programs\\Python\\Python314\\Lib\\site-packages\\matplotlib\\mpl-data\\fonts\\ttf\\cmss10.ttf', name='cmss10', style='normal', variant='normal', weight=400, stretch='normal', size='scalable')) = 10.335
16:00:07 [DEBUG   ] matplotlib.font_manager - findfont: score(FontEntry(fname='C:\\Users\\DELL\\AppData\\Local\\Programs\\Python\\Python314\\Lib\\site-packages\\matplotlib\\mpl-data\\fonts\\ttf\\DejaVuSans-Bold.ttf', name='DejaVu Sans', style='normal', variant='normal', weight=700, stretch='normal', size='scalable')) = 0.05
16:00:07 [DEBUG   ] matplotlib.font_manager - findfont: score(FontEntry(fname='C:\\Users\\DELL\\AppData\\Local\\Programs\\Python\\Python314\\Lib\\site-packages\\matplotlib\\mpl-data\\fonts\\ttf\\DejaVuSans-Oblique.ttf', name='DejaVu Sans', style='oblique', variant='normal', weight=400, stretch='normal', size='scalable')) = 1.335
16:00:07 [DEBUG   ] matplotlib.font_manager - findfont: score(FontEntry(fname='C:\\Users\\DELL\\AppData\\Local\\Programs\\Python\\Python314\\Lib\\site-packages\\matplotlib\\mpl-data\\fonts\\ttf\\STIXSizOneSymReg.ttf', name='STIXSizeOneSym', style='normal', variant='normal', weight=400, stretch='normal', size='scalable')) = 10.335
16:00:07 [DEBUG   ] matplotlib.font_manager - findfont: score(FontEntry(fname='C:\\Users\\DELL\\AppData\\Local\\Programs\\Python\\Python314\\Lib\\site-packages\\matplotlib\\mpl-data\\fonts\\ttf\\DejaVuSerif-BoldItalic.ttf', name='DejaVu Serif', style='italic', variant='normal', weight=700, stretch='normal', size='scalable')) = 11.05
16:00:07 [DEBUG   ] matplotlib.font_manager - findfont: score(FontEntry(fname='C:\\Users\\DELL\\AppData\\Local\\Programs\\Python\\Python314\\Lib\\site-packages\\matplotlib\\mpl-data\\fonts\\ttf\\STIXNonUni.ttf', name='STIXNonUnicode', style='normal', variant='normal', weight=400, stretch='normal', size='scalable')) = 10.335
16:00:07 [DEBUG   ] matplotlib.font_manager - findfont: score(FontEntry(fname='C:\\Users\\DELL\\AppData\\Local\\Programs\\Python\\Python314\\Lib\\site-packages\\matplotlib\\mpl-data\\fonts\\ttf\\DejaVuSerif.ttf', name='DejaVu Serif', style='normal', variant='normal', weight=400, stretch='normal', size='scalable')) = 10.335
16:00:07 [DEBUG   ] matplotlib.font_manager - findfont: score(FontEntry(fname='C:\\Users\\DELL\\AppData\\Local\\Programs\\Python\\Python314\\Lib\\site-packages\\matplotlib\\mpl-data\\fonts\\ttf\\STIXGeneral.ttf', name='STIXGeneral', style='normal', variant='normal', weight=400, stretch='normal', size='scalable')) = 10.335
16:00:07 [DEBUG   ] matplotlib.font_manager - findfont: score(FontEntry(fname='C:\\Users\\DELL\\AppData\\Local\\Programs\\Python\\Python314\\Lib\\site-packages\\matplotlib\\mpl-data\\fonts\\ttf\\STIXGeneralItalic.ttf', name='STIXGeneral', style='italic', variant='normal', weight=400, stretch='normal', size='scalable')) = 11.335
16:00:07 [DEBUG   ] matplotlib.font_manager - findfont: score(FontEntry(fname='C:\\Users\\DELL\\AppData\\Local\\Programs\\Python\\Python314\\Lib\\site-packages\\matplotlib\\mpl-data\\fonts\\ttf\\STIXSizTwoSymBol.ttf', name='STIXSizeTwoSym', style='normal', variant='normal', weight=700, stretch='normal', size='scalable')) = 10.05
16:00:07 [DEBUG   ] matplotlib.font_manager - findfont: score(FontEntry(fname='C:\\Windows\\Fonts\\GOUDOSB.TTF', name='Goudy Old Style', style='normal', variant='normal', weight=700, stretch='normal', size='scalable')) = 10.05
16:00:07 [DEBUG   ] matplotlib.font_manager - findfont: score(FontEntry(fname='C:\\Windows\\Fonts\\GLECB.TTF', name='Gloucester MT Extra Condensed', style='normal', variant='normal', weight=400, stretch='condensed', size='scalable')) = 10.535
16:00:07 [DEBUG   ] matplotlib.font_manager - findfont: score(FontEntry(fname='C:\\Windows\\Fonts\\COLONNA.TTF', name='Colonna MT', style='normal', variant='normal', weight=400, stretch='normal', size='scalable')) = 10.335
16:00:07 [DEBUG   ] matplotlib.font_manager - findfont: score(FontEntry(fname='C:\\Windows\\Fonts\\CENTURY.TTF', name='Century', style='normal', variant='normal', weight=400, stretch='normal', size='scalable')) = 10.335
16:00:07 [DEBUG   ] matplotlib.font_manager - findfont: score(FontEntry(fname='C:\\Windows\\Fonts\\constani.ttf', name='Constantia', style='italic', variant='normal', weight=400, stretch='normal', size='scalable')) = 11.335
16:00:07 [DEBUG   ] matplotlib.font_manager - findfont: score(FontEntry(fname='C:\\Windows\\Fonts\\gadugi.ttf', name='Gadugi', style='normal', variant='normal', weight=400, stretch='normal', size='scalable')) = 10.335
16:00:07 [DEBUG   ] matplotlib.font_manager - findfont: score(FontEntry(fname='C:\\Windows\\Fonts\\segoepr.ttf', name='Segoe Print', style='normal', variant='normal', weight=400, stretch='normal', size='scalable')) = 10.335
16:00:07 [DEBUG   ] matplotlib.font_manager - findfont: score(FontEntry(fname='C:\\Windows\\Fonts\\tahoma.ttf', name='Tahoma', style='normal', variant='normal', weight=400, stretch='normal', size='scalable')) = 10.335
16:00:07 [DEBUG   ] matplotlib.font_manager - findfont: score(FontEntry(fname='C:\\Windows\\Fonts\\CALIFR.TTF', name='Californian FB', style='normal', variant='normal', weight=400, stretch='normal', size='scalable')) = 10.335
16:00:07 [DEBUG   ] matplotlib.font_manager - findfont: score(FontEntry(fname='C:\\Windows\\Fonts\\PRISTINA.TTF', name='Pristina', style='normal', variant='normal', weight=400, stretch='normal', size='scalable')) = 10.335
16:00:07 [DEBUG   ] matplotlib.font_manager - findfont: score(FontEntry(fname='C:\\Windows\\Fonts\\ANTQUAI.TTF', name='Book Antiqua', style='italic', variant='normal', weight=400, stretch='normal', size='scalable')) = 11.335
16:00:07 [DEBUG   ] matplotlib.font_manager - findfont: score(FontEntry(fname='C:\\Windows\\Fonts\\simsun.ttc', name='SimSun', style='normal', variant='normal', weight=400, stretch='normal', size='scalable')) = 10.335
16:00:07 [DEBUG   ] matplotlib.font_manager - findfont: score(FontEntry(fname='C:\\Windows\\Fonts\\GOUDOS.TTF', name='Goudy Old Style', style='normal', variant='normal', weight=400, stretch='normal', size='scalable')) = 10.335
16:00:07 [DEBUG   ] matplotlib.font_manager - findfont: score(FontEntry(fname='C:\\Windows\\Fonts\\msyhl.ttc', name='Microsoft YaHei', style='normal', variant='normal', weight=290, stretch='normal', size='scalable')) = 10.4395
16:00:07 [DEBUG   ] matplotlib.font_manager - findfont: score(FontEntry(fname='C:\\Windows\\Fonts\\timesbi.ttf', name='Times New Roman', style='italic', variant='normal', weight=700, stretch='normal', size='scalable')) = 11.05
16:00:07 [DEBUG   ] matplotlib.font_manager - findfont: score(FontEntry(fname='C:\\Windows\\Fonts\\CENTAUR.TTF', name='Centaur', style='normal', variant='normal', weight=400, stretch='normal', size='scalable')) = 10.335
16:00:07 [DEBUG   ] matplotlib.font_manager - findfont: score(FontEntry(fname='C:\\Windows\\Fonts\\comicz.ttf', name='Comic Sans MS', style='italic', variant='normal', weight=700, stretch='normal', size='scalable')) = 11.05
16:00:07 [DEBUG   ] matplotlib.font_manager - findfont: score(FontEntry(fname='C:\\Windows\\Fonts\\Gabriola.ttf', name='Gabriola', style='normal', variant='normal', weight=400, stretch='normal', size='scalable')) = 10.335
16:00:07 [DEBUG   ] matplotlib.font_manager - findfont: score(FontEntry(fname='C:\\Windows\\Fonts\\consolaz.ttf', name='Consolas', style='italic', variant='normal', weight=700, stretch='normal', size='scalable')) = 11.05
16:00:07 [DEBUG   ] matplotlib.font_manager - findfont: score(FontEntry(fname='C:\\Windows\\Fonts\\PARCHM.TTF', name='Parchment', style='normal', variant='normal', weight=400, stretch='normal', size='scalable')) = 10.335
16:00:07 [DEBUG   ] matplotlib.font_manager - findfont: score(FontEntry(fname='C:\\Windows\\Fonts\\BASKVILL.TTF', name='Baskerville Old Face', style='normal', variant='normal', weight=400, stretch='normal', size='scalable')) = 10.335
16:00:07 [DEBUG   ] matplotlib.font_manager - findfont: score(FontEntry(fname='C:\\Windows\\Fonts\\LeelUIsl.ttf', name='Leelawadee UI', style='normal', variant='normal', weight=350, stretch='normal', size='scalable')) = 10.3825
16:00:07 [DEBUG   ] matplotlib.font_manager - findfont: score(FontEntry(fname='C:\\Windows\\Fonts\\MTEXTRA.TTF', name='MT Extra', style='normal', variant='normal', weight=400, stretch='normal', size='scalable')) = 10.335
16:00:07 [DEBUG   ] matplotlib.font_manager - findfont: score(FontEntry(fname='C:\\Windows\\Fonts\\COOPBL.TTF', name='Cooper Black', style='normal', variant='normal', weight=400, stretch='normal', size='scalable')) = 10.335
16:00:07 [DEBUG   ] matplotlib.font_manager - findfont: score(FontEntry(fname='C:\\Windows\\Fonts\\verdanab.ttf', name='Verdana', style='normal', variant='normal', weight=700, stretch='normal', size='scalable')) = 3.6863636363636365
16:00:07 [DEBUG   ] matplotlib.font_manager - findfont: score(FontEntry(fname='C:\\Windows\\Fonts\\seguisb.ttf', name='Segoe UI', style='normal', variant='normal', weight=600, stretch='normal', size='scalable')) = 10.145
16:00:07 [DEBUG   ] matplotlib.font_manager - findfont: score(FontEntry(fname='C:\\Windows\\Fonts\\consolai.ttf', name='Consolas', style='italic', variant='normal', weight=400, stretch='normal', size='scalable')) = 11.335
16:00:07 [DEBUG   ] matplotlib.font_manager - findfont: score(FontEntry(fname='C:\\Program Files (x86)\\IBM\\SPSS\\Amos\\24\\JRE\\lib\\fonts\\LucidaSansRegular.ttf', name='Lucida Sans', style='normal', variant='normal', weight=400, stretch='normal', size='scalable')) = 10.335
16:00:07 [DEBUG   ] matplotlib.font_manager - findfont: score(FontEntry(fname='C:\\Windows\\Fonts\\GOTHICBI.TTF', name='Century Gothic', style='italic', variant='normal', weight=700, stretch='normal', size='scalable')) = 11.05
16:00:07 [DEBUG   ] matplotlib.font_manager - findfont: score(FontEntry(fname='C:\\Windows\\Fonts\\courbi.ttf', name='Courier New', style='italic', variant='normal', weight=700, stretch='normal', size='scalable')) = 11.05
16:00:07 [DEBUG   ] matplotlib.font_manager - findfont: score(FontEntry(fname='C:\\Windows\\Fonts\\corbel.ttf', name='Corbel', style='normal', variant='normal', weight=400, stretch='normal', size='scalable')) = 10.335
16:00:07 [DEBUG   ] matplotlib.font_manager - findfont: score(FontEntry(fname='C:\\Windows\\Fonts\\BKANT.TTF', name='Book Antiqua', style='normal', variant='normal', weight=400, stretch='normal', size='scalable')) = 10.335
16:00:07 [DEBUG   ] matplotlib.font_manager - findfont: score(FontEntry(fname='C:\\Windows\\Fonts\\LSANSD.TTF', name='Lucida Sans', style='normal', variant='normal', weight=600, stretch='normal', size='scalable')) = 10.145
16:00:07 [DEBUG   ] matplotlib.font_manager - findfont: score(FontEntry(fname='C:\\Windows\\Fonts\\BOD_BLAR.TTF', name='Bodoni MT', style='normal', variant='normal', weight=900, stretch='normal', size='scalable')) = 10.24
16:00:07 [DEBUG   ] matplotlib.font_manager - findfont: score(FontEntry(fname='C:\\Windows\\Fonts\\GOTHIC.TTF', name='Century Gothic', style='normal', variant='normal', weight=400, stretch='normal', size='scalable')) = 10.335
16:00:07 [DEBUG   ] matplotlib.font_manager - findfont: score(FontEntry(fname='C:\\Windows\\Fonts\\verdanai.ttf', name='Verdana', style='italic', variant='normal', weight=400, stretch='normal', size='scalable')) = 4.971363636363637
16:00:07 [DEBUG   ] matplotlib.font_manager - findfont: score(FontEntry(fname='C:\\Windows\\Fonts\\YuGothB.ttc', name='Yu Gothic', style='normal', variant='normal', weight=700, stretch='normal', size='scalable')) = 10.05
16:00:07 [DEBUG   ] matplotlib.font_manager - findfont: score(FontEntry(fname='C:\\Windows\\Fonts\\SansSerifCollection.ttf', name='Sans Serif Collection', style='normal', variant='normal', weight=400, stretch='normal', size='scalable')) = 10.335
16:00:07 [DEBUG   ] matplotlib.font_manager - findfont: score(FontEntry(fname='C:\\Windows\\Fonts\\TCCB____.TTF', name='Tw Cen MT Condensed', style='normal', variant='normal', weight=700, stretch='condensed', size='scalable')) = 10.25
16:00:07 [DEBUG   ] matplotlib.font_manager - findfont: score(FontEntry(fname='C:\\Windows\\Fonts\\LSANSI.TTF', name='Lucida Sans', style='italic', variant='normal', weight=400, stretch='normal', size='scalable')) = 11.335
16:00:07 [DEBUG   ] matplotlib.font_manager - findfont: score(FontEntry(fname='C:\\Windows\\Fonts\\RAGE.TTF', name='Rage Italic', style='italic', variant='normal', weight=400, stretch='normal', size='scalable')) = 11.335
16:00:07 [DEBUG   ] matplotlib.font_manager - findfont: score(FontEntry(fname='C:\\Program Files (x86)\\IBM\\SPSS\\Amos\\24\\JRE\\lib\\fonts\\LucidaBrightDemiItalic.ttf', name='Lucida Bright', style='italic', variant='normal', weight=700, stretch='normal', size='scalable')) = 11.05
16:00:07 [DEBUG   ] matplotlib.font_manager - findfont: score(FontEntry(fname='C:\\Windows\\Fonts\\timesbd.ttf', name='Times New Roman', style='normal', variant='normal', weight=700, stretch='normal', size='scalable')) = 10.05
16:00:07 [DEBUG   ] matplotlib.font_manager - findfont: score(FontEntry(fname='C:\\Windows\\Fonts\\webdings.ttf', name='Webdings', style='normal', variant='normal', weight=400, stretch='normal', size='scalable')) = 10.335
16:00:07 [DEBUG   ] matplotlib.font_manager - findfont: score(FontEntry(fname='C:\\Windows\\Fonts\\ERASLGHT.TTF', name='Eras Light ITC', style='normal', variant='normal', weight=400, stretch='normal', size='scalable')) = 10.335
16:00:07 [DEBUG   ] matplotlib.font_manager - findfont: score(FontEntry(fname='C:\\Windows\\Fonts\\segoesc.ttf', name='Segoe Script', style='normal', variant='normal', weight=400, stretch='normal', size='scalable')) = 10.335
16:00:07 [DEBUG   ] matplotlib.font_manager - findfont: score(FontEntry(fname='C:\\Windows\\Fonts\\BRADHITC.TTF', name='Bradley Hand ITC', style='normal', variant='normal', weight=400, stretch='normal', size='scalable')) = 10.335
16:00:07 [DEBUG   ] matplotlib.font_manager - findfont: score(FontEntry(fname='C:\\Windows\\Fonts\\timesi.ttf', name='Times New Roman', style='italic', variant='normal', weight=400, stretch='normal', size='scalable')) = 11.335
16:00:07 [DEBUG   ] matplotlib.font_manager - findfont: score(FontEntry(fname='C:\\Windows\\Fonts\\ROCKB.TTF', name='Rockwell', style='normal', variant='normal', weight=700, stretch='normal', size='scalable')) = 10.05
16:00:07 [DEBUG   ] matplotlib.font_manager - findfont: score(FontEntry(fname='C:\\Windows\\Fonts\\SHOWG.TTF', name='Showcard Gothic', style='normal', variant='normal', weight=400, stretch='normal', size='scalable')) = 10.335
16:00:07 [DEBUG   ] matplotlib.font_manager - findfont: score(FontEntry(fname='C:\\Windows\\Fonts\\trebucbd.ttf', name='Trebuchet MS', style='normal', variant='normal', weight=700, stretch='normal', size='scalable')) = 10.05
16:00:07 [DEBUG   ] matplotlib.font_manager - findfont: score(FontEntry(fname='C:\\Windows\\Fonts\\BOOKOSBI.TTF', name='Bookman Old Style', style='italic', variant='normal', weight=600, stretch='normal', size='scalable')) = 11.145
16:00:07 [DEBUG   ] matplotlib.font_manager - findfont: score(FontEntry(fname='C:\\Windows\\Fonts\\TCCEB.TTF', name='Tw Cen MT Condensed Extra Bold', style='normal', variant='normal', weight=400, stretch='condensed', size='scalable')) = 10.535
16:00:07 [DEBUG   ] matplotlib.font_manager - findfont: score(FontEntry(fname='C:\\Windows\\Fonts\\constan.ttf', name='Constantia', style='normal', variant='normal', weight=400, stretch='normal', size='scalable')) = 10.335
16:00:07 [DEBUG   ] matplotlib.font_manager - findfont: score(FontEntry(fname='C:\\Windows\\Fonts\\CALISTBI.TTF', name='Calisto MT', style='italic', variant='normal', weight=700, stretch='normal', size='scalable')) = 11.05
16:00:07 [DEBUG   ] matplotlib.font_manager - findfont: score(FontEntry(fname='C:\\Windows\\Fonts\\FRABK.TTF', name='Franklin Gothic Book', style='normal', variant='normal', weight=400, stretch='normal', size='scalable')) = 10.335
16:00:07 [DEBUG   ] matplotlib.font_manager - findfont: score(FontEntry(fname='C:\\Windows\\Fonts\\HATTEN.TTF', name='Haettenschweiler', style='normal', variant='normal', weight=400, stretch='normal', size='scalable')) = 10.335
16:00:07 [DEBUG   ] matplotlib.font_manager - findfont: score(FontEntry(fname='C:\\Windows\\Fonts\\ARIALNB.TTF', name='Arial', style='normal', variant='normal', weight=700, stretch='condensed', size='scalable')) = 6.613636363636363
16:00:07 [DEBUG   ] matplotlib.font_manager - findfont: score(FontEntry(fname='C:\\Windows\\Fonts\\malgunbd.ttf', name='Malgun Gothic', style='normal', variant='normal', weight=700, stretch='normal', size='scalable')) = 10.05
16:00:07 [DEBUG   ] matplotlib.font_manager - findfont: score(FontEntry(fname='C:\\Windows\\Fonts\\calibri.ttf', name='Calibri', style='normal', variant='normal', weight=400, stretch='normal', size='scalable')) = 10.335
16:00:07 [DEBUG   ] matplotlib.font_manager - findfont: score(FontEntry(fname='C:\\Windows\\Fonts\\TCBI____.TTF', name='Tw Cen MT', style='italic', variant='normal', weight=700, stretch='normal', size='scalable')) = 11.05
16:00:07 [DEBUG   ] matplotlib.font_manager - findfont: score(FontEntry(fname='C:\\Windows\\Fonts\\LEELAWDB.TTF', name='Leelawadee', style='normal', variant='normal', weight=700, stretch='normal', size='scalable')) = 10.05
16:00:07 [DEBUG   ] matplotlib.font_manager - findfont: score(FontEntry(fname='C:\\Windows\\Fonts\\verdanaz.ttf', name='Verdana', style='italic', variant='normal', weight=700, stretch='normal', size='scalable')) = 4.6863636363636365
16:00:07 [DEBUG   ] matplotlib.font_manager - findfont: score(FontEntry(fname='C:\\Windows\\Fonts\\SimsunExtG.ttf', name='SimSun-ExtG', style='normal', variant='normal', weight=400, stretch='normal', size='scalable')) = 10.335
16:00:07 [DEBUG   ] matplotlib.font_manager - findfont: score(FontEntry(fname='C:\\Windows\\Fonts\\DUBAI-MEDIUM.TTF', name='Dubai', style='normal', variant='normal', weight=500, stretch='normal', size='scalable')) = 10.24
16:00:07 [DEBUG   ] matplotlib.font_manager - findfont: score(FontEntry(fname='C:\\Windows\\Fonts\\seguisym.ttf', name='Segoe UI Symbol', style='normal', variant='normal', weight=400, stretch='normal', size='scalable')) = 10.335
16:00:07 [DEBUG   ] matplotlib.font_manager - findfont: score(FontEntry(fname='C:\\Windows\\Fonts\\cambriai.ttf', name='Cambria', style='italic', variant='normal', weight=400, stretch='normal', size='scalable')) = 11.335
16:00:07 [DEBUG   ] matplotlib.font_manager - findfont: score(FontEntry(fname='C:\\Windows\\Fonts\\PAPYRUS.TTF', name='Papyrus', style='normal', variant='normal', weight=400, stretch='normal', size='scalable')) = 10.335
16:00:07 [DEBUG   ] matplotlib.font_manager - findfont: score(FontEntry(fname='C:\\Windows\\Fonts\\MSUIGHUB.TTF', name='Microsoft Uighur', style='normal', variant='normal', weight=700, stretch='normal', size='scalable')) = 10.05
16:00:07 [DEBUG   ] matplotlib.font_manager - findfont: score(FontEntry(fname='C:\\Windows\\Fonts\\MOD20.TTF', name='Modern No. 20', style='normal', variant='normal', weight=400, stretch='normal', size='scalable')) = 10.335
16:00:07 [DEBUG   ] matplotlib.font_manager - findfont: score(FontEntry(fname='C:\\Program Files (x86)\\IBM\\SPSS\\Amos\\24\\JRE\\lib\\fonts\\LucidaSansDemiBold.ttf', name='Lucida Sans', style='normal', variant='normal', weight=700, stretch='normal', size='scalable')) = 10.05
16:00:07 [DEBUG   ] matplotlib.font_manager - findfont: score(FontEntry(fname='C:\\Windows\\Fonts\\RAVIE.TTF', name='Ravie', style='normal', variant='normal', weight=400, stretch='normal', size='scalable')) = 10.335
16:00:07 [DEBUG   ] matplotlib.font_manager - findfont: score(FontEntry(fname='C:\\Windows\\Fonts\\PERTIBD.TTF', name='Perpetua Titling MT', style='normal', variant='normal', weight=700, stretch='normal', size='scalable')) = 10.05
16:00:07 [DEBUG   ] matplotlib.font_manager - findfont: score(FontEntry(fname='C:\\Windows\\Fonts\\LHANDW.TTF', name='Lucida Handwriting', style='italic', variant='normal', weight=400, stretch='normal', size='scalable')) = 11.335
16:00:07 [DEBUG   ] matplotlib.font_manager - findfont: score(FontEntry(fname='C:\\Windows\\Fonts\\FRABKIT.TTF', name='Franklin Gothic Book', style='italic', variant='normal', weight=400, stretch='normal', size='scalable')) = 11.335
16:00:07 [DEBUG   ] matplotlib.font_manager - findfont: score(FontEntry(fname='C:\\Program Files (x86)\\Adobe\\Acrobat DC\\Resource\\Font\\AdobeDevanagari-Italic.otf', name='Adobe Devanagari', style='italic', variant='normal', weight=400, stretch='normal', size='scalable')) = 11.335
16:00:07 [DEBUG   ] matplotlib.font_manager - findfont: score(FontEntry(fname='C:\\Windows\\Fonts\\taile.ttf', name='Microsoft Tai Le', style='normal', variant='normal', weight=400, stretch='normal', size='scalable')) = 10.335
16:00:07 [DEBUG   ] matplotlib.font_manager - findfont: score(FontEntry(fname='C:\\Windows\\Fonts\\segoeuisl.ttf', name='Segoe UI', style='normal', variant='normal', weight=350, stretch='normal', size='scalable')) = 10.3825
16:00:07 [DEBUG   ] matplotlib.font_manager - findfont: score(FontEntry(fname='C:\\Windows\\Fonts\\MSUIGHUR.TTF', name='Microsoft Uighur', style='normal', variant='normal', weight=400, stretch='normal', size='scalable')) = 10.335
16:00:07 [DEBUG   ] matplotlib.font_manager - findfont: score(FontEntry(fname='C:\\Windows\\Fonts\\NIAGENG.TTF', name='Niagara Engraved', style='normal', variant='normal', weight=400, stretch='normal', size='scalable')) = 10.335
16:00:07 [DEBUG   ] matplotlib.font_manager - findfont: score(FontEntry(fname='C:\\Windows\\Fonts\\KUNSTLER.TTF', name='Kunstler Script', style='normal', variant='normal', weight=400, stretch='normal', size='scalable')) = 10.335
16:00:07 [DEBUG   ] matplotlib.font_manager - findfont: score(FontEntry(fname='C:\\Windows\\Fonts\\PERBI___.TTF', name='Perpetua', style='italic', variant='normal', weight=700, stretch='normal', size='scalable')) = 11.05
16:00:07 [DEBUG   ] matplotlib.font_manager - findfont: score(FontEntry(fname='C:\\Windows\\Fonts\\ELEPHNT.TTF', name='Elephant', style='normal', variant='normal', weight=400, stretch='normal', size='scalable')) = 10.335
16:00:07 [DEBUG   ] matplotlib.font_manager - findfont: score(FontEntry(fname='C:\\Windows\\Fonts\\GARA.TTF', name='Garamond', style='normal', variant='normal', weight=400, stretch='normal', size='scalable')) = 10.335
16:00:07 [DEBUG   ] matplotlib.font_manager - findfont: score(FontEntry(fname='C:\\Windows\\Fonts\\msyh.ttc', name='Microsoft YaHei', style='normal', variant='normal', weight=400, stretch='normal', size='scalable')) = 10.335
16:00:07 [DEBUG   ] matplotlib.font_manager - findfont: score(FontEntry(fname='C:\\Windows\\Fonts\\LEELAWAD.TTF', name='Leelawadee', style='normal', variant='normal', weight=400, stretch='normal', size='scalable')) = 10.335
16:00:07 [DEBUG   ] matplotlib.font_manager - findfont: score(FontEntry(fname='C:\\Windows\\Fonts\\constanb.ttf', name='Constantia', style='normal', variant='normal', weight=700, stretch='normal', size='scalable')) = 10.05
16:00:07 [DEBUG   ] matplotlib.font_manager - findfont: score(FontEntry(fname='C:\\Windows\\Fonts\\BOD_CR.TTF', name='Bodoni MT', style='normal', variant='normal', weight=400, stretch='condensed', size='scalable')) = 10.535
16:00:07 [DEBUG   ] matplotlib.font_manager - findfont: score(FontEntry(fname='C:\\Windows\\Fonts\\TCCM____.TTF', name='Tw Cen MT Condensed', style='normal', variant='normal', weight=400, stretch='condensed', size='scalable')) = 10.535
16:00:07 [DEBUG   ] matplotlib.font_manager - findfont: score(FontEntry(fname='C:\\Windows\\Fonts\\OCRAEXT.TTF', name='OCR A Extended', style='normal', variant='normal', weight=400, stretch='expanded', size='scalable')) = 10.535
16:00:07 [DEBUG   ] matplotlib.font_manager - findfont: score(FontEntry(fname='C:\\Windows\\Fonts\\IMPRISHA.TTF', name='Imprint MT Shadow', style='normal', variant='normal', weight=400, stretch='normal', size='scalable')) = 10.335
16:00:07 [DEBUG   ] matplotlib.font_manager - findfont: score(FontEntry(fname='C:\\Windows\\Fonts\\symbol.ttf', name='Symbol', style='normal', variant='normal', weight=400, stretch='normal', size='scalable')) = 10.335
16:00:07 [DEBUG   ] matplotlib.font_manager - findfont: score(FontEntry(fname='C:\\Windows\\Fonts\\constanz.ttf', name='Constantia', style='italic', variant='normal', weight=700, stretch='normal', size='scalable')) = 11.05
16:00:07 [DEBUG   ] matplotlib.font_manager - findfont: score(FontEntry(fname='C:\\Windows\\Fonts\\Inkfree.ttf', name='Ink Free', style='normal', variant='normal', weight=400, stretch='normal', size='scalable')) = 10.335
16:00:07 [DEBUG   ] matplotlib.font_manager - findfont: score(FontEntry(fname='C:\\Windows\\Fonts\\GILLUBCD.TTF', name='Gill Sans Ultra Bold Condensed', style='normal', variant='normal', weight=400, stretch='condensed', size='scalable')) = 10.535
16:00:07 [DEBUG   ] matplotlib.font_manager - findfont: score(FontEntry(fname='C:\\Windows\\Fonts\\HARLOWSI.TTF', name='Harlow Solid Italic', style='italic', variant='normal', weight=400, stretch='normal', size='scalable')) = 11.335
16:00:07 [DEBUG   ] matplotlib.font_manager - findfont: score(FontEntry(fname='C:\\Windows\\Fonts\\taileb.ttf', name='Microsoft Tai Le', style='normal', variant='normal', weight=700, stretch='normal', size='scalable')) = 10.05
16:00:07 [DEBUG   ] matplotlib.font_manager - findfont: score(FontEntry(fname='C:\\Program Files (x86)\\IBM\\SPSS\\Amos\\24\\JRE\\lib\\fonts\\LucidaBrightDemiBold.ttf', name='Lucida Bright', style='normal', variant='normal', weight=700, stretch='normal', size='scalable')) = 10.05
16:00:07 [DEBUG   ] matplotlib.font_manager - findfont: score(FontEntry(fname='C:\\Windows\\Fonts\\STENCIL.TTF', name='Stencil', style='normal', variant='normal', weight=400, stretch='normal', size='scalable')) = 10.335
16:00:07 [DEBUG   ] matplotlib.font_manager - findfont: score(FontEntry(fname='C:\\Windows\\Fonts\\BRITANIC.TTF', name='Britannic Bold', style='normal', variant='normal', weight=400, stretch='normal', size='scalable')) = 10.335
16:00:07 [DEBUG   ] matplotlib.font_manager - findfont: score(FontEntry(fname='C:\\Windows\\Fonts\\malgun.ttf', name='Malgun Gothic', style='normal', variant='normal', weight=400, stretch='normal', size='scalable')) = 10.335
16:00:07 [DEBUG   ] matplotlib.font_manager - findfont: score(FontEntry(fname='C:\\Windows\\Fonts\\ntailu.ttf', name='Microsoft New Tai Lue', style='normal', variant='normal', weight=400, stretch='normal', size='scalable')) = 10.335
16:00:07 [DEBUG   ] matplotlib.font_manager - findfont: score(FontEntry(fname='C:\\Windows\\Fonts\\BRLNSR.TTF', name='Berlin Sans FB', style='normal', variant='normal', weight=400, stretch='normal', size='scalable')) = 10.335
16:00:07 [DEBUG   ] matplotlib.font_manager - findfont: score(FontEntry(fname='C:\\Windows\\Fonts\\mingliub.ttc', name='MingLiU-ExtB', style='normal', variant='normal', weight=400, stretch='normal', size='scalable')) = 10.335
16:00:07 [DEBUG   ] matplotlib.font_manager - findfont: score(FontEntry(fname='C:\\Windows\\Fonts\\BOOKOS.TTF', name='Bookman Old Style', style='normal', variant='normal', weight=300, stretch='normal', size='scalable')) = 10.43
16:00:07 [DEBUG   ] matplotlib.font_manager - findfont: score(FontEntry(fname='C:\\Windows\\Fonts\\GILSANUB.TTF', name='Gill Sans Ultra Bold', style='normal', variant='normal', weight=400, stretch='normal', size='scalable')) = 10.335
16:00:07 [DEBUG   ] matplotlib.font_manager - findfont: score(FontEntry(fname='C:\\Windows\\Fonts\\calibril.ttf', name='Calibri', style='normal', variant='normal', weight=300, stretch='normal', size='scalable')) = 10.43
16:00:07 [DEBUG   ] matplotlib.font_manager - findfont: score(FontEntry(fname='C:\\Windows\\Fonts\\WINGDNG2.TTF', name='Wingdings 2', style='normal', variant='normal', weight=400, stretch='normal', size='scalable')) = 10.335
16:00:07 [DEBUG   ] matplotlib.font_manager - findfont: score(FontEntry(fname='C:\\Windows\\Fonts\\FRAMDCN.TTF', name='Franklin Gothic Medium Cond', style='normal', variant='normal', weight=400, stretch='condensed', size='scalable')) = 10.535
16:00:07 [DEBUG   ] matplotlib.font_manager - findfont: score(FontEntry(fname='C:\\Windows\\Fonts\\BAUHS93.TTF', name='Bauhaus 93', style='normal', variant='normal', weight=400, stretch='normal', size='scalable')) = 10.335
16:00:07 [DEBUG   ] matplotlib.font_manager - findfont: score(FontEntry(fname='C:\\Windows\\Fonts\\ebrimabd.ttf', name='Ebrima', style='normal', variant='normal', weight=700, stretch='normal', size='scalable')) = 10.05
16:00:07 [DEBUG   ] matplotlib.font_manager - findfont: score(FontEntry(fname='C:\\Windows\\Fonts\\LFAXD.TTF', name='Lucida Fax', style='normal', variant='normal', weight=600, stretch='normal', size='scalable')) = 10.145
16:00:07 [DEBUG   ] matplotlib.font_manager - findfont: score(FontEntry(fname='C:\\Windows\\Fonts\\framd.ttf', name='Franklin Gothic Medium', style='normal', variant='normal', weight=400, stretch='normal', size='scalable')) = 10.335
16:00:07 [DEBUG   ] matplotlib.font_manager - findfont: score(FontEntry(fname='C:\\Windows\\Fonts\\ANTQUABI.TTF', name='Book Antiqua', style='italic', variant='normal', weight=700, stretch='normal', size='scalable')) = 11.05
16:00:07 [DEBUG   ] matplotlib.font_manager - findfont: score(FontEntry(fname='C:\\Windows\\Fonts\\mmrtext.ttf', name='Myanmar Text', style='normal', variant='normal', weight=400, stretch='normal', size='scalable')) = 10.335
16:00:07 [DEBUG   ] matplotlib.font_manager - findfont: score(FontEntry(fname='C:\\Windows\\Fonts\\GOTHICI.TTF', name='Century Gothic', style='italic', variant='normal', weight=400, stretch='normal', size='scalable')) = 11.335
16:00:07 [DEBUG   ] matplotlib.font_manager - findfont: score(FontEntry(fname='C:\\Windows\\Fonts\\ANTQUAB.TTF', name='Book Antiqua', style='normal', variant='normal', weight=700, stretch='normal', size='scalable')) = 10.05
16:00:07 [DEBUG   ] matplotlib.font_manager - findfont: score(FontEntry(fname='C:\\Windows\\Fonts\\GOTHICB.TTF', name='Century Gothic', style='normal', variant='normal', weight=700, stretch='normal', size='scalable')) = 10.05
16:00:07 [DEBUG   ] matplotlib.font_manager - findfont: score(FontEntry(fname='C:\\Windows\\Fonts\\arialbi.ttf', name='Arial', style='italic', variant='normal', weight=700, stretch='normal', size='scalable')) = 7.413636363636363
16:00:07 [DEBUG   ] matplotlib.font_manager - findfont: score(FontEntry(fname='C:\\Windows\\Fonts\\WINGDNG3.TTF', name='Wingdings 3', style='normal', variant='normal', weight=400, stretch='normal', size='scalable')) = 10.335
16:00:07 [DEBUG   ] matplotlib.font_manager - findfont: score(FontEntry(fname='C:\\Windows\\Fonts\\cour.ttf', name='Courier New', style='normal', variant='normal', weight=400, stretch='normal', size='scalable')) = 10.335
16:00:07 [DEBUG   ] matplotlib.font_manager - findfont: score(FontEntry(fname='C:\\Windows\\Fonts\\verdana.ttf', name='Verdana', style='normal', variant='normal', weight=400, stretch='normal', size='scalable')) = 3.9713636363636367
16:00:07 [DEBUG   ] matplotlib.font_manager - findfont: score(FontEntry(fname='C:\\Windows\\Fonts\\SegoeIcons.ttf', name='Segoe Fluent Icons', style='normal', variant='normal', weight=400, stretch='normal', size='scalable')) = 10.335
16:00:07 [DEBUG   ] matplotlib.font_manager - findfont: score(FontEntry(fname='C:\\Windows\\Fonts\\VINERITC.TTF', name='Viner Hand ITC', style='normal', variant='normal', weight=400, stretch='normal', size='scalable')) = 10.335
16:00:07 [DEBUG   ] matplotlib.font_manager - findfont: score(FontEntry(fname='C:\\Windows\\Fonts\\msjhl.ttc', name='Microsoft JhengHei', style='normal', variant='normal', weight=290, stretch='normal', size='scalable')) = 10.4395
16:00:07 [DEBUG   ] matplotlib.font_manager - findfont: score(FontEntry(fname='C:\\Windows\\Fonts\\segoeuiz.ttf', name='Segoe UI', style='italic', variant='normal', weight=700, stretch='normal', size='scalable')) = 11.05
16:00:07 [DEBUG   ] matplotlib.font_manager - findfont: score(FontEntry(fname='C:\\Windows\\Fonts\\simsunb.ttf', name='SimSun-ExtB', style='normal', variant='normal', weight=400, stretch='normal', size='scalable')) = 10.335
16:00:07 [DEBUG   ] matplotlib.font_manager - findfont: score(FontEntry(fname='C:\\Program Files (x86)\\Adobe\\Acrobat DC\\Resource\\Font\\AdobeDevanagari-BoldItalic.otf', name='Adobe Devanagari', style='italic', variant='normal', weight=700, stretch='normal', size='scalable')) = 11.05
16:00:07 [DEBUG   ] matplotlib.font_manager - findfont: score(FontEntry(fname='C:\\Windows\\Fonts\\ebrima.ttf', name='Ebrima', style='normal', variant='normal', weight=400, stretch='normal', size='scalable')) = 10.335
16:00:07 [DEBUG   ] matplotlib.font_manager - findfont: score(FontEntry(fname='C:\\Windows\\Fonts\\seguibl.ttf', name='Segoe UI', style='normal', variant='normal', weight=900, stretch='normal', size='scalable')) = 10.24
16:00:07 [DEBUG   ] matplotlib.font_manager - findfont: score(FontEntry(fname='C:\\Windows\\Fonts\\OLDENGL.TTF', name='Old English Text MT', style='normal', variant='normal', weight=400, stretch='normal', size='scalable')) = 10.335
16:00:07 [DEBUG   ] matplotlib.font_manager - findfont: score(FontEntry(fname='C:\\Windows\\Fonts\\MISTRAL.TTF', name='Mistral', style='normal', variant='normal', weight=400, stretch='normal', size='scalable')) = 10.335
16:00:07 [DEBUG   ] matplotlib.font_manager - findfont: score(FontEntry(fname='C:\\Windows\\Fonts\\LATINWD.TTF', name='Wide Latin', style='normal', variant='normal', weight=400, stretch='expanded', size='scalable')) = 10.535
16:00:07 [DEBUG   ] matplotlib.font_manager - findfont: score(FontEntry(fname='C:\\Windows\\Fonts\\ariali.ttf', name='Arial', style='italic', variant='normal', weight=400, stretch='normal', size='scalable')) = 7.698636363636363
16:00:07 [DEBUG   ] matplotlib.font_manager - findfont: score(FontEntry(fname='C:\\Windows\\Fonts\\bahnschrift.ttf', name='Bahnschrift', style='normal', variant='normal', weight=400, stretch='normal', size='scalable')) = 10.335
16:00:07 [DEBUG   ] matplotlib.font_manager - findfont: score(FontEntry(fname='C:\\Windows\\Fonts\\gadugib.ttf', name='Gadugi', style='normal', variant='normal', weight=700, stretch='normal', size='scalable')) = 10.05
16:00:07 [DEBUG   ] matplotlib.font_manager - findfont: score(FontEntry(fname='C:\\Windows\\Fonts\\BELL.TTF', name='Bell MT', style='normal', variant='normal', weight=400, stretch='normal', size='scalable')) = 10.335
16:00:07 [DEBUG   ] matplotlib.font_manager - findfont: score(FontEntry(fname='C:\\Windows\\Fonts\\FREESCPT.TTF', name='Freestyle Script', style='normal', variant='normal', weight=400, stretch='normal', size='scalable')) = 10.335
16:00:07 [DEBUG   ] matplotlib.font_manager - findfont: score(FontEntry(fname='C:\\Windows\\Fonts\\ROCKBI.TTF', name='Rockwell', style='italic', variant='normal', weight=700, stretch='normal', size='scalable')) = 11.05
16:00:07 [DEBUG   ] matplotlib.font_manager - findfont: score(FontEntry(fname='C:\\Windows\\Fonts\\MAGNETOB.TTF', name='Magneto', style='normal', variant='normal', weight=700, stretch='normal', size='scalable')) = 10.05
16:00:07 [DEBUG   ] matplotlib.font_manager - findfont: score(FontEntry(fname='C:\\Windows\\Fonts\\msjhbd.ttc', name='Microsoft JhengHei', style='normal', variant='normal', weight=700, stretch='normal', size='scalable')) = 10.05
16:00:07 [DEBUG   ] matplotlib.font_manager - findfont: score(FontEntry(fname='C:\\Windows\\Fonts\\palab.ttf', name='Palatino Linotype', style='normal', variant='normal', weight=700, stretch='normal', size='scalable')) = 10.05
16:00:07 [DEBUG   ] matplotlib.font_manager - findfont: score(FontEntry(fname='C:\\Windows\\Fonts\\DUBAI-REGULAR.TTF', name='Dubai', style='normal', variant='normal', weight=400, stretch='normal', size='scalable')) = 10.335
16:00:07 [DEBUG   ] matplotlib.font_manager - findfont: score(FontEntry(fname='C:\\Windows\\Fonts\\msjh.ttc', name='Microsoft JhengHei', style='normal', variant='normal', weight=400, stretch='normal', size='scalable')) = 10.335
16:00:07 [DEBUG   ] matplotlib.font_manager - findfont: score(FontEntry(fname='C:\\Windows\\Fonts\\MAIAN.TTF', name='Maiandra GD', style='normal', variant='normal', weight=400, stretch='normal', size='scalable')) = 10.335
16:00:07 [DEBUG   ] matplotlib.font_manager - findfont: score(FontEntry(fname='C:\\Windows\\Fonts\\FRSCRIPT.TTF', name='French Script MT', style='normal', variant='normal', weight=400, stretch='normal', size='scalable')) = 10.335
16:00:07 [DEBUG   ] matplotlib.font_manager - findfont: score(FontEntry(fname='C:\\Program Files (x86)\\IBM\\SPSS\\Amos\\24\\JRE\\lib\\fonts\\LucidaTypewriterRegular.ttf', name='Lucida Sans Typewriter', style='normal', variant='normal', weight=400, stretch='normal', size='scalable')) = 10.335
16:00:07 [DEBUG   ] matplotlib.font_manager - findfont: score(FontEntry(fname='C:\\Windows\\Fonts\\cambria.ttc', name='Cambria', style='normal', variant='normal', weight=400, stretch='normal', size='scalable')) = 10.335
16:00:07 [DEBUG   ] matplotlib.font_manager - findfont: score(FontEntry(fname='C:\\Windows\\Fonts\\msyhbd.ttc', name='Microsoft YaHei', style='normal', variant='normal', weight=700, stretch='normal', size='scalable')) = 10.05
16:00:07 [DEBUG   ] matplotlib.font_manager - findfont: score(FontEntry(fname='C:\\Windows\\Fonts\\FRADMIT.TTF', name='Franklin Gothic Demi', style='italic', variant='normal', weight=400, stretch='normal', size='scalable')) = 11.335
16:00:07 [DEBUG   ] matplotlib.font_manager - findfont: score(FontEntry(fname='C:\\Windows\\Fonts\\phagspab.ttf', name='Microsoft PhagsPa', style='normal', variant='normal', weight=700, stretch='normal', size='scalable')) = 10.05
16:00:07 [DEBUG   ] matplotlib.font_manager - findfont: score(FontEntry(fname='C:\\Windows\\Fonts\\TCMI____.TTF', name='Tw Cen MT', style='italic', variant='normal', weight=400, stretch='normal', size='scalable')) = 11.335
16:00:07 [DEBUG   ] matplotlib.font_manager - findfont: score(FontEntry(fname='C:\\Windows\\Fonts\\BOD_CBI.TTF', name='Bodoni MT', style='italic', variant='normal', weight=700, stretch='condensed', size='scalable')) = 11.25
16:00:07 [DEBUG   ] matplotlib.font_manager - findfont: score(FontEntry(fname='C:\\Windows\\Fonts\\calibriz.ttf', name='Calibri', style='italic', variant='normal', weight=700, stretch='normal', size='scalable')) = 11.05
16:00:07 [DEBUG   ] matplotlib.font_manager - findfont: score(FontEntry(fname='C:\\Windows\\Fonts\\seguibli.ttf', name='Segoe UI', style='italic', variant='normal', weight=900, stretch='normal', size='scalable')) = 11.24
16:00:07 [DEBUG   ] matplotlib.font_manager - findfont: score(FontEntry(fname='C:\\Windows\\Fonts\\courbd.ttf', name='Courier New', style='normal', variant='normal', weight=700, stretch='normal', size='scalable')) = 10.05
16:00:07 [DEBUG   ] matplotlib.font_manager - findfont: score(FontEntry(fname='C:\\Windows\\Fonts\\BOD_PSTC.TTF', name='Bodoni MT', style='normal', variant='normal', weight=300, stretch='normal', size='scalable')) = 10.43
16:00:07 [DEBUG   ] matplotlib.font_manager - findfont: score(FontEntry(fname='C:\\Windows\\Fonts\\cambriab.ttf', name='Cambria', style='normal', variant='normal', weight=700, stretch='normal', size='scalable')) = 10.05
16:00:07 [DEBUG   ] matplotlib.font_manager - findfont: score(FontEntry(fname='C:\\Windows\\Fonts\\georgiai.ttf', name='Georgia', style='italic', variant='normal', weight=400, stretch='normal', size='scalable')) = 11.335
16:00:07 [DEBUG   ] matplotlib.font_manager - findfont: score(FontEntry(fname='C:\\Windows\\Fonts\\CALIFI.TTF', name='Californian FB', style='italic', variant='normal', weight=400, stretch='normal', size='scalable')) = 11.335
16:00:07 [DEBUG   ] matplotlib.font_manager - findfont: score(FontEntry(fname='C:\\Windows\\Fonts\\mmrtextb.ttf', name='Myanmar Text', style='normal', variant='normal', weight=700, stretch='normal', size='scalable')) = 10.05
16:00:07 [DEBUG   ] matplotlib.font_manager - findfont: score(FontEntry(fname='C:\\Windows\\Fonts\\SCHLBKB.TTF', name='Century Schoolbook', style='normal', variant='normal', weight=700, stretch='normal', size='scalable')) = 10.05
16:00:07 [DEBUG   ] matplotlib.font_manager - findfont: score(FontEntry(fname='C:\\Windows\\Fonts\\OUTLOOK.TTF', name='MS Outlook', style='normal', variant='normal', weight=400, stretch='normal', size='scalable')) = 10.335
16:00:07 [DEBUG   ] matplotlib.font_manager - findfont: score(FontEntry(fname='C:\\Windows\\Fonts\\georgia.ttf', name='Georgia', style='normal', variant='normal', weight=400, stretch='normal', size='scalable')) = 10.335
16:00:07 [DEBUG   ] matplotlib.font_manager - findfont: score(FontEntry(fname='C:\\Windows\\Fonts\\BELLB.TTF', name='Bell MT', style='normal', variant='normal', weight=700, stretch='normal', size='scalable')) = 10.05
16:00:07 [DEBUG   ] matplotlib.font_manager - findfont: score(FontEntry(fname='C:\\Windows\\Fonts\\ERASDEMI.TTF', name='Eras Demi ITC', style='normal', variant='normal', weight=400, stretch='normal', size='scalable')) = 10.335
16:00:07 [DEBUG   ] matplotlib.font_manager - findfont: score(FontEntry(fname='C:\\Windows\\Fonts\\framdit.ttf', name='Franklin Gothic Medium', style='italic', variant='normal', weight=400, stretch='normal', size='scalable')) = 11.335
16:00:07 [DEBUG   ] matplotlib.font_manager - findfont: score(FontEntry(fname='C:\\Windows\\Fonts\\GOUDYSTO.TTF', name='Goudy Stout', style='normal', variant='normal', weight=400, stretch='normal', size='scalable')) = 10.335
16:00:07 [DEBUG   ] matplotlib.font_manager - findfont: score(FontEntry(fname='C:\\Windows\\Fonts\\CALIST.TTF', name='Calisto MT', style='normal', variant='normal', weight=400, stretch='normal', size='scalable')) = 10.335
16:00:07 [DEBUG   ] matplotlib.font_manager - findfont: score(FontEntry(fname='C:\\Program Files (x86)\\IBM\\SPSS\\Amos\\24\\JRE\\lib\\fonts\\LucidaBrightItalic.ttf', name='Lucida Bright', style='italic', variant='normal', weight=400, stretch='normal', size='scalable')) = 11.335
16:00:07 [DEBUG   ] matplotlib.font_manager - findfont: score(FontEntry(fname='C:\\Windows\\Fonts\\CHILLER.TTF', name='Chiller', style='normal', variant='normal', weight=400, stretch='normal', size='scalable')) = 10.335
16:00:07 [DEBUG   ] matplotlib.font_manager - findfont: score(FontEntry(fname='C:\\Windows\\Fonts\\ZWAdobeF.TTF', name='ZWAdobeF', style='normal', variant='normal', weight=400, stretch='normal', size='scalable')) = 10.335
16:00:07 [DEBUG   ] matplotlib.font_manager - findfont: score(FontEntry(fname='C:\\Windows\\Fonts\\monbaiti.ttf', name='Mongolian Baiti', style='normal', variant='normal', weight=400, stretch='normal', size='scalable')) = 10.335
16:00:07 [DEBUG   ] matplotlib.font_manager - findfont: score(FontEntry(fname='C:\\Windows\\Fonts\\GILI____.TTF', name='Gill Sans MT', style='italic', variant='normal', weight=400, stretch='normal', size='scalable')) = 11.335
16:00:07 [DEBUG   ] matplotlib.font_manager - findfont: score(FontEntry(fname='C:\\Windows\\Fonts\\SCHLBKI.TTF', name='Century Schoolbook', style='italic', variant='normal', weight=400, stretch='normal', size='scalable')) = 11.335
16:00:07 [DEBUG   ] matplotlib.font_manager - findfont: score(FontEntry(fname='C:\\Windows\\Fonts\\BRUSHSCI.TTF', name='Brush Script MT', style='italic', variant='normal', weight=400, stretch='normal', size='scalable')) = 11.335
16:00:07 [DEBUG   ] matplotlib.font_manager - findfont: score(FontEntry(fname='C:\\Windows\\Fonts\\georgiaz.ttf', name='Georgia', style='italic', variant='normal', weight=700, stretch='normal', size='scalable')) = 11.05
16:00:07 [DEBUG   ] matplotlib.font_manager - findfont: score(FontEntry(fname='C:\\Windows\\Fonts\\corbelz.ttf', name='Corbel', style='italic', variant='normal', weight=700, stretch='normal', size='scalable')) = 11.05
16:00:07 [DEBUG   ] matplotlib.font_manager - findfont: score(FontEntry(fname='C:\\Windows\\Fonts\\INFROMAN.TTF', name='Informal Roman', style='normal', variant='normal', weight=400, stretch='normal', size='scalable')) = 10.335
16:00:07 [DEBUG   ] matplotlib.font_manager - findfont: score(FontEntry(fname='C:\\Windows\\Fonts\\Candarab.ttf', name='Candara', style='normal', variant='normal', weight=700, stretch='normal', size='scalable')) = 10.05
16:00:07 [DEBUG   ] matplotlib.font_manager - findfont: score(FontEntry(fname='C:\\Windows\\Fonts\\FRAHVIT.TTF', name='Franklin Gothic Heavy', style='italic', variant='normal', weight=400, stretch='normal', size='scalable')) = 11.335
16:00:07 [DEBUG   ] matplotlib.font_manager - findfont: score(FontEntry(fname='C:\\Windows\\Fonts\\Candaral.ttf', name='Candara', style='normal', variant='normal', weight=400, stretch='normal', size='scalable')) = 10.335
16:00:07 [DEBUG   ] matplotlib.font_manager - findfont: score(FontEntry(fname='C:\\Windows\\Fonts\\ITCKRIST.TTF', name='Kristen ITC', style='normal', variant='normal', weight=400, stretch='normal', size='scalable')) = 10.335
16:00:07 [DEBUG   ] matplotlib.font_manager - findfont: score(FontEntry(fname='C:\\Windows\\Fonts\\ENGR.TTF', name='Engravers MT', style='normal', variant='normal', weight=500, stretch='normal', size='scalable')) = 10.24
16:00:07 [DEBUG   ] matplotlib.font_manager - findfont: score(FontEntry(fname='C:\\Windows\\Fonts\\ITCBLKAD.TTF', name='Blackadder ITC', style='normal', variant='normal', weight=400, stretch='normal', size='scalable')) = 10.335
16:00:07 [DEBUG   ] matplotlib.font_manager - findfont: score(FontEntry(fname='C:\\Windows\\Fonts\\seguisbi.ttf', name='Segoe UI', style='italic', variant='normal', weight=600, stretch='normal', size='scalable')) = 11.145
16:00:07 [DEBUG   ] matplotlib.font_manager - findfont: score(FontEntry(fname='C:\\Windows\\Fonts\\GLSNECB.TTF', name='Gill Sans MT Ext Condensed Bold', style='normal', variant='normal', weight=400, stretch='condensed', size='scalable')) = 10.535
16:00:07 [DEBUG   ] matplotlib.font_manager - findfont: score(FontEntry(fname='C:\\Windows\\Fonts\\VIVALDII.TTF', name='Vivaldi', style='italic', variant='normal', weight=400, stretch='normal', size='scalable')) = 11.335
16:00:07 [DEBUG   ] matplotlib.font_manager - findfont: score(FontEntry(fname='C:\\Windows\\Fonts\\SegUIVar.ttf', name='Segoe UI Variable', style='normal', variant='normal', weight=400, stretch='normal', size='scalable')) = 10.335
16:00:07 [DEBUG   ] matplotlib.font_manager - findfont: score(FontEntry(fname='C:\\Windows\\Fonts\\LFAXDI.TTF', name='Lucida Fax', style='italic', variant='normal', weight=600, stretch='normal', size='scalable')) = 11.145
16:00:07 [DEBUG   ] matplotlib.font_manager - findfont: score(FontEntry(fname='C:\\Windows\\Fonts\\CALIFB.TTF', name='Californian FB', style='normal', variant='normal', weight=700, stretch='normal', size='scalable')) = 10.05
16:00:07 [DEBUG   ] matplotlib.font_manager - findfont: score(FontEntry(fname='C:\\Windows\\Fonts\\segmdl2.ttf', name='Segoe MDL2 Assets', style='normal', variant='normal', weight=400, stretch='normal', size='scalable')) = 10.335
16:00:07 [DEBUG   ] matplotlib.font_manager - findfont: score(FontEntry(fname='C:\\Windows\\Fonts\\LBRITE.TTF', name='Lucida Bright', style='normal', variant='normal', weight=400, stretch='normal', size='scalable')) = 10.335
16:00:07 [DEBUG   ] matplotlib.font_manager - findfont: score(FontEntry(fname='C:\\Windows\\Fonts\\AGENCYR.TTF', name='Agency FB', style='normal', variant='normal', weight=400, stretch='normal', size='scalable')) = 10.335
16:00:07 [DEBUG   ] matplotlib.font_manager - findfont: score(FontEntry(fname='C:\\Windows\\Fonts\\CURLZ___.TTF', name='Curlz MT', style='normal', variant='normal', weight=400, stretch='normal', size='scalable')) = 10.335
16:00:07 [DEBUG   ] matplotlib.font_manager - findfont: score(FontEntry(fname='C:\\Windows\\Fonts\\trebucit.ttf', name='Trebuchet MS', style='italic', variant='normal', weight=400, stretch='normal', size='scalable')) = 11.335
16:00:07 [DEBUG   ] matplotlib.font_manager - findfont: score(FontEntry(fname='C:\\Windows\\Fonts\\seguili.ttf', name='Segoe UI', style='italic', variant='normal', weight=300, stretch='normal', size='scalable')) = 11.43
16:00:07 [DEBUG   ] matplotlib.font_manager - findfont: score(FontEntry(fname='C:\\Windows\\Fonts\\GIGI.TTF', name='Gigi', style='normal', variant='normal', weight=400, stretch='normal', size='scalable')) = 10.335
16:00:07 [DEBUG   ] matplotlib.font_manager - findfont: score(FontEntry(fname='C:\\Windows\\Fonts\\cambriaz.ttf', name='Cambria', style='italic', variant='normal', weight=700, stretch='normal', size='scalable')) = 11.05
16:00:07 [DEBUG   ] matplotlib.font_manager - findfont: score(FontEntry(fname='C:\\Windows\\Fonts\\corbelli.ttf', name='Corbel', style='italic', variant='normal', weight=300, stretch='normal', size='scalable')) = 11.43
16:00:07 [DEBUG   ] matplotlib.font_manager - findfont: score(FontEntry(fname='C:\\Windows\\Fonts\\calibrili.ttf', name='Calibri', style='italic', variant='normal', weight=300, stretch='normal', size='scalable')) = 11.43
16:00:07 [DEBUG   ] matplotlib.font_manager - findfont: score(FontEntry(fname='C:\\Windows\\Fonts\\CENSCBK.TTF', name='Century Schoolbook', style='normal', variant='normal', weight=400, stretch='normal', size='scalable')) = 10.335
16:00:07 [DEBUG   ] matplotlib.font_manager - findfont: score(FontEntry(fname='C:\\Windows\\Fonts\\ariblk.ttf', name='Arial', style='normal', variant='normal', weight=900, stretch='normal', size='scalable')) = 6.6036363636363635
16:00:07 [DEBUG   ] matplotlib.font_manager - findfont: score(FontEntry(fname='C:\\Windows\\Fonts\\SCRIPTBL.TTF', name='Script MT Bold', style='normal', variant='normal', weight=700, stretch='normal', size='scalable')) = 10.05
16:00:07 [DEBUG   ] matplotlib.font_manager - findfont: score(FontEntry(fname='C:\\Windows\\Fonts\\Candaraz.ttf', name='Candara', style='italic', variant='normal', weight=700, stretch='normal', size='scalable')) = 11.05
16:00:07 [DEBUG   ] matplotlib.font_manager - findfont: score(FontEntry(fname='C:\\Windows\\Fonts\\SitkaVF-Italic.ttf', name='Sitka', style='italic', variant='normal', weight=400, stretch='normal', size='scalable')) = 11.335
16:00:07 [DEBUG   ] matplotlib.font_manager - findfont: score(FontEntry(fname='C:\\Windows\\Fonts\\BRLNSDB.TTF', name='Berlin Sans FB Demi', style='normal', variant='normal', weight=700, stretch='normal', size='scalable')) = 10.05
16:00:07 [DEBUG   ] matplotlib.font_manager - findfont: score(FontEntry(fname='C:\\Program Files (x86)\\Adobe\\Acrobat DC\\Resource\\Font\\AdobeDevanagari-Regular.otf', name='Adobe Devanagari', style='normal', variant='normal', weight=400, stretch='normal', size='scalable')) = 10.335
16:00:07 [DEBUG   ] matplotlib.font_manager - findfont: score(FontEntry(fname='C:\\Windows\\Fonts\\trebuc.ttf', name='Trebuchet MS', style='normal', variant='normal', weight=400, stretch='normal', size='scalable')) = 10.335
16:00:07 [DEBUG   ] matplotlib.font_manager - findfont: score(FontEntry(fname='C:\\Windows\\Fonts\\arial.ttf', name='Arial', style='normal', variant='normal', weight=400, stretch='normal', size='scalable')) = 6.698636363636363
16:00:07 [DEBUG   ] matplotlib.font_manager - findfont: score(FontEntry(fname='C:\\Windows\\Fonts\\impact.ttf', name='Impact', style='normal', variant='normal', weight=400, stretch='normal', size='scalable')) = 10.335
16:00:07 [DEBUG   ] matplotlib.font_manager - findfont: score(FontEntry(fname='C:\\Windows\\Fonts\\comicbd.ttf', name='Comic Sans MS', style='normal', variant='normal', weight=700, stretch='normal', size='scalable')) = 10.05
16:00:07 [DEBUG   ] matplotlib.font_manager - findfont: score(FontEntry(fname='C:\\Windows\\Fonts\\FRADM.TTF', name='Franklin Gothic Demi', style='normal', variant='normal', weight=400, stretch='normal', size='scalable')) = 10.335
16:00:07 [DEBUG   ] matplotlib.font_manager - findfont: score(FontEntry(fname='C:\\Windows\\Fonts\\l_10646.ttf', name='Lucida Sans Unicode', style='normal', variant='normal', weight=400, stretch='normal', size='scalable')) = 10.335
16:00:07 [DEBUG   ] matplotlib.font_manager - findfont: score(FontEntry(fname='C:\\Windows\\Fonts\\BOOKOSI.TTF', name='Bookman Old Style', style='italic', variant='normal', weight=300, stretch='normal', size='scalable')) = 11.43
16:00:07 [DEBUG   ] matplotlib.font_manager - findfont: score(FontEntry(fname='C:\\Windows\\Fonts\\LFAX.TTF', name='Lucida Fax', style='normal', variant='normal', weight=400, stretch='normal', size='scalable')) = 10.335
16:00:07 [DEBUG   ] matplotlib.font_manager - findfont: score(FontEntry(fname='C:\\Windows\\Fonts\\SCHLBKBI.TTF', name='Century Schoolbook', style='italic', variant='normal', weight=700, stretch='normal', size='scalable')) = 11.05
16:00:07 [DEBUG   ] matplotlib.font_manager - findfont: score(FontEntry(fname='C:\\Windows\\Fonts\\segoeuii.ttf', name='Segoe UI', style='italic', variant='normal', weight=400, stretch='normal', size='scalable')) = 11.335
16:00:07 [DEBUG   ] matplotlib.font_manager - findfont: score(FontEntry(fname='C:\\Windows\\Fonts\\BOD_B.TTF', name='Bodoni MT', style='normal', variant='normal', weight=700, stretch='normal', size='scalable')) = 10.05
16:00:07 [DEBUG   ] matplotlib.font_manager - findfont: score(FontEntry(fname='C:\\Windows\\Fonts\\BOD_CI.TTF', name='Bodoni MT', style='italic', variant='normal', weight=400, stretch='condensed', size='scalable')) = 11.535
16:00:07 [DEBUG   ] matplotlib.font_manager - findfont: score(FontEntry(fname='C:\\Windows\\Fonts\\FRADMCN.TTF', name='Franklin Gothic Demi Cond', style='normal', variant='normal', weight=400, stretch='condensed', size='scalable')) = 10.535
16:00:07 [DEBUG   ] matplotlib.font_manager - findfont: score(FontEntry(fname='C:\\Windows\\Fonts\\corbell.ttf', name='Corbel', style='normal', variant='normal', weight=300, stretch='normal', size='scalable')) = 10.43
16:00:07 [DEBUG   ] matplotlib.font_manager - findfont: score(FontEntry(fname='C:\\Windows\\Fonts\\segoeuil.ttf', name='Segoe UI', style='normal', variant='normal', weight=300, stretch='normal', size='scalable')) = 10.43
16:00:07 [DEBUG   ] matplotlib.font_manager - findfont: score(FontEntry(fname='C:\\Windows\\Fonts\\consolab.ttf', name='Consolas', style='normal', variant='normal', weight=700, stretch='normal', size='scalable')) = 10.05
16:00:07 [DEBUG   ] matplotlib.font_manager - findfont: score(FontEntry(fname='C:\\Windows\\Fonts\\CALISTI.TTF', name='Calisto MT', style='italic', variant='normal', weight=400, stretch='normal', size='scalable')) = 11.335
16:00:07 [DEBUG   ] matplotlib.font_manager - findfont: score(FontEntry(fname='C:\\Windows\\Fonts\\malgunsl.ttf', name='Malgun Gothic', style='normal', variant='normal', weight=300, stretch='normal', size='scalable')) = 10.43
16:00:07 [DEBUG   ] matplotlib.font_manager - findfont: score(FontEntry(fname='C:\\Windows\\Fonts\\seguihis.ttf', name='Segoe UI Historic', style='normal', variant='normal', weight=400, stretch='normal', size='scalable')) = 10.335
16:00:07 [DEBUG   ] matplotlib.font_manager - findfont: score(FontEntry(fname='C:\\Windows\\Fonts\\ntailub.ttf', name='Microsoft New Tai Lue', style='normal', variant='normal', weight=700, stretch='normal', size='scalable')) = 10.05
16:00:07 [DEBUG   ] matplotlib.font_manager - findfont: score(FontEntry(fname='C:\\Windows\\Fonts\\GILBI___.TTF', name='Gill Sans MT', style='italic', variant='normal', weight=700, stretch='normal', size='scalable')) = 11.05
16:00:07 [DEBUG   ] matplotlib.font_manager - findfont: score(FontEntry(fname='C:\\Windows\\Fonts\\mvboli.ttf', name='MV Boli', style='normal', variant='normal', weight=400, stretch='normal', size='scalable')) = 10.335
16:00:07 [DEBUG   ] matplotlib.font_manager - findfont: score(FontEntry(fname='C:\\Windows\\Fonts\\trebucbi.ttf', name='Trebuchet MS', style='italic', variant='normal', weight=700, stretch='normal', size='scalable')) = 11.05
16:00:07 [DEBUG   ] matplotlib.font_manager - findfont: score(FontEntry(fname='C:\\Windows\\Fonts\\COPRGTB.TTF', name='Copperplate Gothic Bold', style='normal', variant='normal', weight=400, stretch='normal', size='scalable')) = 10.335
16:00:07 [DEBUG   ] matplotlib.font_manager - findfont: score(FontEntry(fname='C:\\Windows\\Fonts\\REFSPCL.TTF', name='MS Reference Specialty', style='normal', variant='normal', weight=400, stretch='normal', size='scalable')) = 10.335
16:00:07 [DEBUG   ] matplotlib.font_manager - findfont: score(FontEntry(fname='C:\\Windows\\Fonts\\LCALLIG.TTF', name='Lucida Calligraphy', style='italic', variant='normal', weight=400, stretch='normal', size='scalable')) = 11.335
16:00:07 [DEBUG   ] matplotlib.font_manager - findfont: score(FontEntry(fname='C:\\Windows\\Fonts\\PLAYBILL.TTF', name='Playbill', style='normal', variant='normal', weight=400, stretch='normal', size='scalable')) = 10.335
16:00:07 [DEBUG   ] matplotlib.font_manager - findfont: score(FontEntry(fname='C:\\Windows\\Fonts\\segoescb.ttf', name='Segoe Script', style='normal', variant='normal', weight=700, stretch='normal', size='scalable')) = 10.05
16:00:07 [DEBUG   ] matplotlib.font_manager - findfont: score(FontEntry(fname='C:\\Windows\\Fonts\\corbelb.ttf', name='Corbel', style='normal', variant='normal', weight=700, stretch='normal', size='scalable')) = 10.05
16:00:07 [DEBUG   ] matplotlib.font_manager - findfont: score(FontEntry(fname='C:\\Windows\\Fonts\\palai.ttf', name='Palatino Linotype', style='italic', variant='normal', weight=400, stretch='normal', size='scalable')) = 11.335
16:00:07 [DEBUG   ] matplotlib.font_manager - findfont: score(FontEntry(fname='C:\\Windows\\Fonts\\phagspa.ttf', name='Microsoft PhagsPa', style='normal', variant='normal', weight=400, stretch='normal', size='scalable')) = 10.335
16:00:07 [DEBUG   ] matplotlib.font_manager - findfont: score(FontEntry(fname='C:\\Windows\\Fonts\\himalaya.ttf', name='Microsoft Himalaya', style='normal', variant='normal', weight=400, stretch='normal', size='scalable')) = 10.335
16:00:07 [DEBUG   ] matplotlib.font_manager - findfont: score(FontEntry(fname='C:\\Windows\\Fonts\\HARNGTON.TTF', name='Harrington', style='normal', variant='normal', weight=400, stretch='normal', size='scalable')) = 10.335
16:00:07 [DEBUG   ] matplotlib.font_manager - findfont: score(FontEntry(fname='C:\\Windows\\Fonts\\ONYX.TTF', name='Onyx', style='normal', variant='normal', weight=400, stretch='normal', size='scalable')) = 10.335
16:00:07 [DEBUG   ] matplotlib.font_manager - findfont: score(FontEntry(fname='C:\\Windows\\Fonts\\CASTELAR.TTF', name='Castellar', style='normal', variant='normal', weight=400, stretch='normal', size='scalable')) = 10.335
16:00:07 [DEBUG   ] matplotlib.font_manager - findfont: score(FontEntry(fname='C:\\Windows\\Fonts\\GOUDOSI.TTF', name='Goudy Old Style', style='italic', variant='normal', weight=400, stretch='normal', size='scalable')) = 11.335
16:00:07 [DEBUG   ] matplotlib.font_manager - findfont: score(FontEntry(fname='C:\\Windows\\Fonts\\ALGER.TTF', name='Algerian', style='normal', variant='normal', weight=400, stretch='normal', size='scalable')) = 10.335
16:00:07 [DEBUG   ] matplotlib.font_manager - findfont: score(FontEntry(fname='C:\\Windows\\Fonts\\segoeui.ttf', name='Segoe UI', style='normal', variant='normal', weight=400, stretch='normal', size='scalable')) = 10.335
16:00:07 [DEBUG   ] matplotlib.font_manager - findfont: score(FontEntry(fname='C:\\Windows\\Fonts\\BRLNSB.TTF', name='Berlin Sans FB', style='normal', variant='normal', weight=700, stretch='normal', size='scalable')) = 10.05
16:00:07 [DEBUG   ] matplotlib.font_manager - findfont: score(FontEntry(fname='C:\\Windows\\Fonts\\javatext.ttf', name='Javanese Text', style='normal', variant='normal', weight=400, stretch='normal', size='scalable')) = 10.335
16:00:07 [DEBUG   ] matplotlib.font_manager - findfont: score(FontEntry(fname='C:\\Windows\\Fonts\\BROADW.TTF', name='Broadway', style='normal', variant='normal', weight=400, stretch='normal', size='scalable')) = 10.335
16:00:07 [DEBUG   ] matplotlib.font_manager - findfont: score(FontEntry(fname='C:\\Windows\\Fonts\\LTYPEO.TTF', name='Lucida Sans Typewriter', style='oblique', variant='normal', weight=400, stretch='normal', size='scalable')) = 11.335
16:00:07 [DEBUG   ] matplotlib.font_manager - findfont: score(FontEntry(fname='C:\\Windows\\Fonts\\ARIALN.TTF', name='Arial', style='normal', variant='normal', weight=400, stretch='condensed', size='scalable')) = 6.8986363636363635
16:00:07 [DEBUG   ] matplotlib.font_manager - findfont: score(FontEntry(fname='C:\\Windows\\Fonts\\comic.ttf', name='Comic Sans MS', style='normal', variant='normal', weight=400, stretch='normal', size='scalable')) = 10.335
16:00:07 [DEBUG   ] matplotlib.font_manager - findfont: score(FontEntry(fname='C:\\Windows\\Fonts\\GARABD.TTF', name='Garamond', style='normal', variant='normal', weight=700, stretch='normal', size='scalable')) = 10.05
16:00:07 [DEBUG   ] matplotlib.font_manager - findfont: score(FontEntry(fname='C:\\Windows\\Fonts\\JOKERMAN.TTF', name='Jokerman', style='normal', variant='normal', weight=400, stretch='normal', size='scalable')) = 10.335
16:00:07 [DEBUG   ] matplotlib.font_manager - findfont: score(FontEntry(fname='C:\\Windows\\Fonts\\CascadiaCode.ttf', name='Cascadia Code', style='normal', variant='normal', weight=400, stretch='normal', size='scalable')) = 10.335
16:00:07 [DEBUG   ] matplotlib.font_manager - findfont: score(FontEntry(fname='C:\\Windows\\Fonts\\VLADIMIR.TTF', name='Vladimir Script', style='normal', variant='normal', weight=400, stretch='normal', size='scalable')) = 10.335
16:00:07 [DEBUG   ] matplotlib.font_manager - findfont: score(FontEntry(fname='C:\\Windows\\Fonts\\GILB____.TTF', name='Gill Sans MT', style='normal', variant='normal', weight=700, stretch='normal', size='scalable')) = 10.05
16:00:07 [DEBUG   ] matplotlib.font_manager - findfont: score(FontEntry(fname='C:\\Windows\\Fonts\\palabi.ttf', name='Palatino Linotype', style='italic', variant='normal', weight=700, stretch='normal', size='scalable')) = 11.05
16:00:07 [DEBUG   ] matplotlib.font_manager - findfont: score(FontEntry(fname='C:\\Windows\\Fonts\\BOD_CB.TTF', name='Bodoni MT', style='normal', variant='normal', weight=700, stretch='condensed', size='scalable')) = 10.25
16:00:07 [DEBUG   ] matplotlib.font_manager - findfont: score(FontEntry(fname='C:\\Windows\\Fonts\\GARAIT.TTF', name='Garamond', style='italic', variant='normal', weight=400, stretch='normal', size='scalable')) = 11.335
16:00:07 [DEBUG   ] matplotlib.font_manager - findfont: score(FontEntry(fname='C:\\Windows\\Fonts\\FRAHV.TTF', name='Franklin Gothic Heavy', style='normal', variant='normal', weight=400, stretch='normal', size='scalable')) = 10.335
16:00:07 [DEBUG   ] matplotlib.font_manager - findfont: score(FontEntry(fname='C:\\Windows\\Fonts\\BOD_BI.TTF', name='Bodoni MT', style='italic', variant='normal', weight=700, stretch='normal', size='scalable')) = 11.05
16:00:07 [DEBUG   ] matplotlib.font_manager - findfont: score(FontEntry(fname='C:\\Windows\\Fonts\\Candara.ttf', name='Candara', style='normal', variant='normal', weight=400, stretch='normal', size='scalable')) = 10.335
16:00:07 [DEBUG   ] matplotlib.font_manager - findfont: score(FontEntry(fname='C:\\Windows\\Fonts\\BERNHC.TTF', name='Bernard MT Condensed', style='normal', variant='normal', weight=400, stretch='condensed', size='scalable')) = 10.535
16:00:07 [DEBUG   ] matplotlib.font_manager - findfont: score(FontEntry(fname='C:\\Windows\\Fonts\\ERASBD.TTF', name='Eras Bold ITC', style='normal', variant='normal', weight=400, stretch='normal', size='scalable')) = 10.335
16:00:07 [DEBUG   ] matplotlib.font_manager - findfont: score(FontEntry(fname='C:\\Windows\\Fonts\\YuGothL.ttc', name='Yu Gothic', style='normal', variant='normal', weight=300, stretch='normal', size='scalable')) = 10.43
16:00:07 [DEBUG   ] matplotlib.font_manager - findfont: score(FontEntry(fname='C:\\Windows\\Fonts\\MATURASC.TTF', name='Matura MT Script Capitals', style='normal', variant='normal', weight=400, stretch='normal', size='scalable')) = 10.335
16:00:07 [DEBUG   ] matplotlib.font_manager - findfont: score(FontEntry(fname='C:\\Windows\\Fonts\\PALSCRI.TTF', name='Palace Script MT', style='normal', variant='normal', weight=400, stretch='normal', size='scalable')) = 10.335
16:00:07 [DEBUG   ] matplotlib.font_manager - findfont: score(FontEntry(fname='C:\\Windows\\Fonts\\GIL_____.TTF', name='Gill Sans MT', style='normal', variant='normal', weight=400, stretch='normal', size='scalable')) = 10.335
16:00:07 [DEBUG   ] matplotlib.font_manager - findfont: score(FontEntry(fname='C:\\Program Files (x86)\\IBM\\SPSS\\Amos\\24\\JRE\\lib\\fonts\\LucidaBrightRegular.ttf', name='Lucida Bright', style='normal', variant='normal', weight=400, stretch='normal', size='scalable')) = 10.335
16:00:07 [DEBUG   ] matplotlib.font_manager - findfont: score(FontEntry(fname='C:\\Windows\\Fonts\\LeelaUIb.ttf', name='Leelawadee UI', style='normal', variant='normal', weight=700, stretch='normal', size='scalable')) = 10.05
16:00:07 [DEBUG   ] matplotlib.font_manager - findfont: score(FontEntry(fname='C:\\Windows\\Fonts\\HTOWERT.TTF', name='High Tower Text', style='normal', variant='normal', weight=400, stretch='normal', size='scalable')) = 10.335
16:00:07 [DEBUG   ] matplotlib.font_manager - findfont: score(FontEntry(fname='C:\\Windows\\Fonts\\LTYPEBO.TTF', name='Lucida Sans Typewriter', style='oblique', variant='normal', weight=600, stretch='normal', size='scalable')) = 11.145
16:00:07 [DEBUG   ] matplotlib.font_manager - findfont: score(FontEntry(fname='C:\\Windows\\Fonts\\micross.ttf', name='Microsoft Sans Serif', style='normal', variant='normal', weight=400, stretch='normal', size='scalable')) = 10.335
16:00:07 [DEBUG   ] matplotlib.font_manager - findfont: score(FontEntry(fname='C:\\Windows\\Fonts\\TCM_____.TTF', name='Tw Cen MT', style='normal', variant='normal', weight=400, stretch='normal', size='scalable')) = 10.335
16:00:07 [DEBUG   ] matplotlib.font_manager - findfont: score(FontEntry(fname='C:\\Windows\\Fonts\\BOOKOSB.TTF', name='Bookman Old Style', style='normal', variant='normal', weight=600, stretch='normal', size='scalable')) = 10.145
16:00:07 [DEBUG   ] matplotlib.font_manager - findfont: score(FontEntry(fname='C:\\Windows\\Fonts\\consola.ttf', name='Consolas', style='normal', variant='normal', weight=400, stretch='normal', size='scalable')) = 10.335
16:00:07 [DEBUG   ] matplotlib.font_manager - findfont: score(FontEntry(fname='C:\\Windows\\Fonts\\ERASMD.TTF', name='Eras Medium ITC', style='normal', variant='normal', weight=400, stretch='normal', size='scalable')) = 10.335
16:00:07 [DEBUG   ] matplotlib.font_manager - findfont: score(FontEntry(fname='C:\\Windows\\Fonts\\BOD_BLAI.TTF', name='Bodoni MT', style='italic', variant='normal', weight=900, stretch='normal', size='scalable')) = 11.24
16:00:07 [DEBUG   ] matplotlib.font_manager - findfont: score(FontEntry(fname='C:\\Windows\\Fonts\\couri.ttf', name='Courier New', style='italic', variant='normal', weight=400, stretch='normal', size='scalable')) = 11.335
16:00:07 [DEBUG   ] matplotlib.font_manager - findfont: score(FontEntry(fname='C:\\Windows\\Fonts\\calibrib.ttf', name='Calibri', style='normal', variant='normal', weight=700, stretch='normal', size='scalable')) = 10.05
16:00:07 [DEBUG   ] matplotlib.font_manager - findfont: score(FontEntry(fname='C:\\Windows\\Fonts\\segoeuib.ttf', name='Segoe UI', style='normal', variant='normal', weight=700, stretch='normal', size='scalable')) = 10.05
16:00:07 [DEBUG   ] matplotlib.font_manager - findfont: score(FontEntry(fname='C:\\Windows\\Fonts\\HTOWERTI.TTF', name='High Tower Text', style='italic', variant='normal', weight=400, stretch='normal', size='scalable')) = 11.335
16:00:07 [DEBUG   ] matplotlib.font_manager - findfont: score(FontEntry(fname='C:\\Windows\\Fonts\\seguiemj.ttf', name='Segoe UI Emoji', style='normal', variant='normal', weight=400, stretch='normal', size='scalable')) = 10.335
16:00:07 [DEBUG   ] matplotlib.font_manager - findfont: score(FontEntry(fname='C:\\Windows\\Fonts\\ROCC____.TTF', name='Rockwell Condensed', style='normal', variant='normal', weight=400, stretch='condensed', size='scalable')) = 10.535
16:00:07 [DEBUG   ] matplotlib.font_manager - findfont: score(FontEntry(fname='C:\\Windows\\Fonts\\LeelawUI.ttf', name='Leelawadee UI', style='normal', variant='normal', weight=400, stretch='normal', size='scalable')) = 10.335
16:00:07 [DEBUG   ] matplotlib.font_manager - findfont: score(FontEntry(fname='C:\\Windows\\Fonts\\TEMPSITC.TTF', name='Tempus Sans ITC', style='normal', variant='normal', weight=400, stretch='normal', size='scalable')) = 10.335
16:00:07 [DEBUG   ] matplotlib.font_manager - findfont: score(FontEntry(fname='C:\\Windows\\Fonts\\tahomabd.ttf', name='Tahoma', style='normal', variant='normal', weight=700, stretch='normal', size='scalable')) = 10.05
16:00:07 [DEBUG   ] matplotlib.font_manager - findfont: score(FontEntry(fname='C:\\Windows\\Fonts\\comici.ttf', name='Comic Sans MS', style='italic', variant='normal', weight=400, stretch='normal', size='scalable')) = 11.335
16:00:07 [DEBUG   ] matplotlib.font_manager - findfont: score(FontEntry(fname='C:\\Windows\\Fonts\\YuGothR.ttc', name='Yu Gothic', style='normal', variant='normal', weight=400, stretch='normal', size='scalable')) = 10.335
16:00:07 [DEBUG   ] matplotlib.font_manager - findfont: score(FontEntry(fname='C:\\Windows\\Fonts\\PERB____.TTF', name='Perpetua', style='normal', variant='normal', weight=700, stretch='normal', size='scalable')) = 10.05
16:00:07 [DEBUG   ] matplotlib.font_manager - findfont: score(FontEntry(fname='C:\\Windows\\Fonts\\BSSYM7.TTF', name='Bookshelf Symbol 7', style='normal', variant='normal', weight=400, stretch='normal', size='scalable')) = 10.335
16:00:07 [DEBUG   ] matplotlib.font_manager - findfont: score(FontEntry(fname='C:\\Windows\\Fonts\\PERI____.TTF', name='Perpetua', style='italic', variant='normal', weight=400, stretch='normal', size='scalable')) = 11.335
16:00:07 [DEBUG   ] matplotlib.font_manager - findfont: score(FontEntry(fname='C:\\Windows\\Fonts\\segoeprb.ttf', name='Segoe Print', style='normal', variant='normal', weight=700, stretch='normal', size='scalable')) = 10.05
16:00:07 [DEBUG   ] matplotlib.font_manager - findfont: score(FontEntry(fname='C:\\Windows\\Fonts\\DUBAI-LIGHT.TTF', name='Dubai', style='normal', variant='normal', weight=300, stretch='normal', size='scalable')) = 10.43
16:00:07 [DEBUG   ] matplotlib.font_manager - findfont: score(FontEntry(fname='C:\\Windows\\Fonts\\LFAXI.TTF', name='Lucida Fax', style='italic', variant='normal', weight=400, stretch='normal', size='scalable')) = 11.335
16:00:07 [DEBUG   ] matplotlib.font_manager - findfont: score(FontEntry(fname='C:\\Windows\\Fonts\\Candarai.ttf', name='Candara', style='italic', variant='normal', weight=400, stretch='normal', size='scalable')) = 11.335
16:00:07 [DEBUG   ] matplotlib.font_manager - findfont: score(FontEntry(fname='C:\\Windows\\Fonts\\CALISTB.TTF', name='Calisto MT', style='normal', variant='normal', weight=700, stretch='normal', size='scalable')) = 10.05
16:00:07 [DEBUG   ] matplotlib.font_manager - findfont: score(FontEntry(fname='C:\\Windows\\Fonts\\Nirmala.ttc', name='Nirmala UI', style='normal', variant='normal', weight=400, stretch='normal', size='scalable')) = 10.335
16:00:07 [DEBUG   ] matplotlib.font_manager - findfont: score(FontEntry(fname='C:\\Windows\\Fonts\\FTLTLT.TTF', name='Footlight MT Light', style='normal', variant='normal', weight=300, stretch='normal', size='scalable')) = 10.43
16:00:07 [DEBUG   ] matplotlib.font_manager - findfont: score(FontEntry(fname='C:\\Windows\\Fonts\\Candarali.ttf', name='Candara', style='italic', variant='normal', weight=400, stretch='normal', size='scalable')) = 11.335
16:00:07 [DEBUG   ] matplotlib.font_manager - findfont: score(FontEntry(fname='C:\\Windows\\Fonts\\lucon.ttf', name='Lucida Console', style='normal', variant='normal', weight=400, stretch='normal', size='scalable')) = 10.335
16:00:07 [DEBUG   ] matplotlib.font_manager - findfont: score(FontEntry(fname='C:\\Windows\\Fonts\\FORTE.TTF', name='Forte', style='normal', variant='normal', weight=400, stretch='normal', size='scalable')) = 10.335
16:00:07 [DEBUG   ] matplotlib.font_manager - findfont: score(FontEntry(fname='C:\\Windows\\Fonts\\BELLI.TTF', name='Bell MT', style='italic', variant='normal', weight=400, stretch='normal', size='scalable')) = 11.335
16:00:07 [DEBUG   ] matplotlib.font_manager - findfont: score(FontEntry(fname='C:\\Windows\\Fonts\\ARIALNI.TTF', name='Arial', style='italic', variant='normal', weight=400, stretch='condensed', size='scalable')) = 7.8986363636363635
16:00:07 [DEBUG   ] matplotlib.font_manager - findfont: score(FontEntry(fname='C:\\Program Files (x86)\\IBM\\SPSS\\Amos\\24\\JRE\\lib\\fonts\\LucidaTypewriterBold.ttf', name='Lucida Sans Typewriter', style='normal', variant='normal', weight=700, stretch='normal', size='scalable')) = 10.05
16:00:07 [DEBUG   ] matplotlib.font_manager - findfont: score(FontEntry(fname='C:\\Windows\\Fonts\\ROCCB___.TTF', name='Rockwell Condensed', style='normal', variant='normal', weight=700, stretch='condensed', size='scalable')) = 10.25
16:00:07 [DEBUG   ] matplotlib.font_manager - findfont: score(FontEntry(fname='C:\\Windows\\Fonts\\ROCKI.TTF', name='Rockwell', style='italic', variant='normal', weight=400, stretch='normal', size='scalable')) = 11.335
16:00:07 [DEBUG   ] matplotlib.font_manager - findfont: score(FontEntry(fname='C:\\Windows\\Fonts\\ROCKEB.TTF', name='Rockwell Extra Bold', style='normal', variant='normal', weight=800, stretch='normal', size='scalable')) = 10.145
16:00:07 [DEBUG   ] matplotlib.font_manager - findfont: score(FontEntry(fname='C:\\Windows\\Fonts\\FELIXTI.TTF', name='Felix Titling', style='normal', variant='normal', weight=400, stretch='normal', size='scalable')) = 10.335
16:00:07 [DEBUG   ] matplotlib.font_manager - findfont: score(FontEntry(fname='C:\\Windows\\Fonts\\msgothic.ttc', name='MS Gothic', style='normal', variant='normal', weight=400, stretch='normal', size='scalable')) = 10.335
16:00:07 [DEBUG   ] matplotlib.font_manager - findfont: score(FontEntry(fname='C:\\Windows\\Fonts\\BOD_I.TTF', name='Bodoni MT', style='italic', variant='normal', weight=400, stretch='normal', size='scalable')) = 11.335
16:00:07 [DEBUG   ] matplotlib.font_manager - findfont: score(FontEntry(fname='C:\\Windows\\Fonts\\ROCK.TTF', name='Rockwell', style='normal', variant='normal', weight=400, stretch='normal', size='scalable')) = 10.335
16:00:07 [DEBUG   ] matplotlib.font_manager - findfont: score(FontEntry(fname='C:\\Program Files (x86)\\Adobe\\Acrobat DC\\Resource\\Font\\AdobeDevanagari-Bold.otf', name='Adobe Devanagari', style='normal', variant='normal', weight=700, stretch='normal', size='scalable')) = 10.05
16:00:07 [DEBUG   ] matplotlib.font_manager - findfont: score(FontEntry(fname='C:\\Windows\\Fonts\\PER_____.TTF', name='Perpetua', style='normal', variant='normal', weight=400, stretch='normal', size='scalable')) = 10.335
16:00:07 [DEBUG   ] matplotlib.font_manager - findfont: score(FontEntry(fname='C:\\Windows\\Fonts\\wingding.ttf', name='Wingdings', style='normal', variant='normal', weight=400, stretch='normal', size='scalable')) = 10.335
16:00:07 [DEBUG   ] matplotlib.font_manager - findfont: score(FontEntry(fname='C:\\Windows\\Fonts\\ITCEDSCR.TTF', name='Edwardian Script ITC', style='normal', variant='normal', weight=400, stretch='normal', size='scalable')) = 10.335
16:00:07 [DEBUG   ] matplotlib.font_manager - findfont: score(FontEntry(fname='C:\\Windows\\Fonts\\YuGothM.ttc', name='Yu Gothic', style='normal', variant='normal', weight=500, stretch='normal', size='scalable')) = 10.24
16:00:07 [DEBUG   ] matplotlib.font_manager - findfont: score(FontEntry(fname='C:\\Windows\\Fonts\\SNAP____.TTF', name='Snap ITC', style='normal', variant='normal', weight=400, stretch='normal', size='scalable')) = 10.335
16:00:07 [DEBUG   ] matplotlib.font_manager - findfont: score(FontEntry(fname='C:\\Windows\\Fonts\\ELEPHNTI.TTF', name='Elephant', style='italic', variant='normal', weight=400, stretch='normal', size='scalable')) = 11.335
16:00:07 [DEBUG   ] matplotlib.font_manager - findfont: score(FontEntry(fname='C:\\Windows\\Fonts\\GILC____.TTF', name='Gill Sans MT Condensed', style='normal', variant='normal', weight=400, stretch='condensed', size='scalable')) = 10.535
16:00:07 [DEBUG   ] matplotlib.font_manager - findfont: score(FontEntry(fname='C:\\Windows\\Fonts\\BOD_R.TTF', name='Bodoni MT', style='normal', variant='normal', weight=400, stretch='normal', size='scalable')) = 10.335
16:00:07 [DEBUG   ] matplotlib.font_manager - findfont: score(FontEntry(fname='C:\\Windows\\Fonts\\NIAGSOL.TTF', name='Niagara Solid', style='normal', variant='normal', weight=400, stretch='normal', size='scalable')) = 10.335
16:00:07 [DEBUG   ] matplotlib.font_manager - findfont: score(FontEntry(fname='C:\\Windows\\Fonts\\DUBAI-BOLD.TTF', name='Dubai', style='normal', variant='normal', weight=700, stretch='normal', size='scalable')) = 10.05
16:00:07 [DEBUG   ] matplotlib.font_manager - findfont: score(FontEntry(fname='C:\\Windows\\Fonts\\corbeli.ttf', name='Corbel', style='italic', variant='normal', weight=400, stretch='normal', size='scalable')) = 11.335
16:00:07 [DEBUG   ] matplotlib.font_manager - findfont: score(FontEntry(fname='C:\\Windows\\Fonts\\sylfaen.ttf', name='Sylfaen', style='normal', variant='normal', weight=400, stretch='normal', size='scalable')) = 10.335
16:00:07 [DEBUG   ] matplotlib.font_manager - findfont: score(FontEntry(fname='C:\\Windows\\Fonts\\georgiab.ttf', name='Georgia', style='normal', variant='normal', weight=700, stretch='normal', size='scalable')) = 10.05
16:00:07 [DEBUG   ] matplotlib.font_manager - findfont: score(FontEntry(fname='C:\\Windows\\Fonts\\COPRGTL.TTF', name='Copperplate Gothic Light', style='normal', variant='normal', weight=400, stretch='normal', size='scalable')) = 10.335
16:00:07 [DEBUG   ] matplotlib.font_manager - findfont: score(FontEntry(fname='C:\\Windows\\Fonts\\pala.ttf', name='Palatino Linotype', style='normal', variant='normal', weight=400, stretch='normal', size='scalable')) = 10.335
16:00:07 [DEBUG   ] matplotlib.font_manager - findfont: score(FontEntry(fname='C:\\Windows\\Fonts\\MTCORSVA.TTF', name='Monotype Corsiva', style='normal', variant='normal', weight=400, stretch='normal', size='scalable')) = 10.335
16:00:07 [DEBUG   ] matplotlib.font_manager - findfont: score(FontEntry(fname='C:\\Windows\\Fonts\\msyi.ttf', name='Microsoft Yi Baiti', style='normal', variant='normal', weight=400, stretch='normal', size='scalable')) = 10.335
16:00:07 [DEBUG   ] matplotlib.font_manager - findfont: score(FontEntry(fname='C:\\Windows\\Fonts\\arialbd.ttf', name='Arial', style='normal', variant='normal', weight=700, stretch='normal', size='scalable')) = 6.413636363636363
16:00:07 [DEBUG   ] matplotlib.font_manager - findfont: score(FontEntry(fname='C:\\Windows\\Fonts\\LSANSDI.TTF', name='Lucida Sans', style='italic', variant='normal', weight=600, stretch='normal', size='scalable')) = 11.145
16:00:07 [DEBUG   ] matplotlib.font_manager - findfont: score(FontEntry(fname='C:\\Windows\\Fonts\\SitkaVF.ttf', name='Sitka', style='normal', variant='normal', weight=400, stretch='normal', size='scalable')) = 10.335
16:00:07 [DEBUG   ] matplotlib.font_manager - findfont: score(FontEntry(fname='C:\\Windows\\Fonts\\PERTILI.TTF', name='Perpetua Titling MT', style='normal', variant='normal', weight=300, stretch='normal', size='scalable')) = 10.43
16:00:07 [DEBUG   ] matplotlib.font_manager - findfont: score(FontEntry(fname='C:\\Windows\\Fonts\\times.ttf', name='Times New Roman', style='normal', variant='normal', weight=400, stretch='normal', size='scalable')) = 10.335
16:00:07 [DEBUG   ] matplotlib.font_manager - findfont: score(FontEntry(fname='C:\\Windows\\Fonts\\ARIALNBI.TTF', name='Arial', style='italic', variant='normal', weight=700, stretch='condensed', size='scalable')) = 7.613636363636363
16:00:07 [DEBUG   ] matplotlib.font_manager - findfont: score(FontEntry(fname='C:\\Windows\\Fonts\\POORICH.TTF', name='Poor Richard', style='normal', variant='normal', weight=400, stretch='normal', size='scalable')) = 10.335
16:00:07 [DEBUG   ] matplotlib.font_manager - findfont: score(FontEntry(fname='C:\\Windows\\Fonts\\calibrii.ttf', name='Calibri', style='italic', variant='normal', weight=400, stretch='normal', size='scalable')) = 11.335
16:00:07 [DEBUG   ] matplotlib.font_manager - findfont: score(FontEntry(fname='C:\\Windows\\Fonts\\ARLRDBD.TTF', name='Arial Rounded MT Bold', style='normal', variant='normal', weight=400, stretch='normal', size='scalable')) = 10.335
16:00:07 [DEBUG   ] matplotlib.font_manager - findfont: score(FontEntry(fname='C:\\Windows\\Fonts\\AGENCYB.TTF', name='Agency FB', style='normal', variant='normal', weight=700, stretch='normal', size='scalable')) = 10.05
16:00:07 [DEBUG   ] matplotlib.font_manager - findfont: score(FontEntry(fname='C:\\Windows\\Fonts\\seguisli.ttf', name='Segoe UI', style='italic', variant='normal', weight=350, stretch='normal', size='scalable')) = 11.3825
16:00:07 [DEBUG   ] matplotlib.font_manager - findfont: score(FontEntry(fname='C:\\Windows\\Fonts\\TCB_____.TTF', name='Tw Cen MT', style='normal', variant='normal', weight=700, stretch='normal', size='scalable')) = 10.05
16:00:07 [DEBUG   ] matplotlib.font_manager - findfont: score(FontEntry(fname='C:\\Windows\\Fonts\\CascadiaMono.ttf', name='Cascadia Mono', style='normal', variant='normal', weight=400, stretch='normal', size='scalable')) = 10.335
16:00:07 [DEBUG   ] matplotlib.font_manager - findfont: score(FontEntry(fname='C:\\Windows\\Fonts\\JUICE___.TTF', name='Juice ITC', style='normal', variant='normal', weight=400, stretch='normal', size='scalable')) = 10.335
16:00:07 [DEBUG   ] matplotlib.font_manager - findfont: score(FontEntry(fname='C:\\Windows\\Fonts\\REFSAN.TTF', name='MS Reference Sans Serif', style='normal', variant='normal', weight=400, stretch='normal', size='scalable')) = 10.335
16:00:07 [DEBUG   ] matplotlib.font_manager - findfont: Matching sans\-serif:style=normal:variant=normal:weight=bold:stretch=normal:size=12.0 to DejaVu Sans ('C:\\Users\\DELL\\AppData\\Local\\Programs\\Python\\Python314\\Lib\\site-packages\\matplotlib\\mpl-data\\fonts\\ttf\\DejaVuSans-Bold.ttf') with score of 0.050000.
16:00:07 [INFO    ] MAIN         - [PHASE 4] Comparative plots saved
16:00:07 [INFO    ] MAIN         - 
[PHASE 5] Generating Research Report
16:00:07 [INFO    ] REPORT       - [REPORT] -> C:\Users\DELL\Documents\Storage\Github\NCKH\output_v7\RESEARCH_REPORT_v7.md
16:00:07 [INFO    ] MAIN         - [JSON] -> C:\Users\DELL\Documents\Storage\Github\NCKH\output_v7\summary_v7.json
16:00:07 [INFO    ] MAIN         - 
==========================================================================
16:00:07 [INFO    ] MAIN         -   PIPELINE v7 COMPLETE
16:00:07 [INFO    ] MAIN         -   ----------------------------------------------------------------------
16:00:07 [INFO    ] MAIN         -   ISO       R2   adj-R2     DW    rho  BT-ratio   ME@mean     JN%       FC_Q3
16:00:07 [INFO    ] MAIN         -   ----------------------------------------------------------------------
16:00:07 [INFO    ] MAIN         -   VN    0.8529   0.8161 1.8163 0.0884     9.552   +5.8838   26.38       4.30%
16:00:07 [INFO    ] MAIN         -   US    0.6591   0.5553 2.0321 -0.1504     2.247  -12.8506   16.26      -0.37%
16:00:07 [INFO    ] MAIN         -   CN    0.5394   0.3993 1.9870 -0.2890     3.036   -1.8906    28.1       4.64%
16:00:07 [INFO    ] MAIN         -   ----------------------------------------------------------------------
16:00:07 [INFO    ] MAIN         -   Report: C:\Users\DELL\Documents\Storage\Github\NCKH\output_v7\RESEARCH_REPORT_v7.md
16:00:07 [INFO    ] MAIN         -   JSON:   C:\Users\DELL\Documents\Storage\Github\NCKH\output_v7\summary_v7.json
16:00:07 [INFO    ] MAIN         -   Output: C:\Users\DELL\Documents\Storage\Github\NCKH\output_v7/
16:00:07 [INFO    ] MAIN         - ==========================================================================
